{
"type": "FeatureCollection",
"name": "Dorogi",
"crs": { "type": "name", "properties": { "name": "urn:ogc:def:crs:OGC:1.3:CRS84" } },
"features": [
{ "type": "Feature", "properties": { "highway": "primary", "surface": "asphalt", "ref": "Р-256", "name": "Бийская улица", "Класс": "Главные" }, "geometry": { "type": "MultiLineString", "coordinates": [ [ [ 85.9029423, 51.9788894 ], [ 85.9029651, 51.9787393 ], [ 85.9030665, 51.9780713 ], [ 85.9032651, 51.9767632 ], [ 85.9032696, 51.9767349 ], [ 85.9032407, 51.9760198 ], [ 85.9032012, 51.975883 ], [ 85.9030069, 51.9749783 ], [ 85.9030065, 51.974778 ], [ 85.9031042, 51.9745078 ], [ 85.9032284, 51.9742953 ], [ 85.9033795, 51.9741152 ], [ 85.9045704, 51.9731586 ], [ 85.9055826, 51.9723539 ], [ 85.9057179, 51.9722466 ], [ 85.9070426, 51.9712911 ], [ 85.9080949, 51.9706153 ], [ 85.9083701, 51.9704007 ], [ 85.9087044, 51.9702113 ], [ 85.9097528, 51.9697554 ], [ 85.910057, 51.9696297 ], [ 85.910395, 51.969497 ], [ 85.9106821, 51.9693903 ], [ 85.9109424, 51.9693007 ], [ 85.9111958, 51.9692237 ], [ 85.9115733, 51.9691418 ], [ 85.9122161, 51.9690666 ], [ 85.9125767, 51.9690307 ], [ 85.9128834, 51.9690086 ], [ 85.9131509, 51.9689791 ], [ 85.9133321, 51.9689443 ], [ 85.9147286, 51.9686794 ], [ 85.9149428, 51.9686091 ], [ 85.915258, 51.9685056 ] ] ] } },
{ "type": "Feature", "properties": { "highway": "primary", "surface": "asphalt", "ref": "Р-256", "name": "Проточная улица", "Класс": "Главные" }, "geometry": { "type": "MultiLineString", "coordinates": [ [ [ 85.9556716, 51.9587953 ], [ 85.9556679, 51.9586018 ], [ 85.9556637, 51.9583788 ], [ 85.955649, 51.9575986 ], [ 85.9556411, 51.95718 ], [ 85.9556395, 51.9570961 ], [ 85.9556512, 51.9569768 ], [ 85.955677, 51.9567126 ], [ 85.9556777, 51.9566675 ], [ 85.9558097, 51.956427 ], [ 85.9561008, 51.956144 ], [ 85.9563486, 51.9559834 ], [ 85.9564924, 51.9558961 ], [ 85.9582495, 51.9550371 ], [ 85.9596735, 51.9543357 ], [ 85.9601563, 51.9542166 ], [ 85.9604783, 51.9541688 ], [ 85.9604818, 51.9541683 ], [ 85.9606015, 51.9541505 ], [ 85.9607955, 51.9540858 ], [ 85.9608995, 51.9539317 ] ] ] } },
{ "type": "Feature", "properties": { "highway": "tertiary", "surface": "asphalt", "ref": null, "name": "улица Ленина", "Класс": "Прочие" }, "geometry": { "type": "MultiLineString", "coordinates": [ [ [ 85.9678764, 51.960759 ], [ 85.9681798, 51.9601563 ], [ 85.9683407, 51.9598367 ], [ 85.9686214, 51.959301 ], [ 85.9687969, 51.9589806 ], [ 85.9688311, 51.958853 ], [ 85.9688273, 51.9586623 ] ] ] } },
{ "type": "Feature", "properties": { "highway": "residential", "surface": null, "ref": null, "name": "Магистральная улица", "Класс": "Прочие" }, "geometry": { "type": "MultiLineString", "coordinates": [ [ [ 85.9005302, 51.9736588 ], [ 85.901023, 51.9730135 ], [ 85.9013757, 51.9724348 ], [ 85.9013928, 51.972356 ], [ 85.9012727, 51.9723039 ], [ 85.9012642, 51.9722454 ], [ 85.9013458, 51.9719618 ], [ 85.901485, 51.9714633 ], [ 85.9016748, 51.9709956 ], [ 85.9018165, 51.9707644 ], [ 85.902064, 51.9704219 ] ] ] } },
{ "type": "Feature", "properties": { "highway": "residential", "surface": "asphalt", "ref": null, "name": null, "Класс": "Прочие" }, "geometry": { "type": "MultiLineString", "coordinates": [ [ [ 85.9066531, 51.9624727 ], [ 85.9054845, 51.9626525 ], [ 85.9055317, 51.962759 ], [ 85.9057927, 51.9632994 ], [ 85.9061497, 51.9641315 ], [ 85.9066523, 51.9645073 ] ] ] } },
{ "type": "Feature", "properties": { "highway": "tertiary", "surface": "asphalt", "ref": null, "name": "Сосновая улица", "Класс": "Прочие" }, "geometry": { "type": "MultiLineString", "coordinates": [ [ [ 86.0210255, 51.9627619 ], [ 86.0194141, 51.9636351 ], [ 86.0191512, 51.9638136 ], [ 86.0189849, 51.9638929 ], [ 86.0188293, 51.9639327 ], [ 86.0183895, 51.9639856 ], [ 86.0180761, 51.964017 ], [ 86.0178083, 51.9640438 ], [ 86.0165788, 51.9642562 ], [ 86.015595, 51.9644284 ], [ 86.0143175, 51.9646519 ], [ 86.0134488, 51.9647424 ], [ 86.013068, 51.9647655 ], [ 86.012765, 51.9648028 ], [ 86.0119951, 51.9649936 ], [ 86.0108821, 51.9652118 ], [ 86.0102785, 51.9653109 ], [ 86.0098883, 51.9653716 ], [ 86.009565, 51.9654034 ], [ 86.0093021, 51.96542 ], [ 86.0090259, 51.9654266 ], [ 86.0088009, 51.965417 ], [ 86.0086823, 51.9654085 ], [ 86.0085618, 51.9653869 ], [ 86.0084546, 51.9653803 ], [ 86.00824, 51.9653935 ], [ 86.0080093, 51.9654299 ], [ 86.007828, 51.9654621 ], [ 86.0073253, 51.965572 ], [ 86.0071081, 51.9656249 ], [ 86.0069364, 51.9656794 ], [ 86.0060531, 51.9659658 ], [ 86.0041987, 51.9664836 ], [ 86.0037151, 51.9665536 ], [ 86.0033108, 51.9666042 ], [ 86.0014137, 51.9666386 ], [ 86.0009283, 51.966742 ], [ 86.0005742, 51.9667618 ], [ 86.0001504, 51.9667552 ], [ 85.9990025, 51.9665966 ], [ 85.9980583, 51.9665107 ], [ 85.9973341, 51.9663487 ], [ 85.9968887, 51.9663128 ], [ 85.9963336, 51.9662752 ], [ 85.9960587, 51.9661626 ] ] ] } },
{ "type": "Feature", "properties": { "highway": "tertiary", "surface": "asphalt", "ref": null, "name": "Колхозная улица", "Класс": "Прочие" }, "geometry": { "type": "MultiLineString", "coordinates": [ [ [ 85.986273, 51.9619717 ], [ 85.9852654, 51.9619754 ], [ 85.9850702, 51.9619761 ], [ 85.9838815, 51.962001 ], [ 85.9834135, 51.9619758 ], [ 85.9812861, 51.9616524 ], [ 85.9809572, 51.9615457 ], [ 85.9807393, 51.9614717 ], [ 85.980504, 51.9613471 ], [ 85.9803557, 51.961199 ], [ 85.9801343, 51.9609684 ], [ 85.9800866, 51.9609051 ], [ 85.9797898, 51.9606453 ], [ 85.9794974, 51.9603804 ], [ 85.9790106, 51.9597273 ], [ 85.9789315, 51.9596272 ], [ 85.9788403, 51.9595346 ], [ 85.9785903, 51.959409 ], [ 85.9781563, 51.9594228 ] ] ] } },
{ "type": "Feature", "properties": { "highway": "residential", "surface": null, "ref": null, "name": "улица В.И.Чаптынова", "Класс": "Прочие" }, "geometry": { "type": "MultiLineString", "coordinates": [ [ [ 85.9633275, 51.9525261 ], [ 85.9633876, 51.9526208 ], [ 85.9634727, 51.9527765 ], [ 85.963573, 51.9529549 ], [ 85.9635345, 51.9530731 ], [ 85.963496, 51.9532166 ], [ 85.9634477, 51.9534519 ], [ 85.9634483, 51.9535918 ] ] ] } },
{ "type": "Feature", "properties": { "highway": "residential", "surface": "asphalt", "ref": null, "name": "улица Б.Головина", "Класс": "Прочие" }, "geometry": { "type": "MultiLineString", "coordinates": [ [ [ 85.9466436, 51.9544146 ], [ 85.9462474, 51.9549766 ], [ 85.9456822, 51.9557615 ], [ 85.9456081, 51.9558649 ], [ 85.9455758, 51.9558907 ], [ 85.9455172, 51.9559679 ], [ 85.9452271, 51.9563502 ], [ 85.9451144, 51.9565089 ], [ 85.9450373, 51.9566182 ], [ 85.9448203, 51.9569261 ], [ 85.9445904, 51.9572523 ], [ 85.9444922, 51.9573916 ] ] ] } },
{ "type": "Feature", "properties": { "highway": "residential", "surface": "asphalt", "ref": null, "name": "бульвар Дружбы", "Класс": "Прочие" }, "geometry": { "type": "MultiLineString", "coordinates": [ [ [ 85.9508133, 51.9571487 ], [ 85.9508276, 51.9573242 ], [ 85.9508436, 51.9577751 ], [ 85.9508537, 51.9580198 ], [ 85.950857, 51.9581007 ], [ 85.9508678, 51.9588362 ] ] ] } },
{ "type": "Feature", "properties": { "highway": "tertiary", "surface": "asphalt", "ref": null, "name": "улица П.Кучияк", "Класс": "Прочие" }, "geometry": { "type": "MultiLineString", "coordinates": [ [ [ 85.9678764, 51.960759 ], [ 85.9685515, 51.9609694 ], [ 85.9693374, 51.9612466 ], [ 85.9704094, 51.9616247 ], [ 85.9715212, 51.9620682 ], [ 85.9723714, 51.9624117 ], [ 85.973823, 51.9631003 ], [ 85.9739657, 51.9631658 ], [ 85.975068, 51.9637736 ], [ 85.9754283, 51.9639601 ], [ 85.9769071, 51.9647222 ], [ 85.9779608, 51.9652651 ], [ 85.9783827, 51.9654293 ], [ 85.9788474, 51.9656045 ], [ 85.9790832, 51.965702 ], [ 85.9800778, 51.9660365 ], [ 85.9804094, 51.9661967 ], [ 85.9807477, 51.966428 ], [ 85.9813857, 51.9670957 ], [ 85.9816608, 51.9672889 ], [ 85.9832428, 51.9681093 ], [ 85.983569, 51.9682425 ], [ 85.9839345, 51.9683394 ], [ 85.9840616, 51.9683604 ], [ 85.9848077, 51.9684838 ] ] ] } },
{ "type": "Feature", "properties": { "highway": "residential", "surface": null, "ref": null, "name": "улица Валерия Чаптынова", "Класс": "Прочие" }, "geometry": { "type": "MultiLineString", "coordinates": [ [ [ 85.9646024, 51.961892 ], [ 85.9647252, 51.9620817 ], [ 85.9647674, 51.962202 ], [ 85.9647728, 51.9623403 ], [ 85.96476, 51.9624651 ], [ 85.964678, 51.9632128 ], [ 85.9646283, 51.96347 ], [ 85.9646071, 51.9636515 ], [ 85.9646119, 51.963922 ], [ 85.9646437, 51.9643398 ], [ 85.9647188, 51.9647253 ], [ 85.9648261, 51.965079 ], [ 85.9650645, 51.9656457 ] ] ] } },
{ "type": "Feature", "properties": { "highway": "residential", "surface": null, "ref": null, "name": "улица Чкалова", "Класс": "Прочие" }, "geometry": { "type": "MultiLineString", "coordinates": [ [ [ 85.9650645, 51.9656457 ], [ 85.9643456, 51.9660545 ], [ 85.964136, 51.9662118 ], [ 85.9638122, 51.9664897 ], [ 85.9634957, 51.9666583 ], [ 85.9631792, 51.9669095 ], [ 85.9624764, 51.9674746 ], [ 85.9624277, 51.9675663 ], [ 85.9623799, 51.9676564 ], [ 85.9623638, 51.9681657 ], [ 85.962195, 51.9685155 ], [ 85.9621073, 51.9686695 ], [ 85.9618166, 51.96918 ], [ 85.9614124, 51.9696647 ], [ 85.9613109, 51.9697864 ], [ 85.9612243, 51.9699008 ], [ 85.960936, 51.9702912 ], [ 85.9607845, 51.9705007 ], [ 85.9607008, 51.9706077 ], [ 85.9604806, 51.9708534 ], [ 85.9601062, 51.9710932 ], [ 85.959851, 51.9712492 ], [ 85.9596516, 51.9714246 ], [ 85.9592476, 51.9718076 ], [ 85.9587608, 51.9722359 ], [ 85.9582145, 51.9726608 ], [ 85.9579113, 51.9728431 ] ] ] } },
{ "type": "Feature", "properties": { "highway": "tertiary", "surface": "asphalt", "ref": null, "name": "улица Фрунзе", "Класс": "Прочие" }, "geometry": { "type": "MultiLineString", "coordinates": [ [ [ 85.9781563, 51.9594228 ], [ 85.9778173, 51.9594488 ], [ 85.9765297, 51.9594987 ], [ 85.9755349, 51.9594975 ], [ 85.9748761, 51.95949 ], [ 85.9747147, 51.9594987 ], [ 85.9732685, 51.9594811 ] ] ] } },
{ "type": "Feature", "properties": { "highway": "tertiary", "surface": null, "ref": null, "name": "улица Ленкина", "Класс": "Прочие" }, "geometry": { "type": "MultiLineString", "coordinates": [ [ [ 85.9732685, 51.9594811 ], [ 85.9729165, 51.9594724 ] ] ] } },
{ "type": "Feature", "properties": { "highway": "primary", "surface": "asphalt", "ref": "Р-256", "name": "Барнаульская улица", "Класс": "Главные" }, "geometry": { "type": "MultiLineString", "coordinates": [ [ [ 85.9759521, 51.9411621 ], [ 85.97715, 51.9404259 ], [ 85.9772721, 51.9403803 ], [ 85.9777527, 51.9402008 ], [ 85.9783414, 51.940048 ], [ 85.979094, 51.9398528 ], [ 85.9801048, 51.9395905 ], [ 85.9803872, 51.9394851 ], [ 85.9806976, 51.9393692 ], [ 85.9808806, 51.9392884 ], [ 85.9816132, 51.9389648 ], [ 85.9816594, 51.9389225 ], [ 85.9820455, 51.9386099 ], [ 85.9822922, 51.9383431 ], [ 85.9831677, 51.9370142 ], [ 85.9832175, 51.9369384 ], [ 85.9832868, 51.9368124 ], [ 85.9835637, 51.9360766 ], [ 85.9837246, 51.9344559 ], [ 85.9837675, 51.9341549 ], [ 85.9839177, 51.932478 ], [ 85.9839874, 51.9321108 ], [ 85.9841057, 51.9318197 ], [ 85.984642, 51.9310531 ], [ 85.9845632, 51.9305954 ], [ 85.9844513, 51.9302504 ], [ 85.98452, 51.9300003 ], [ 85.9846649, 51.9296646 ], [ 85.9856491, 51.9284782 ], [ 85.9858596, 51.9281691 ], [ 85.9859695, 51.9278526 ], [ 85.9859775, 51.9274137 ], [ 85.9859138, 51.9270675 ], [ 85.9857654, 51.9264333 ], [ 85.9856663, 51.9253953 ], [ 85.9856558, 51.9250052 ], [ 85.9857409, 51.9242783 ], [ 85.9858856, 51.9236603 ], [ 85.9865418, 51.9222565 ], [ 85.9871895, 51.9214129 ], [ 85.9877336, 51.9207043 ], [ 85.9882661, 51.9200108 ], [ 85.9885099, 51.9196927 ], [ 85.989344, 51.918605 ], [ 85.9896162, 51.9181791 ], [ 85.9897166, 51.918008 ], [ 85.9897971, 51.9177301 ], [ 85.9899151, 51.9172139 ], [ 85.9902248, 51.9162729 ], [ 85.99014, 51.9159748 ], [ 85.9899332, 51.9155889 ], [ 85.9899237, 51.9154693 ], [ 85.9899757, 51.9153246 ], [ 85.9902196, 51.9148689 ], [ 85.9904095, 51.9145192 ], [ 85.9904526, 51.9144379 ], [ 85.9907172, 51.9138209 ], [ 85.9910468, 51.9132466 ], [ 85.9911909, 51.9129917 ], [ 85.9916007, 51.9124495 ], [ 85.9918674, 51.9121553 ] ] ] } },
{ "type": "Feature", "properties": { "highway": "residential", "surface": null, "ref": null, "name": null, "Класс": "Прочие" }, "geometry": { "type": "MultiLineString", "coordinates": [ [ [ 85.894292, 51.9676588 ], [ 85.8944965, 51.9674754 ], [ 85.8956227, 51.9664343 ], [ 85.8958155, 51.9663493 ], [ 85.896491, 51.9664845 ], [ 85.8966532, 51.9665454 ], [ 85.8981123, 51.967215 ] ] ] } },
{ "type": "Feature", "properties": { "highway": "service", "surface": null, "ref": null, "name": null, "Класс": "Проезды" }, "geometry": { "type": "MultiLineString", "coordinates": [ [ [ 85.8960259, 51.9641457 ], [ 85.8959252, 51.9642796 ], [ 85.8959598, 51.9646125 ], [ 85.8960821, 51.9649219 ] ] ] } },
{ "type": "Feature", "properties": { "highway": "residential", "surface": "asphalt", "ref": null, "name": "Центральный переулок", "Класс": "Прочие" }, "geometry": { "type": "MultiLineString", "coordinates": [ [ [ 85.9634983, 51.9547985 ], [ 85.9608773, 51.9548213 ] ] ] } },
{ "type": "Feature", "properties": { "highway": "residential", "surface": "asphalt", "ref": null, "name": "Аптечный переулок", "Класс": "Прочие" }, "geometry": { "type": "MultiLineString", "coordinates": [ [ [ 85.9609356, 51.9559141 ], [ 85.9635266, 51.9558775 ] ] ] } },
{ "type": "Feature", "properties": { "highway": "residential", "surface": "asphalt", "ref": null, "name": "улица Эркемена Палкина", "Класс": "Прочие" }, "geometry": { "type": "MultiLineString", "coordinates": [ [ [ 85.9609654, 51.9570059 ], [ 85.9609686, 51.9569006 ], [ 85.9609356, 51.9559141 ], [ 85.9608773, 51.9548213 ], [ 85.9608796, 51.9547616 ], [ 85.960906, 51.9540821 ], [ 85.9608995, 51.9539317 ] ] ] } },
{ "type": "Feature", "properties": { "highway": "residential", "surface": "asphalt", "ref": null, "name": "улица Эркемена Палкина", "Класс": "Прочие" }, "geometry": { "type": "MultiLineString", "coordinates": [ [ [ 85.960038, 51.9587353 ], [ 85.9599835, 51.957014 ] ] ] } },
{ "type": "Feature", "properties": { "highway": "residential", "surface": "asphalt", "ref": null, "name": "Социалистическая улица", "Класс": "Прочие" }, "geometry": { "type": "MultiLineString", "coordinates": [ [ [ 85.9593248, 51.9570285 ], [ 85.9593729, 51.95692 ], [ 85.9596807, 51.9562262 ], [ 85.9600122, 51.9554788 ], [ 85.9606015, 51.9541505 ] ] ] } },
{ "type": "Feature", "properties": { "highway": "residential", "surface": null, "ref": null, "name": "улица Маресьева", "Класс": "Прочие" }, "geometry": { "type": "MultiLineString", "coordinates": [ [ [ 85.9205501, 51.9565858 ], [ 85.9204758, 51.9565278 ], [ 85.9204079, 51.956476 ], [ 85.9197622, 51.9559662 ], [ 85.9189112, 51.9553197 ], [ 85.9187199, 51.9551736 ] ] ] } },
{ "type": "Feature", "properties": { "highway": "residential", "surface": null, "ref": null, "name": null, "Класс": "Прочие" }, "geometry": { "type": "MultiLineString", "coordinates": [ [ [ 85.9408996, 51.9564118 ], [ 85.9408426, 51.9564968 ], [ 85.9402902, 51.9573198 ], [ 85.9400985, 51.9576055 ], [ 85.9398714, 51.9578705 ], [ 85.9396866, 51.9580932 ] ] ] } },
{ "type": "Feature", "properties": { "highway": "service", "surface": null, "ref": null, "name": null, "Класс": "Проезды" }, "geometry": { "type": "MultiLineString", "coordinates": [ [ [ 85.9400985, 51.9576055 ], [ 85.9405346, 51.957721 ], [ 85.9409227, 51.9578237 ], [ 85.941125, 51.9575336 ], [ 85.9414341, 51.9570904 ] ] ] } },
{ "type": "Feature", "properties": { "highway": "service", "surface": null, "ref": null, "name": null, "Класс": "Проезды" }, "geometry": { "type": "MultiLineString", "coordinates": [ [ [ 85.9405532, 51.9563169 ], [ 85.9406659, 51.95616 ], [ 85.9411181, 51.9554881 ] ] ] } },
{ "type": "Feature", "properties": { "highway": "service", "surface": null, "ref": null, "name": null, "Класс": "Проезды" }, "geometry": { "type": "MultiLineString", "coordinates": [ [ [ 85.9394759, 51.9547103 ], [ 85.9396046, 51.9545136 ], [ 85.9397342, 51.9542981 ], [ 85.9398215, 51.9541184 ] ] ] } },
{ "type": "Feature", "properties": { "highway": "residential", "surface": null, "ref": null, "name": "Алтайская улица", "Класс": "Прочие" }, "geometry": { "type": "MultiLineString", "coordinates": [ [ [ 85.9315955, 51.9558178 ], [ 85.9318762, 51.9558489 ], [ 85.9320649, 51.9557863 ], [ 85.9323334, 51.955806 ], [ 85.9324223, 51.9558113 ], [ 85.9326701, 51.9558446 ], [ 85.9331239, 51.9558974 ], [ 85.9335049, 51.9559418 ], [ 85.9339166, 51.9559897 ] ] ] } },
{ "type": "Feature", "properties": { "highway": "service", "surface": null, "ref": null, "name": null, "Класс": "Проезды" }, "geometry": { "type": "MultiLineString", "coordinates": [ [ [ 85.9343341, 51.9534738 ], [ 85.9344494, 51.9530506 ], [ 85.9345004, 51.9529647 ], [ 85.9345594, 51.9529167 ], [ 85.9346345, 51.9528919 ], [ 85.9347042, 51.9528803 ], [ 85.934782, 51.9528622 ], [ 85.9348544, 51.9528556 ], [ 85.9349751, 51.9528572 ], [ 85.9353292, 51.9528605 ] ] ] } },
{ "type": "Feature", "properties": { "highway": "service", "surface": null, "ref": null, "name": null, "Класс": "Проезды" }, "geometry": { "type": "MultiLineString", "coordinates": [ [ [ 85.935718, 51.9536443 ], [ 85.9359172, 51.9529446 ] ] ] } },
{ "type": "Feature", "properties": { "highway": "residential", "surface": null, "ref": null, "name": "Алтайская улица", "Класс": "Прочие" }, "geometry": { "type": "MultiLineString", "coordinates": [ [ [ 85.9315955, 51.9558178 ], [ 85.9314346, 51.9558029 ], [ 85.9313246, 51.9558277 ], [ 85.9312659, 51.9558916 ], [ 85.9305941, 51.9561279 ], [ 85.9305671, 51.9561395 ], [ 85.9304831, 51.9561757 ], [ 85.9304315, 51.9561979 ], [ 85.9303482, 51.9562097 ], [ 85.9302249, 51.9562095 ], [ 85.9299674, 51.9561897 ], [ 85.9291186, 51.9561025 ] ] ] } },
{ "type": "Feature", "properties": { "highway": "service", "surface": null, "ref": null, "name": null, "Класс": "Проезды" }, "geometry": { "type": "MultiLineString", "coordinates": [ [ [ 85.9411181, 51.9554881 ], [ 85.9406661, 51.9553701 ], [ 85.9400123, 51.9552062 ], [ 85.9396395, 51.9551202 ], [ 85.939441, 51.9550673 ] ] ] } },
{ "type": "Feature", "properties": { "highway": "residential", "surface": null, "ref": null, "name": "Комсомольская улица", "Класс": "Прочие" }, "geometry": { "type": "MultiLineString", "coordinates": [ [ [ 85.9410286, 51.9542849 ], [ 85.941381, 51.9537213 ], [ 85.941458, 51.9536802 ], [ 85.9415722, 51.9534503 ] ] ] } },
{ "type": "Feature", "properties": { "highway": "residential", "surface": null, "ref": null, "name": "Комсомольская улица", "Класс": "Прочие" }, "geometry": { "type": "MultiLineString", "coordinates": [ [ [ 85.9492278, 51.9558073 ], [ 85.9477826, 51.9554131 ], [ 85.9475419, 51.9553476 ], [ 85.9472925, 51.9552798 ], [ 85.9462474, 51.9549766 ], [ 85.9449798, 51.9546111 ], [ 85.9442928, 51.9544152 ], [ 85.9437946, 51.954273 ], [ 85.9427584, 51.954015 ], [ 85.941458, 51.9536802 ] ] ] } },
{ "type": "Feature", "properties": { "highway": "service", "surface": null, "ref": null, "name": null, "Класс": "Проезды" }, "geometry": { "type": "MultiLineString", "coordinates": [ [ [ 85.9458448, 51.956517 ], [ 85.9452271, 51.9563502 ] ] ] } },
{ "type": "Feature", "properties": { "highway": "service", "surface": null, "ref": null, "name": null, "Класс": "Проезды" }, "geometry": { "type": "MultiLineString", "coordinates": [ [ [ 85.9476922, 51.956417 ], [ 85.9473502, 51.9568561 ], [ 85.9471926, 51.9570584 ], [ 85.9469705, 51.9573436 ], [ 85.9464716, 51.9572263 ], [ 85.946367, 51.95738 ], [ 85.9454239, 51.9571189 ], [ 85.9458448, 51.956517 ], [ 85.9462544, 51.9569569 ], [ 85.9464716, 51.9572263 ] ] ] } },
{ "type": "Feature", "properties": { "highway": "service", "surface": null, "ref": null, "name": null, "Класс": "Проезды" }, "geometry": { "type": "MultiLineString", "coordinates": [ [ [ 85.9493845, 51.9568746 ], [ 85.9494677, 51.9567701 ], [ 85.9496795, 51.9564709 ], [ 85.9501183, 51.9565891 ], [ 85.9502991, 51.9566378 ], [ 85.9505995, 51.9566974 ], [ 85.9507122, 51.9567238 ], [ 85.9507739, 51.9567949 ], [ 85.9508133, 51.9571487 ] ] ] } },
{ "type": "Feature", "properties": { "highway": "service", "surface": null, "ref": null, "name": null, "Класс": "Проезды" }, "geometry": { "type": "MultiLineString", "coordinates": [ [ [ 85.9402054, 51.9559897 ], [ 85.9406661, 51.9553701 ] ] ] } },
{ "type": "Feature", "properties": { "highway": "service", "surface": null, "ref": null, "name": null, "Класс": "Проезды" }, "geometry": { "type": "MultiLineString", "coordinates": [ [ [ 85.9400123, 51.9552062 ], [ 85.9397226, 51.9556591 ], [ 85.9393552, 51.9555649 ], [ 85.9396395, 51.9551202 ] ] ] } },
{ "type": "Feature", "properties": { "highway": "service", "surface": null, "ref": null, "name": null, "Класс": "Проезды" }, "geometry": { "type": "MultiLineString", "coordinates": [ [ [ 85.9433388, 51.9565573 ], [ 85.9438699, 51.9558031 ], [ 85.9440965, 51.95547 ] ] ] } },
{ "type": "Feature", "properties": { "highway": "service", "surface": null, "ref": null, "name": null, "Класс": "Проезды" }, "geometry": { "type": "MultiLineString", "coordinates": [ [ [ 85.9451144, 51.9565089 ], [ 85.944519, 51.9563552 ], [ 85.9447336, 51.9560345 ], [ 85.9438699, 51.9558031 ] ] ] } },
{ "type": "Feature", "properties": { "highway": "service", "surface": null, "ref": null, "name": null, "Класс": "Проезды" }, "geometry": { "type": "MultiLineString", "coordinates": [ [ [ 85.9449798, 51.9546111 ], [ 85.9446284, 51.9551318 ], [ 85.9443501, 51.9555376 ] ] ] } },
{ "type": "Feature", "properties": { "highway": "residential", "surface": null, "ref": null, "name": "Типографский переулок", "Класс": "Прочие" }, "geometry": { "type": "MultiLineString", "coordinates": [ [ [ 85.9507727, 51.9603932 ], [ 85.9507983, 51.9602483 ], [ 85.9508224, 51.9601123 ], [ 85.9508371, 51.9600296 ], [ 85.9508961, 51.9596759 ], [ 85.9509016, 51.9593542 ], [ 85.9508678, 51.9588362 ] ] ] } },
{ "type": "Feature", "properties": { "highway": "residential", "surface": null, "ref": null, "name": "Проточный переулок", "Класс": "Прочие" }, "geometry": { "type": "MultiLineString", "coordinates": [ [ [ 85.9519836, 51.9571469 ], [ 85.9519695, 51.95673 ], [ 85.9519648, 51.9565899 ], [ 85.9519702, 51.9563998 ], [ 85.9520265, 51.9562792 ], [ 85.9521001, 51.95623 ], [ 85.9521847, 51.9561734 ], [ 85.9524851, 51.9560725 ], [ 85.9529558, 51.9559742 ], [ 85.9530618, 51.9559535 ] ] ] } },
{ "type": "Feature", "properties": { "highway": "service", "surface": null, "ref": null, "name": null, "Класс": "Проезды" }, "geometry": { "type": "MultiLineString", "coordinates": [ [ [ 85.9307249, 51.9533029 ], [ 85.9314201, 51.9532138 ], [ 85.9314705, 51.9533429 ], [ 85.9325405, 51.9535089 ], [ 85.9328938, 51.953573 ] ] ] } },
{ "type": "Feature", "properties": { "highway": "service", "surface": null, "ref": null, "name": null, "Класс": "Проезды" }, "geometry": { "type": "MultiLineString", "coordinates": [ [ [ 85.930402, 51.9548673 ], [ 85.9302947, 51.9548541 ], [ 85.9303483, 51.9546921 ], [ 85.9304476, 51.9547053 ], [ 85.9308821, 51.9547532 ], [ 85.9309599, 51.9546293 ], [ 85.9310913, 51.9546408 ], [ 85.9316438, 51.954702 ], [ 85.9316224, 51.9548127 ], [ 85.9315875, 51.9549764 ], [ 85.9317404, 51.9549913 ], [ 85.9321178, 51.9550292 ] ] ] } },
{ "type": "Feature", "properties": { "highway": "service", "surface": null, "ref": null, "name": null, "Класс": "Проезды" }, "geometry": { "type": "MultiLineString", "coordinates": [ [ [ 85.930402, 51.9548673 ], [ 85.9314909, 51.9549675 ], [ 85.9315875, 51.9549764 ] ] ] } },
{ "type": "Feature", "properties": { "highway": "service", "surface": null, "ref": null, "name": null, "Класс": "Проезды" }, "geometry": { "type": "MultiLineString", "coordinates": [ [ [ 85.9289224, 51.9558843 ], [ 85.9291845, 51.9552474 ], [ 85.9294412, 51.9552912 ], [ 85.9295873, 51.954899 ], [ 85.9296386, 51.9547613 ], [ 85.9302947, 51.9548541 ] ] ] } },
{ "type": "Feature", "properties": { "highway": "residential", "surface": null, "ref": null, "name": "Алтайская улица", "Класс": "Прочие" }, "geometry": { "type": "MultiLineString", "coordinates": [ [ [ 85.9293263, 51.957969 ], [ 85.9291858, 51.9577762 ], [ 85.9289985, 51.9575033 ], [ 85.9289452, 51.9574259 ], [ 85.9288218, 51.957338 ], [ 85.9286514, 51.9572239 ], [ 85.9285706, 51.957178 ], [ 85.9285258, 51.9571373 ], [ 85.9284966, 51.9571066 ], [ 85.9284833, 51.9570691 ], [ 85.9285083, 51.9569765 ], [ 85.9285593, 51.9568558 ], [ 85.9286317, 51.9565616 ], [ 85.9286505, 51.9564409 ], [ 85.9287014, 51.9562161 ], [ 85.9287631, 51.9560955 ] ] ] } },
{ "type": "Feature", "properties": { "highway": "service", "surface": null, "ref": null, "name": null, "Класс": "Проезды" }, "geometry": { "type": "MultiLineString", "coordinates": [ [ [ 85.9276641, 51.9561535 ], [ 85.9277864, 51.9561533 ], [ 85.9281559, 51.9561526 ], [ 85.9285911, 51.9559675 ] ] ] } },
{ "type": "Feature", "properties": { "highway": "service", "surface": null, "ref": null, "name": null, "Класс": "Проезды" }, "geometry": { "type": "MultiLineString", "coordinates": [ [ [ 85.9324223, 51.9558113 ], [ 85.932573, 51.9558882 ], [ 85.9325608, 51.955963 ], [ 85.9325148, 51.9561211 ], [ 85.9324649, 51.956327 ], [ 85.932406, 51.9565136 ], [ 85.9316971, 51.9564563 ] ] ] } },
{ "type": "Feature", "properties": { "highway": "service", "surface": null, "ref": null, "name": null, "Класс": "Проезды" }, "geometry": { "type": "MultiLineString", "coordinates": [ [ [ 85.9325182, 51.9554538 ], [ 85.9324223, 51.9558113 ] ] ] } },
{ "type": "Feature", "properties": { "highway": "service", "surface": null, "ref": null, "name": null, "Класс": "Проезды" }, "geometry": { "type": "MultiLineString", "coordinates": [ [ [ 85.9327811, 51.9548789 ], [ 85.9326953, 51.9550508 ], [ 85.932645, 51.9550447 ], [ 85.9324766, 51.9550244 ], [ 85.9321315, 51.9549827 ] ] ] } },
{ "type": "Feature", "properties": { "highway": "service", "surface": null, "ref": null, "name": null, "Класс": "Проезды" }, "geometry": { "type": "MultiLineString", "coordinates": [ [ [ 85.9382959, 51.9539327 ], [ 85.9382742, 51.9540127 ], [ 85.938226, 51.9541548 ], [ 85.9381616, 51.954292 ], [ 85.9380597, 51.954454 ], [ 85.9379524, 51.9545912 ], [ 85.9378773, 51.9546326 ], [ 85.937821, 51.9546408 ], [ 85.9375581, 51.9545846 ], [ 85.9375241, 51.9545759 ], [ 85.9372148, 51.954497 ], [ 85.9368634, 51.9544094 ], [ 85.9367958, 51.9543529 ] ] ] } },
{ "type": "Feature", "properties": { "highway": "service", "surface": "asphalt", "ref": null, "name": null, "Класс": "Проезды" }, "geometry": { "type": "MultiLineString", "coordinates": [ [ [ 85.9369473, 51.9540583 ], [ 85.9377646, 51.9542772 ], [ 85.9375581, 51.9545846 ] ] ] } },
{ "type": "Feature", "properties": { "highway": "service", "surface": null, "ref": null, "name": null, "Класс": "Проезды" }, "geometry": { "type": "MultiLineString", "coordinates": [ [ [ 85.9406661, 51.9553701 ], [ 85.9408223, 51.9551301 ], [ 85.9408706, 51.9550557 ], [ 85.9409511, 51.9549235 ], [ 85.9410047, 51.9548293 ], [ 85.9410477, 51.9547714 ], [ 85.9410557, 51.9547598 ], [ 85.941104, 51.9547202 ], [ 85.9412032, 51.9546805 ], [ 85.9413159, 51.9546772 ], [ 85.941399, 51.9546888 ], [ 85.941517, 51.9547202 ], [ 85.9416072, 51.9547502 ] ] ] } },
{ "type": "Feature", "properties": { "highway": "service", "surface": null, "ref": null, "name": null, "Класс": "Проезды" }, "geometry": { "type": "MultiLineString", "coordinates": [ [ [ 85.9398675, 51.9544821 ], [ 85.9401437, 51.9545516 ], [ 85.9404442, 51.9546326 ], [ 85.9408063, 51.9547483 ], [ 85.9409591, 51.9547797 ], [ 85.9410477, 51.9547714 ] ] ] } },
{ "type": "Feature", "properties": { "highway": "service", "surface": null, "ref": null, "name": null, "Класс": "Проезды" }, "geometry": { "type": "MultiLineString", "coordinates": [ [ [ 85.9415846, 51.9553357 ], [ 85.9416919, 51.9551291 ], [ 85.9416597, 51.9550464 ], [ 85.9416704, 51.9549258 ], [ 85.9416072, 51.9547502 ] ] ] } },
{ "type": "Feature", "properties": { "highway": "service", "surface": null, "ref": null, "name": null, "Класс": "Проезды" }, "geometry": { "type": "MultiLineString", "coordinates": [ [ [ 85.9522384, 51.9583651 ], [ 85.9522376, 51.9581457 ], [ 85.9522117, 51.9580569 ], [ 85.9514525, 51.9580147 ], [ 85.9508537, 51.9580198 ] ] ] } },
{ "type": "Feature", "properties": { "highway": "service", "surface": null, "ref": null, "name": null, "Класс": "Проезды" }, "geometry": { "type": "MultiLineString", "coordinates": [ [ [ 85.947895, 51.9583544 ], [ 85.94814, 51.9580246 ], [ 85.9482794, 51.9578445 ], [ 85.9484323, 51.9576461 ] ] ] } },
{ "type": "Feature", "properties": { "highway": "service", "surface": null, "ref": null, "name": null, "Класс": "Проезды" }, "geometry": { "type": "MultiLineString", "coordinates": [ [ [ 85.9469867, 51.956131 ], [ 85.9475419, 51.9553476 ] ] ] } },
{ "type": "Feature", "properties": { "highway": "service", "surface": null, "ref": null, "name": null, "Класс": "Проезды" }, "geometry": { "type": "MultiLineString", "coordinates": [ [ [ 85.9472228, 51.9561773 ], [ 85.9477826, 51.9554131 ] ] ] } },
{ "type": "Feature", "properties": { "highway": "service", "surface": null, "ref": null, "name": null, "Класс": "Проезды" }, "geometry": { "type": "MultiLineString", "coordinates": [ [ [ 85.9435803, 51.9546615 ], [ 85.9437946, 51.954273 ] ] ] } },
{ "type": "Feature", "properties": { "highway": "service", "surface": null, "ref": null, "name": null, "Класс": "Проезды" }, "geometry": { "type": "MultiLineString", "coordinates": [ [ [ 85.9430949, 51.9533656 ], [ 85.9430278, 51.9534416 ], [ 85.9430037, 51.9534846 ], [ 85.9429849, 51.9535391 ], [ 85.9429822, 51.9535755 ], [ 85.9429652, 51.9536966 ], [ 85.9427804, 51.9539536 ], [ 85.9427584, 51.954015 ] ] ] } },
{ "type": "Feature", "properties": { "highway": "service", "surface": null, "ref": null, "name": null, "Класс": "Проезды" }, "geometry": { "type": "MultiLineString", "coordinates": [ [ [ 85.9429117, 51.9545964 ], [ 85.9424779, 51.9544889 ], [ 85.9427584, 51.954015 ] ] ] } },
{ "type": "Feature", "properties": { "highway": "residential", "surface": null, "ref": null, "name": "улица Осипенко", "Класс": "Прочие" }, "geometry": { "type": "MultiLineString", "coordinates": [ [ [ 85.9420817, 51.9577704 ], [ 85.9431109, 51.9580683 ], [ 85.9437791, 51.9582609 ] ] ] } },
{ "type": "Feature", "properties": { "highway": "residential", "surface": null, "ref": null, "name": "Первомайская улица", "Класс": "Прочие" }, "geometry": { "type": "MultiLineString", "coordinates": [ [ [ 85.9442441, 51.9576226 ], [ 85.9441135, 51.9576851 ], [ 85.9439731, 51.9577523 ], [ 85.9436027, 51.9576587 ], [ 85.9434599, 51.9576443 ], [ 85.94333, 51.9576299 ], [ 85.9432087, 51.9576056 ], [ 85.9423168, 51.9573448 ], [ 85.9422244, 51.9574558 ], [ 85.9421583, 51.9575983 ], [ 85.9420817, 51.9577704 ], [ 85.941879, 51.958327 ], [ 85.9417377, 51.9583459 ], [ 85.9416422, 51.9583889 ] ] ] } },
{ "type": "Feature", "properties": { "highway": "residential", "surface": null, "ref": null, "name": "Пограничная улица", "Класс": "Прочие" }, "geometry": { "type": "MultiLineString", "coordinates": [ [ [ 85.9401021, 51.9628593 ], [ 85.940188, 51.9625717 ], [ 85.9402872, 51.9623536 ], [ 85.9404052, 51.9621834 ], [ 85.940499, 51.9619603 ], [ 85.9406788, 51.9617719 ], [ 85.9408075, 51.9616215 ], [ 85.9410784, 51.9612264 ], [ 85.9411347, 51.9610893 ], [ 85.9411616, 51.9608231 ], [ 85.9412769, 51.9606215 ], [ 85.9413457, 51.9605197 ], [ 85.941411, 51.960367 ], [ 85.9415209, 51.9601406 ], [ 85.9417033, 51.9597522 ], [ 85.9417919, 51.9594249 ], [ 85.94191, 51.9591885 ], [ 85.9421781, 51.9587654 ], [ 85.9423435, 51.9586041 ], [ 85.9424727, 51.9585277 ] ] ] } },
{ "type": "Feature", "properties": { "highway": "residential", "surface": null, "ref": null, "name": "улица Шуклина", "Класс": "Прочие" }, "geometry": { "type": "MultiLineString", "coordinates": [ [ [ 85.9364713, 51.9585335 ], [ 85.9369579, 51.9585648 ], [ 85.9374246, 51.9585913 ], [ 85.9379503, 51.9586243 ], [ 85.9383687, 51.9586508 ], [ 85.9387067, 51.9586805 ], [ 85.9387875, 51.9586758 ], [ 85.9388206, 51.9586214 ], [ 85.9390849, 51.9580718 ] ] ] } },
{ "type": "Feature", "properties": { "highway": "residential", "surface": null, "ref": null, "name": "улица Б.Головина", "Класс": "Прочие" }, "geometry": { "type": "MultiLineString", "coordinates": [ [ [ 85.9435133, 51.9586038 ], [ 85.9437791, 51.9582609 ], [ 85.9439156, 51.9580848 ], [ 85.9442441, 51.9576226 ], [ 85.9443306, 51.9575222 ], [ 85.9443805, 51.9574643 ], [ 85.9444922, 51.9573916 ] ] ] } },
{ "type": "Feature", "properties": { "highway": "residential", "surface": null, "ref": null, "name": "Красноармейская улица", "Класс": "Прочие" }, "geometry": { "type": "MultiLineString", "coordinates": [ [ [ 85.941879, 51.958327 ], [ 85.9425917, 51.9584576 ] ] ] } },
{ "type": "Feature", "properties": { "highway": "service", "surface": null, "ref": null, "name": null, "Класс": "Проезды" }, "geometry": { "type": "MultiLineString", "coordinates": [ [ [ 85.9414341, 51.9570904 ], [ 85.9410296, 51.9569807 ], [ 85.9405346, 51.957721 ] ] ] } },
{ "type": "Feature", "properties": { "highway": "residential", "surface": null, "ref": null, "name": "Северная улица", "Класс": "Прочие" }, "geometry": { "type": "MultiLineString", "coordinates": [ [ [ 85.9521889, 51.9606907 ], [ 85.9523298, 51.9605213 ], [ 85.9523002, 51.9604204 ], [ 85.9522305, 51.9602907 ], [ 85.9517987, 51.9602361 ], [ 85.9517352, 51.9602007 ], [ 85.9517222, 51.9601428 ], [ 85.9517437, 51.9598775 ], [ 85.951792, 51.9596759 ], [ 85.9518241, 51.9595172 ], [ 85.9518325, 51.9594378 ], [ 85.9518456, 51.9593122 ], [ 85.9518671, 51.959137 ], [ 85.9518617, 51.9589751 ], [ 85.9518561, 51.9588261 ] ] ] } },
{ "type": "Feature", "properties": { "highway": "service", "surface": null, "ref": null, "name": null, "Класс": "Проезды" }, "geometry": { "type": "MultiLineString", "coordinates": [ [ [ 85.9522479, 51.9598808 ], [ 85.9522479, 51.9596726 ], [ 85.9522372, 51.9594974 ], [ 85.9522372, 51.9594412 ], [ 85.9518325, 51.9594378 ] ] ] } },
{ "type": "Feature", "properties": { "highway": "residential", "surface": null, "ref": null, "name": "Северная улица", "Класс": "Прочие" }, "geometry": { "type": "MultiLineString", "coordinates": [ [ [ 85.9496842, 51.9599528 ], [ 85.9493361, 51.9598689 ], [ 85.9490668, 51.9597221 ], [ 85.948407, 51.9595866 ], [ 85.9475648, 51.9594445 ], [ 85.9469318, 51.9593189 ], [ 85.9465295, 51.9592362 ], [ 85.9464705, 51.9591833 ], [ 85.9464812, 51.9590775 ], [ 85.9465724, 51.9588792 ], [ 85.9471088, 51.9581354 ] ] ] } },
{ "type": "Feature", "properties": { "highway": "service", "surface": null, "ref": null, "name": null, "Класс": "Проезды" }, "geometry": { "type": "MultiLineString", "coordinates": [ [ [ 85.9340894, 51.9570941 ], [ 85.9340679, 51.9568957 ], [ 85.9339376, 51.9561162 ], [ 85.9339166, 51.9559897 ] ] ] } },
{ "type": "Feature", "properties": { "highway": "residential", "surface": null, "ref": null, "name": "улица Осипенко", "Класс": "Прочие" }, "geometry": { "type": "MultiLineString", "coordinates": [ [ [ 85.9339376, 51.9561162 ], [ 85.934821, 51.9562844 ], [ 85.9363387, 51.9565456 ] ] ] } },
{ "type": "Feature", "properties": { "highway": "residential", "surface": null, "ref": null, "name": "улица Осипенко", "Класс": "Прочие" }, "geometry": { "type": "MultiLineString", "coordinates": [ [ [ 85.9376943, 51.9568164 ], [ 85.9402902, 51.9573198 ] ] ] } },
{ "type": "Feature", "properties": { "highway": "residential", "surface": null, "ref": null, "name": "проезд 75 лет Победы", "Класс": "Прочие" }, "geometry": { "type": "MultiLineString", "coordinates": [ [ [ 85.9359508, 51.9574247 ], [ 85.9360653, 51.957149 ], [ 85.9361869, 51.9568561 ], [ 85.9363387, 51.9565456 ], [ 85.9365675, 51.956224 ], [ 85.9366062, 51.9561695 ], [ 85.9371423, 51.9553818 ] ] ] } },
{ "type": "Feature", "properties": { "highway": "residential", "surface": null, "ref": null, "name": "улица Мамонтова", "Класс": "Прочие" }, "geometry": { "type": "MultiLineString", "coordinates": [ [ [ 85.9340679, 51.9568957 ], [ 85.934358, 51.9569009 ], [ 85.9345008, 51.9569061 ], [ 85.9349449, 51.9569515 ], [ 85.9352695, 51.9569982 ], [ 85.9360653, 51.957149 ], [ 85.937528, 51.9574081 ], [ 85.9376938, 51.9574421 ], [ 85.9398714, 51.9578705 ] ] ] } },
{ "type": "Feature", "properties": { "highway": "service", "surface": null, "ref": null, "name": null, "Класс": "Проезды" }, "geometry": { "type": "MultiLineString", "coordinates": [ [ [ 85.955649, 51.9575986 ], [ 85.9550655, 51.9576019 ], [ 85.9549367, 51.9576019 ] ] ] } },
{ "type": "Feature", "properties": { "highway": "service", "surface": null, "ref": null, "name": null, "Класс": "Проезды" }, "geometry": { "type": "MultiLineString", "coordinates": [ [ [ 85.9535596, 51.9581316 ], [ 85.9537064, 51.9583204 ], [ 85.9538247, 51.9583934 ], [ 85.954588, 51.9583953 ], [ 85.9551619, 51.9583865 ], [ 85.9556637, 51.9583788 ] ] ] } },
{ "type": "Feature", "properties": { "highway": "service", "surface": null, "ref": null, "name": null, "Класс": "Проезды" }, "geometry": { "type": "MultiLineString", "coordinates": [ [ [ 85.9551567, 51.957787 ], [ 85.9551619, 51.9583865 ] ] ] } },
{ "type": "Feature", "properties": { "highway": "residential", "surface": null, "ref": null, "name": "Черемшанский переулок", "Класс": "Прочие" }, "geometry": { "type": "MultiLineString", "coordinates": [ [ [ 85.9621154, 51.9614943 ], [ 85.9623354, 51.9614761 ], [ 85.9623809, 51.9615488 ], [ 85.9623997, 51.9617059 ], [ 85.9624051, 51.9618794 ], [ 85.9624078, 51.9620744 ], [ 85.9623836, 51.9623339 ], [ 85.9623532, 51.9625524 ] ] ] } },
{ "type": "Feature", "properties": { "highway": "residential", "surface": null, "ref": null, "name": "переулок Кирова", "Класс": "Прочие" }, "geometry": { "type": "MultiLineString", "coordinates": [ [ [ 85.9629848, 51.9611952 ], [ 85.9631028, 51.9612646 ], [ 85.963194, 51.9613571 ], [ 85.9632423, 51.9615026 ], [ 85.9632691, 51.9617174 ], [ 85.9632744, 51.9619786 ], [ 85.9632798, 51.9621273 ], [ 85.9632798, 51.9622926 ], [ 85.963276, 51.9625094 ] ] ] } },
{ "type": "Feature", "properties": { "highway": "service", "surface": null, "ref": null, "name": null, "Класс": "Проезды" }, "geometry": { "type": "MultiLineString", "coordinates": [ [ [ 85.9632766, 51.9663112 ], [ 85.9634724, 51.9661806 ], [ 85.9636092, 51.9660816 ], [ 85.9637326, 51.9660121 ], [ 85.9638659, 51.9659113 ] ] ] } },
{ "type": "Feature", "properties": { "highway": "residential", "surface": null, "ref": null, "name": "Водопроводная улица", "Класс": "Прочие" }, "geometry": { "type": "MultiLineString", "coordinates": [ [ [ 85.9634407, 51.963191 ], [ 85.963459, 51.9633513 ], [ 85.963459, 51.9636538 ], [ 85.9634912, 51.9639711 ], [ 85.9635448, 51.9642752 ], [ 85.9635703, 51.9643961 ], [ 85.9636146, 51.9645941 ], [ 85.9636843, 51.9649033 ], [ 85.963695, 51.965204 ], [ 85.9637433, 51.9654585 ], [ 85.9637862, 51.9656733 ], [ 85.9638238, 51.9658287 ], [ 85.9638659, 51.9659113 ], [ 85.9638945, 51.9660937 ], [ 85.963991, 51.9661796 ], [ 85.964136, 51.9662118 ] ] ] } },
{ "type": "Feature", "properties": { "highway": "residential", "surface": null, "ref": null, "name": "улица Кирова", "Класс": "Прочие" }, "geometry": { "type": "MultiLineString", "coordinates": [ [ [ 85.9624298, 51.9745148 ], [ 85.9629587, 51.9741741 ], [ 85.9635241, 51.9737493 ], [ 85.9636185, 51.9736784 ], [ 85.9642461, 51.9731298 ], [ 85.9645412, 51.9728159 ], [ 85.9646422, 51.9726891 ], [ 85.9648201, 51.9724656 ], [ 85.9648418, 51.9723964 ], [ 85.9649435, 51.9720723 ], [ 85.9650883, 51.9714874 ], [ 85.965142, 51.9711239 ], [ 85.9652224, 51.9707868 ], [ 85.9653726, 51.9704431 ], [ 85.9655819, 51.9700564 ], [ 85.9659413, 51.9694747 ], [ 85.9660325, 51.9692797 ], [ 85.9660968, 51.9690947 ], [ 85.9661559, 51.9688435 ], [ 85.9661934, 51.9685659 ], [ 85.9661934, 51.968275 ], [ 85.9662739, 51.9680007 ], [ 85.9663114, 51.967657 ], [ 85.9662578, 51.9674323 ], [ 85.9661183, 51.967191 ], [ 85.9660229, 51.9670076 ], [ 85.9659359, 51.966877 ], [ 85.9657803, 51.9665895 ], [ 85.9655443, 51.9662854 ], [ 85.9653566, 51.9661102 ], [ 85.9650645, 51.9656457 ] ] ] } },
{ "type": "Feature", "properties": { "highway": "residential", "surface": null, "ref": null, "name": "Красноармейский переулок", "Класс": "Прочие" }, "geometry": { "type": "MultiLineString", "coordinates": [ [ [ 85.9592566, 51.963813 ], [ 85.9593505, 51.9636379 ], [ 85.9594042, 51.9633404 ], [ 85.9594578, 51.9630594 ], [ 85.9594685, 51.9627454 ], [ 85.959486, 51.9626562 ], [ 85.9595115, 51.9624545 ], [ 85.9595383, 51.9621108 ], [ 85.9595306, 51.961968 ], [ 85.9595337, 51.9619244 ], [ 85.9595329, 51.9617703 ], [ 85.9595222, 51.9614332 ], [ 85.95949, 51.9611985 ], [ 85.9594562, 51.9609506 ] ] ] } },
{ "type": "Feature", "properties": { "highway": "residential", "surface": null, "ref": null, "name": "улица Пятницкого", "Класс": "Прочие" }, "geometry": { "type": "MultiLineString", "coordinates": [ [ [ 85.9607142, 51.9618728 ], [ 85.9604191, 51.9618959 ], [ 85.9601134, 51.9619091 ], [ 85.9598183, 51.9619224 ], [ 85.9595337, 51.9619244 ], [ 85.9592068, 51.9619323 ], [ 85.9588366, 51.9619323 ], [ 85.9584182, 51.9619224 ], [ 85.9582251, 51.9619058 ], [ 85.9581124, 51.9618893 ], [ 85.9580642, 51.9618563 ], [ 85.9580481, 51.9617802 ], [ 85.958032, 51.9616877 ], [ 85.9579998, 51.9614398 ], [ 85.9579944, 51.9612811 ], [ 85.958037, 51.9611926 ], [ 85.9580398, 51.9610916 ], [ 85.9579189, 51.9609892 ] ] ] } },
{ "type": "Feature", "properties": { "highway": "residential", "surface": null, "ref": null, "name": "Черемшанская улица", "Класс": "Прочие" }, "geometry": { "type": "MultiLineString", "coordinates": [ [ [ 85.9575653, 51.9625207 ], [ 85.9577584, 51.9625124 ], [ 85.9581017, 51.9625554 ], [ 85.9585148, 51.9626297 ], [ 85.958842, 51.9626463 ], [ 85.9591639, 51.9626529 ], [ 85.959486, 51.9626562 ], [ 85.9601938, 51.9626529 ], [ 85.9607625, 51.9626363 ], [ 85.9615242, 51.9625967 ], [ 85.961797, 51.9625884 ] ] ] } },
{ "type": "Feature", "properties": { "highway": "residential", "surface": null, "ref": null, "name": "Огородная улица", "Класс": "Прочие" }, "geometry": { "type": "MultiLineString", "coordinates": [ [ [ 85.9608029, 51.9633637 ], [ 85.9612803, 51.9633009 ], [ 85.9618436, 51.9632513 ], [ 85.9622379, 51.9632297 ], [ 85.9628735, 51.9631951 ], [ 85.9634407, 51.963191 ], [ 85.9634582, 51.9631984 ], [ 85.9640215, 51.9631852 ], [ 85.964678, 51.9632128 ] ] ] } },
{ "type": "Feature", "properties": { "highway": "service", "surface": null, "ref": null, "name": null, "Класс": "Проезды" }, "geometry": { "type": "MultiLineString", "coordinates": [ [ [ 85.9619622, 51.9644395 ], [ 85.9620695, 51.9641089 ], [ 85.9622144, 51.9638081 ], [ 85.9622627, 51.963709 ], [ 85.9622662, 51.9635824 ], [ 85.962268, 51.9635173 ], [ 85.9622519, 51.963276 ], [ 85.9622379, 51.9632297 ], [ 85.9621822, 51.9630677 ], [ 85.9621285, 51.9628694 ], [ 85.9620964, 51.9625752 ] ] ] } },
{ "type": "Feature", "properties": { "highway": "residential", "surface": "asphalt", "ref": null, "name": "улица Улагашева", "Класс": "Прочие" }, "geometry": { "type": "MultiLineString", "coordinates": [ [ [ 85.9544377, 51.9604515 ], [ 85.9544294, 51.9605705 ], [ 85.9544432, 51.9606067 ], [ 85.9544878, 51.9606269 ], [ 85.9546363, 51.9606448 ], [ 85.9551191, 51.9607307 ], [ 85.9552113, 51.96075 ], [ 85.9555064, 51.9608118 ], [ 85.9557199, 51.9608349 ], [ 85.9562993, 51.9609142 ], [ 85.9567428, 51.9609362 ], [ 85.9574687, 51.9609803 ], [ 85.9579189, 51.9609892 ], [ 85.9581339, 51.9609935 ], [ 85.9587562, 51.9609803 ], [ 85.9594562, 51.9609506 ], [ 85.9599499, 51.9609295 ], [ 85.9603119, 51.9609142 ], [ 85.9610301, 51.9608958 ], [ 85.961771, 51.9608349 ], [ 85.9621358, 51.9607489 ], [ 85.9625113, 51.9606233 ], [ 85.962758, 51.960577 ], [ 85.9633073, 51.9605559 ], [ 85.9638755, 51.9605412 ] ] ] } },
{ "type": "Feature", "properties": { "highway": "service", "surface": null, "ref": null, "name": null, "Класс": "Проезды" }, "geometry": { "type": "MultiLineString", "coordinates": [ [ [ 85.9579189, 51.9609892 ], [ 85.9578979, 51.9607621 ], [ 85.9578281, 51.960544 ], [ 85.9576189, 51.9603324 ], [ 85.957489, 51.9601918 ], [ 85.9574151, 51.9600944 ], [ 85.9573292, 51.9597771 ], [ 85.957281, 51.9594564 ], [ 85.9573152, 51.959278 ], [ 85.957404, 51.9591633 ], [ 85.9574568, 51.9589756 ], [ 85.9574547, 51.9587656 ] ] ] } },
{ "type": "Feature", "properties": { "highway": "residential", "surface": null, "ref": null, "name": "улица Панфиловцев", "Класс": "Прочие" }, "geometry": { "type": "MultiLineString", "coordinates": [ [ [ 85.9544377, 51.9604515 ], [ 85.9544451, 51.9603905 ], [ 85.9544581, 51.9603337 ], [ 85.9545107, 51.9602672 ], [ 85.9546206, 51.9602478 ], [ 85.9548889, 51.9602445 ], [ 85.9553448, 51.9602445 ], [ 85.955833, 51.9602445 ], [ 85.9562514, 51.9602412 ], [ 85.9566323, 51.9602445 ], [ 85.9570239, 51.960228 ], [ 85.9573136, 51.9602082 ], [ 85.957489, 51.9601918 ] ] ] } },
{ "type": "Feature", "properties": { "highway": "residential", "surface": null, "ref": null, "name": "улица Горького", "Класс": "Прочие" }, "geometry": { "type": "MultiLineString", "coordinates": [ [ [ 85.9541369, 51.9654875 ], [ 85.9545526, 51.9653173 ], [ 85.9549925, 51.9649521 ], [ 85.9556443, 51.9644563 ], [ 85.9558937, 51.96422 ], [ 85.9560224, 51.964048 ], [ 85.9562558, 51.9637373 ], [ 85.9563309, 51.9634762 ], [ 85.9564382, 51.9628085 ], [ 85.9565106, 51.9621739 ], [ 85.9565857, 51.9616484 ], [ 85.9566528, 51.9612996 ], [ 85.9567198, 51.9610665 ], [ 85.9567428, 51.9609362 ] ] ] } },
{ "type": "Feature", "properties": { "highway": "residential", "surface": null, "ref": null, "name": "переулок Чкалова", "Класс": "Прочие" }, "geometry": { "type": "MultiLineString", "coordinates": [ [ [ 85.9637237, 51.9694182 ], [ 85.9637773, 51.969329 ], [ 85.9638578, 51.9691043 ], [ 85.9639012, 51.968955 ], [ 85.9638954, 51.9687837 ], [ 85.9638643, 51.968572 ], [ 85.9639114, 51.9684797 ], [ 85.9640026, 51.9681558 ], [ 85.9641207, 51.9678385 ], [ 85.9641743, 51.9675245 ], [ 85.9642816, 51.9672237 ], [ 85.964303, 51.9670287 ], [ 85.964303, 51.966652 ], [ 85.9642601, 51.9664272 ], [ 85.9642279, 51.9662884 ], [ 85.964136, 51.9662118 ] ] ] } },
{ "type": "Feature", "properties": { "highway": "residential", "surface": null, "ref": null, "name": null, "Класс": "Прочие" }, "geometry": { "type": "MultiLineString", "coordinates": [ [ [ 85.9638643, 51.968572 ], [ 85.9637129, 51.9685725 ], [ 85.9633498, 51.9685283 ], [ 85.9633186, 51.9684766 ], [ 85.9632328, 51.9684204 ], [ 85.9630933, 51.9683758 ], [ 85.9628707, 51.9683279 ], [ 85.9627044, 51.9682717 ], [ 85.9623638, 51.9681657 ] ] ] } },
{ "type": "Feature", "properties": { "highway": "residential", "surface": null, "ref": null, "name": null, "Класс": "Прочие" }, "geometry": { "type": "MultiLineString", "coordinates": [ [ [ 85.9660229, 51.9670076 ], [ 85.9658652, 51.9672571 ], [ 85.9658276, 51.9675314 ], [ 85.9658008, 51.967852 ], [ 85.9657471, 51.9681296 ], [ 85.9657042, 51.9683279 ], [ 85.9656613, 51.9685626 ], [ 85.9656613, 51.968784 ], [ 85.9656238, 51.9690881 ], [ 85.9656184, 51.9691442 ], [ 85.9655969, 51.9691872 ], [ 85.9654789, 51.9692103 ], [ 85.9652697, 51.9692368 ], [ 85.9651088, 51.9692401 ], [ 85.9649049, 51.9692037 ], [ 85.9647386, 51.9691773 ], [ 85.9646489, 51.9691745 ], [ 85.9644811, 51.9691343 ], [ 85.9643256, 51.9690583 ], [ 85.9642183, 51.9689922 ], [ 85.9641164, 51.9689658 ], [ 85.9639012, 51.968955 ] ] ] } },
{ "type": "Feature", "properties": { "highway": "residential", "surface": null, "ref": null, "name": "Коммунальная улица", "Класс": "Прочие" }, "geometry": { "type": "MultiLineString", "coordinates": [ [ [ 85.9638592, 51.9709492 ], [ 85.9639665, 51.9706154 ], [ 85.964063, 51.9703741 ], [ 85.964122, 51.9701362 ], [ 85.9642132, 51.969928 ], [ 85.9643312, 51.9698321 ], [ 85.9644332, 51.9696537 ], [ 85.964519, 51.9693992 ], [ 85.9645458, 51.9692538 ], [ 85.9646489, 51.9691745 ], [ 85.9646853, 51.9691117 ], [ 85.9647497, 51.9689729 ], [ 85.9647979, 51.9687746 ], [ 85.9648677, 51.9685663 ], [ 85.9648945, 51.968411 ], [ 85.9649589, 51.9681532 ] ] ] } },
{ "type": "Feature", "properties": { "highway": "residential", "surface": null, "ref": null, "name": "Славянский переулок", "Класс": "Прочие" }, "geometry": { "type": "MultiLineString", "coordinates": [ [ [ 85.9624888, 51.9700013 ], [ 85.9625639, 51.9698559 ], [ 85.9627194, 51.9695551 ], [ 85.9628697, 51.969304 ], [ 85.963052, 51.9689602 ], [ 85.9631379, 51.9687289 ], [ 85.9631754, 51.9686793 ], [ 85.9632586, 51.9685934 ], [ 85.9633498, 51.9685283 ] ] ] } },
{ "type": "Feature", "properties": { "highway": "residential", "surface": null, "ref": null, "name": "Жилой переулок", "Класс": "Прочие" }, "geometry": { "type": "MultiLineString", "coordinates": [ [ [ 85.960544, 51.9697525 ], [ 85.9605285, 51.9696948 ], [ 85.9604404, 51.9693086 ], [ 85.9604028, 51.9690212 ], [ 85.9603679, 51.9688146 ], [ 85.960376, 51.9687733 ], [ 85.9604323, 51.9687419 ], [ 85.9605449, 51.9687237 ], [ 85.9609017, 51.9686906 ], [ 85.9613443, 51.9686626 ], [ 85.961642, 51.9686543 ], [ 85.9621073, 51.9686695 ] ] ] } },
{ "type": "Feature", "properties": { "highway": "residential", "surface": null, "ref": null, "name": "Терновый переулок", "Класс": "Прочие" }, "geometry": { "type": "MultiLineString", "coordinates": [ [ [ 85.9612243, 51.9699008 ], [ 85.960544, 51.9697525 ], [ 85.9604779, 51.9697383 ], [ 85.9599898, 51.9696755 ], [ 85.9597698, 51.9696425 ], [ 85.9595955, 51.9696177 ], [ 85.9595016, 51.969578 ], [ 85.9595043, 51.9695384 ], [ 85.9595526, 51.9694707 ], [ 85.9595928, 51.9693385 ], [ 85.9595717, 51.9691247 ], [ 85.9595767, 51.9690376 ], [ 85.959582, 51.9689154 ], [ 85.9595338, 51.9687964 ], [ 85.9594587, 51.9686708 ], [ 85.9593406, 51.9685386 ], [ 85.959287, 51.968489 ], [ 85.9592763, 51.9684064 ], [ 85.959287, 51.9683437 ], [ 85.9593996, 51.9682709 ], [ 85.9595016, 51.9682577 ], [ 85.9596464, 51.9682378 ], [ 85.9597752, 51.9682213 ], [ 85.959861, 51.9682023 ], [ 85.9599629, 51.968166 ], [ 85.9602634, 51.9680429 ], [ 85.9605584, 51.9679404 ], [ 85.96095, 51.9678429 ], [ 85.961398, 51.9677256 ], [ 85.9616313, 51.967643 ], [ 85.9619049, 51.9676 ], [ 85.9622053, 51.9675703 ], [ 85.9624277, 51.9675663 ] ] ] } },
{ "type": "Feature", "properties": { "highway": "residential", "surface": null, "ref": null, "name": "Ягодный переулок", "Класс": "Прочие" }, "geometry": { "type": "MultiLineString", "coordinates": [ [ [ 85.9579976, 51.9707264 ], [ 85.9582454, 51.9705895 ], [ 85.9587699, 51.9703952 ], [ 85.9588621, 51.9703315 ], [ 85.9588861, 51.9702533 ], [ 85.9591786, 51.9702654 ], [ 85.959418, 51.9702413 ], [ 85.9595353, 51.9702494 ], [ 85.9598138, 51.9702991 ], [ 85.9601574, 51.9703767 ], [ 85.9604272, 51.9704269 ], [ 85.9606096, 51.9704631 ], [ 85.9607845, 51.9705007 ] ] ] } },
{ "type": "Feature", "properties": { "highway": "residential", "surface": null, "ref": null, "name": "улица Байат", "Класс": "Прочие" }, "geometry": { "type": "MultiLineString", "coordinates": [ [ [ 85.9593632, 51.9741572 ], [ 85.9590681, 51.9741275 ], [ 85.9585204, 51.9740513 ], [ 85.9582742, 51.9740185 ], [ 85.9579363, 51.973959 ], [ 85.9576037, 51.9738962 ], [ 85.9575313, 51.9738776 ], [ 85.9574105, 51.9738466 ], [ 85.9572925, 51.9737772 ], [ 85.9571642, 51.9736373 ], [ 85.956976, 51.9734137 ], [ 85.9569239, 51.9732796 ] ] ] } },
{ "type": "Feature", "properties": { "highway": "residential", "surface": null, "ref": null, "name": "улица Байат", "Класс": "Прочие" }, "geometry": { "type": "MultiLineString", "coordinates": [ [ [ 85.9525056, 51.9741672 ], [ 85.9526072, 51.9743029 ], [ 85.9527841, 51.9743643 ], [ 85.9532803, 51.974437 ], [ 85.9536398, 51.97447 ], [ 85.9539563, 51.9744634 ], [ 85.9542674, 51.9744502 ], [ 85.9545464, 51.9744271 ], [ 85.9549058, 51.9743676 ], [ 85.9552223, 51.9743081 ], [ 85.9556085, 51.9742057 ], [ 85.955992, 51.9741115 ], [ 85.9563917, 51.9739512 ], [ 85.9567189, 51.9738124 ], [ 85.957014, 51.9736935 ], [ 85.9571642, 51.9736373 ] ] ] } },
{ "type": "Feature", "properties": { "highway": "residential", "surface": null, "ref": null, "name": "Телеутская улица", "Класс": "Прочие" }, "geometry": { "type": "MultiLineString", "coordinates": [ [ [ 85.9513515, 51.9753172 ], [ 85.9516974, 51.9754096 ], [ 85.9520301, 51.9754939 ], [ 85.9525611, 51.9756046 ], [ 85.952824, 51.9756112 ], [ 85.9531727, 51.9756145 ], [ 85.9534462, 51.9756112 ], [ 85.9537091, 51.9755848 ], [ 85.9540042, 51.9755402 ], [ 85.9541986, 51.9755071 ], [ 85.9545889, 51.9753832 ], [ 85.9548785, 51.9753138 ], [ 85.9553292, 51.9752246 ], [ 85.9556296, 51.9751387 ], [ 85.9558978, 51.9750495 ], [ 85.9562143, 51.9749437 ], [ 85.9567132, 51.9747752 ], [ 85.9568312, 51.9747389 ], [ 85.956917, 51.9747058 ], [ 85.9569117, 51.9746728 ], [ 85.9568419, 51.9746199 ], [ 85.9567668, 51.9745868 ], [ 85.9566971, 51.9745406 ], [ 85.9566971, 51.9744976 ], [ 85.9567454, 51.9744481 ], [ 85.9568205, 51.9743952 ], [ 85.9569975, 51.9742531 ], [ 85.9571852, 51.9741176 ], [ 85.9574293, 51.9739887 ], [ 85.9575313, 51.9738776 ] ] ] } },
{ "type": "Feature", "properties": { "highway": "residential", "surface": null, "ref": null, "name": "Звёздный переулок", "Класс": "Прочие" }, "geometry": { "type": "MultiLineString", "coordinates": [ [ [ 85.9578995, 51.9744315 ], [ 85.9580443, 51.9743886 ], [ 85.958216, 51.9743456 ], [ 85.9583902, 51.974301 ], [ 85.9584734, 51.9742729 ], [ 85.958511, 51.9742333 ], [ 85.9585163, 51.9741374 ], [ 85.9585204, 51.9740513 ] ] ] } },
{ "type": "Feature", "properties": { "highway": "residential", "surface": null, "ref": null, "name": "переулок Михаила Чевалкова", "Класс": "Прочие" }, "geometry": { "type": "MultiLineString", "coordinates": [ [ [ 85.9630271, 51.9724488 ], [ 85.9630217, 51.9724025 ], [ 85.9629734, 51.9722868 ], [ 85.9628608, 51.9721712 ], [ 85.9626677, 51.9721051 ], [ 85.9623512, 51.9720588 ], [ 85.9619167, 51.9720489 ], [ 85.9614821, 51.9720059 ], [ 85.9610798, 51.9719729 ], [ 85.9609993, 51.9719795 ], [ 85.9608116, 51.9719828 ], [ 85.9606507, 51.971996 ], [ 85.9604146, 51.9721084 ], [ 85.9600606, 51.9723397 ], [ 85.9598138, 51.9724653 ], [ 85.9596314, 51.9725545 ], [ 85.9593954, 51.9726173 ], [ 85.9592452, 51.9726735 ], [ 85.959036, 51.9728189 ], [ 85.958723, 51.9730065 ] ] ] } },
{ "type": "Feature", "properties": { "highway": "residential", "surface": null, "ref": null, "name": "переулок Дмитрия Камзаракова", "Класс": "Прочие" }, "geometry": { "type": "MultiLineString", "coordinates": [ [ [ 85.9625336, 51.972733 ], [ 85.9621259, 51.9726966 ], [ 85.9616216, 51.9726636 ], [ 85.9610315, 51.9726338 ], [ 85.9605434, 51.9726107 ], [ 85.9600981, 51.9725942 ], [ 85.9596314, 51.9725545 ] ] ] } },
{ "type": "Feature", "properties": { "highway": "residential", "surface": null, "ref": null, "name": "переулок Семёна Тартыкова", "Класс": "Прочие" }, "geometry": { "type": "MultiLineString", "coordinates": [ [ [ 85.9630271, 51.9724488 ], [ 85.9628394, 51.9725377 ], [ 85.962673, 51.9726074 ], [ 85.9625336, 51.972733 ], [ 85.9624692, 51.9728024 ], [ 85.96204, 51.9732518 ], [ 85.9619113, 51.9733774 ], [ 85.9617611, 51.9735591 ], [ 85.9616538, 51.973645 ], [ 85.9615733, 51.9736649 ], [ 85.9614392, 51.9736649 ], [ 85.9612246, 51.9736417 ], [ 85.9608545, 51.9735955 ], [ 85.960479, 51.9735591 ], [ 85.9600123, 51.9735195 ], [ 85.9596743, 51.9734897 ], [ 85.9593203, 51.9734501 ], [ 85.9590681, 51.9734269 ], [ 85.9588589, 51.973417 ], [ 85.9587195, 51.9733873 ], [ 85.958639, 51.973341 ], [ 85.9585854, 51.9733014 ], [ 85.9585532, 51.973222 ], [ 85.9584701, 51.9729808 ] ] ] } },
{ "type": "Feature", "properties": { "highway": "residential", "surface": null, "ref": null, "name": null, "Класс": "Прочие" }, "geometry": { "type": "MultiLineString", "coordinates": [ [ [ 85.9575393, 51.9703304 ], [ 85.9575554, 51.9703833 ], [ 85.9576358, 51.970532 ], [ 85.957829, 51.9706543 ], [ 85.9579976, 51.9707264 ], [ 85.9580918, 51.9707666 ], [ 85.9583815, 51.9708658 ], [ 85.9586685, 51.9709693 ], [ 85.9587785, 51.9709847 ], [ 85.9590467, 51.9710178 ], [ 85.9592291, 51.9710707 ], [ 85.9595885, 51.9711698 ], [ 85.959851, 51.9712492 ] ] ] } },
{ "type": "Feature", "properties": { "highway": "residential", "surface": null, "ref": null, "name": "Пригородный переулок", "Класс": "Прочие" }, "geometry": { "type": "MultiLineString", "coordinates": [ [ [ 85.9567208, 51.9733514 ], [ 85.9565979, 51.9731669 ], [ 85.956555, 51.9730975 ], [ 85.9565389, 51.9730414 ], [ 85.9565443, 51.9729852 ], [ 85.9565604, 51.9729422 ], [ 85.9565979, 51.9728893 ], [ 85.9566784, 51.9728266 ], [ 85.9567642, 51.9727505 ], [ 85.9568339, 51.9726646 ], [ 85.9569332, 51.9725358 ], [ 85.9569761, 51.9724234 ], [ 85.9570351, 51.9723507 ], [ 85.9571048, 51.9722978 ], [ 85.9571987, 51.9722383 ], [ 85.9575903, 51.9721524 ], [ 85.9576493, 51.9721309 ], [ 85.9576976, 51.972083 ], [ 85.9577941, 51.9719839 ], [ 85.9579658, 51.9718352 ], [ 85.9581884, 51.9716237 ], [ 85.958352, 51.9714353 ], [ 85.9584647, 51.9712833 ], [ 85.9585559, 51.9711412 ], [ 85.9586685, 51.9709693 ] ] ] } },
{ "type": "Feature", "properties": { "highway": "residential", "surface": null, "ref": null, "name": "Звонкий переулок", "Класс": "Прочие" }, "geometry": { "type": "MultiLineString", "coordinates": [ [ [ 85.9614124, 51.9696647 ], [ 85.9615733, 51.9697289 ], [ 85.9618469, 51.9698115 ], [ 85.9621098, 51.9698908 ], [ 85.9624888, 51.9700013 ], [ 85.9626677, 51.9701354 ], [ 85.9627642, 51.9702808 ], [ 85.9627977, 51.9703975 ], [ 85.9628125, 51.9704494 ], [ 85.9627911, 51.9705584 ], [ 85.9627106, 51.9705997 ], [ 85.9626671, 51.9706004 ], [ 85.9626087, 51.9706014 ], [ 85.9623834, 51.9705749 ], [ 85.9621098, 51.9705221 ], [ 85.9617986, 51.9704692 ], [ 85.9615197, 51.9704196 ], [ 85.9612515, 51.97037 ], [ 85.960936, 51.9702912 ] ] ] } },
{ "type": "Feature", "properties": { "highway": "service", "surface": null, "ref": null, "name": null, "Класс": "Проезды" }, "geometry": { "type": "MultiLineString", "coordinates": [ [ [ 85.9639665, 51.9706154 ], [ 85.963349, 51.9705055 ], [ 85.9627977, 51.9703975 ] ] ] } },
{ "type": "Feature", "properties": { "highway": "service", "surface": null, "ref": null, "name": null, "Класс": "Проезды" }, "geometry": { "type": "MultiLineString", "coordinates": [ [ [ 85.9648418, 51.9723964 ], [ 85.964631, 51.9722538 ], [ 85.9645399, 51.9721249 ], [ 85.9644969, 51.9720026 ], [ 85.9644379, 51.9719035 ], [ 85.9643467, 51.9718275 ], [ 85.9642073, 51.9717647 ], [ 85.9640678, 51.9717118 ], [ 85.9639551, 51.9717019 ], [ 85.9637996, 51.9717316 ], [ 85.9636386, 51.9717515 ], [ 85.9634884, 51.9717316 ], [ 85.9633597, 51.9717019 ], [ 85.9632739, 51.9716556 ], [ 85.9632363, 51.9715895 ], [ 85.9631773, 51.9714871 ], [ 85.9631558, 51.9713615 ], [ 85.9631076, 51.9712227 ], [ 85.9630378, 51.9711169 ], [ 85.9629359, 51.9710013 ], [ 85.9628393, 51.9708757 ], [ 85.9626671, 51.9706004 ] ] ] } },
{ "type": "Feature", "properties": { "highway": "service", "surface": null, "ref": null, "name": null, "Класс": "Проезды" }, "geometry": { "type": "MultiLineString", "coordinates": [ [ [ 85.9610798, 51.9719729 ], [ 85.9612515, 51.9718506 ], [ 85.9613963, 51.9717448 ], [ 85.9615465, 51.9716589 ], [ 85.9617343, 51.9716193 ], [ 85.9619113, 51.9715961 ], [ 85.9621688, 51.9715961 ], [ 85.9624316, 51.9716093 ], [ 85.9626838, 51.9716358 ], [ 85.962893, 51.9716622 ], [ 85.9630861, 51.9716887 ], [ 85.9632631, 51.9717217 ], [ 85.9634884, 51.9717316 ] ] ] } },
{ "type": "Feature", "properties": { "highway": "residential", "surface": null, "ref": null, "name": "переулок Казакова", "Класс": "Прочие" }, "geometry": { "type": "MultiLineString", "coordinates": [ [ [ 85.96204, 51.9732518 ], [ 85.9619274, 51.9732419 ], [ 85.961686, 51.9732287 ], [ 85.9612407, 51.9731956 ], [ 85.9605434, 51.973146 ], [ 85.9600981, 51.9731262 ], [ 85.9594973, 51.9730866 ], [ 85.9589126, 51.9730205 ], [ 85.958723, 51.9730065 ], [ 85.9585532, 51.972994 ], [ 85.9584701, 51.9729808 ], [ 85.9581186, 51.9729246 ], [ 85.9579113, 51.9728431 ] ] ] } },
{ "type": "Feature", "properties": { "highway": "residential", "surface": "unpaved", "ref": null, "name": null, "Класс": "Прочие" }, "geometry": { "type": "MultiLineString", "coordinates": [ [ [ 85.9759124, 51.969481 ], [ 85.9754055, 51.9695058 ], [ 85.9748646, 51.9695088 ], [ 85.974582, 51.9695009 ], [ 85.9741529, 51.9694546 ], [ 85.9737667, 51.9693951 ], [ 85.973205, 51.9693232 ], [ 85.9728471, 51.9692933 ], [ 85.9724148, 51.9692893 ], [ 85.9721681, 51.9693059 ], [ 85.9716866, 51.9694334 ], [ 85.9714224, 51.9695042 ], [ 85.970945, 51.9695339 ], [ 85.9705695, 51.9695537 ], [ 85.970033, 51.9695802 ], [ 85.96984, 51.9695995 ], [ 85.969738, 51.9696198 ], [ 85.9694986, 51.9696706 ], [ 85.9693747, 51.9698256 ], [ 85.9690944, 51.9702966 ], [ 85.9689042, 51.9707101 ], [ 85.9688101, 51.9710645 ], [ 85.9688037, 51.9714021 ], [ 85.9687716, 51.9718098 ], [ 85.9687712, 51.971853 ], [ 85.9687671, 51.9723578 ] ] ] } },
{ "type": "Feature", "properties": { "highway": "residential", "surface": null, "ref": null, "name": "улица Михаила Демьянова", "Класс": "Прочие" }, "geometry": { "type": "MultiLineString", "coordinates": [ [ [ 85.9584545, 51.9768234 ], [ 85.9587201, 51.9761163 ], [ 85.959192, 51.9749359 ], [ 85.959251, 51.9748897 ], [ 85.9594208, 51.9748669 ], [ 85.9596245, 51.9748837 ], [ 85.9599605, 51.9749047 ], [ 85.9602483, 51.974914 ], [ 85.960499, 51.9749107 ], [ 85.9608169, 51.9748181 ], [ 85.9610599, 51.974761 ], [ 85.9616313, 51.9746965 ], [ 85.9624298, 51.9745148 ] ] ] } },
{ "type": "Feature", "properties": { "highway": "residential", "surface": null, "ref": null, "name": "улица Воинской Славы", "Класс": "Прочие" }, "geometry": { "type": "MultiLineString", "coordinates": [ [ [ 85.9618129, 51.9749576 ], [ 85.9624765, 51.9753596 ], [ 85.963202, 51.9758522 ], [ 85.9632904, 51.9759238 ], [ 85.9632358, 51.9760536 ], [ 85.963157, 51.9761982 ], [ 85.9630696, 51.9763421 ], [ 85.9629222, 51.9765289 ], [ 85.9627767, 51.9766659 ], [ 85.9627069, 51.9766924 ], [ 85.9626265, 51.9766825 ], [ 85.9623742, 51.9765721 ], [ 85.9621591, 51.9765327 ], [ 85.9618987, 51.9765372 ], [ 85.9617396, 51.9765365 ], [ 85.9615036, 51.9765299 ], [ 85.961348, 51.9765133 ], [ 85.9611978, 51.9764836 ], [ 85.9607662, 51.9763768 ], [ 85.9599039, 51.9762503 ], [ 85.9587201, 51.9761163 ] ] ] } },
{ "type": "Feature", "properties": { "highway": "residential", "surface": null, "ref": null, "name": "Радужная улица", "Класс": "Прочие" }, "geometry": { "type": "MultiLineString", "coordinates": [ [ [ 85.9666641, 51.9794277 ], [ 85.9658539, 51.9793504 ], [ 85.9655108, 51.9793055 ], [ 85.9651231, 51.9791829 ], [ 85.9649787, 51.9790907 ], [ 85.9646096, 51.978866 ], [ 85.9642126, 51.9785719 ], [ 85.9638908, 51.9783506 ], [ 85.9635958, 51.9781854 ], [ 85.9631129, 51.97804 ], [ 85.9626194, 51.9778813 ], [ 85.962201, 51.9777492 ], [ 85.9618398, 51.9776456 ], [ 85.9616055, 51.9775707 ] ] ] } },
{ "type": "Feature", "properties": { "highway": "residential", "surface": null, "ref": null, "name": "улица Владимира Высоцкого", "Класс": "Прочие" }, "geometry": { "type": "MultiLineString", "coordinates": [ [ [ 85.960499, 51.9749107 ], [ 85.9604234, 51.9750944 ], [ 85.9602893, 51.9754381 ], [ 85.9599039, 51.9762503 ], [ 85.9595833, 51.9770305 ] ] ] } },
{ "type": "Feature", "properties": { "highway": "service", "surface": null, "ref": null, "name": "улица Афганцев", "Класс": "Проезды" }, "geometry": { "type": "MultiLineString", "coordinates": [ [ [ 85.9616055, 51.9775707 ], [ 85.9614071, 51.9779903 ], [ 85.9611388, 51.978334 ], [ 85.9607425, 51.9785596 ], [ 85.9603609, 51.9787702 ], [ 85.959921, 51.9789949 ], [ 85.9595993, 51.97917 ], [ 85.9591969, 51.9793352 ], [ 85.9589307, 51.9794258 ], [ 85.9586712, 51.9795302 ], [ 85.9583708, 51.9796524 ], [ 85.9580006, 51.979778 ], [ 85.9578826, 51.9798441 ], [ 85.9578316, 51.979995 ] ] ] } },
{ "type": "Feature", "properties": { "highway": "residential", "surface": null, "ref": null, "name": "улица Эркемена Палкина", "Класс": "Прочие" }, "geometry": { "type": "MultiLineString", "coordinates": [ [ [ 85.9610301, 51.9608958 ], [ 85.9610166, 51.9606975 ], [ 85.9609988, 51.9604643 ], [ 85.9609818, 51.9602329 ], [ 85.9609596, 51.959925 ], [ 85.9609544, 51.9598479 ], [ 85.9609477, 51.9591142 ], [ 85.9609504, 51.9587251 ] ] ] } },
{ "type": "Feature", "properties": { "highway": "residential", "surface": null, "ref": null, "name": "Объездная улица", "Класс": "Прочие" }, "geometry": { "type": "MultiLineString", "coordinates": [ [ [ 85.9659927, 51.9608751 ], [ 85.9648099, 51.9608456 ], [ 85.9639293, 51.9608474 ] ] ] } },
{ "type": "Feature", "properties": { "highway": "residential", "surface": null, "ref": null, "name": "улица П.Кучияк", "Класс": "Прочие" }, "geometry": { "type": "MultiLineString", "coordinates": [ [ [ 85.9648129, 51.9598264 ], [ 85.9653277, 51.9599573 ], [ 85.9656493, 51.960035 ], [ 85.9663828, 51.9602468 ], [ 85.9667855, 51.9603708 ], [ 85.9678764, 51.960759 ] ] ] } },
{ "type": "Feature", "properties": { "highway": "residential", "surface": null, "ref": null, "name": "улица Гастелло", "Класс": "Прочие" }, "geometry": { "type": "MultiLineString", "coordinates": [ [ [ 85.9667954, 51.9597123 ], [ 85.9667012, 51.9597462 ], [ 85.9662705, 51.9597513 ], [ 85.9656033, 51.9597462 ], [ 85.9654466, 51.9597548 ], [ 85.9653973, 51.9598116 ], [ 85.9653277, 51.9599573 ] ] ] } },
{ "type": "Feature", "properties": { "highway": "service", "surface": null, "ref": null, "name": null, "Класс": "Проезды" }, "geometry": { "type": "MultiLineString", "coordinates": [ [ [ 85.9667954, 51.9597123 ], [ 85.9668504, 51.9596666 ], [ 85.9669055, 51.9595503 ], [ 85.9669049, 51.9593067 ], [ 85.9669091, 51.9590786 ], [ 85.9669831, 51.9590342 ], [ 85.9669763, 51.9587641 ], [ 85.966974, 51.9586711 ] ] ] } },
{ "type": "Feature", "properties": { "highway": "primary", "surface": "asphalt", "ref": null, "name": "улица Чорос-Гуркина Г.И.", "Класс": "Главные" }, "geometry": { "type": "MultiLineString", "coordinates": [ [ [ 85.9687645, 51.9569559 ], [ 85.9676349, 51.9569653 ], [ 85.9666629, 51.9569733 ], [ 85.965585, 51.9569705 ], [ 85.9645121, 51.956987 ], [ 85.964058, 51.9569933 ], [ 85.9635495, 51.9570036 ], [ 85.9633855, 51.9570086 ], [ 85.9611562, 51.9570139 ], [ 85.9609654, 51.9570059 ], [ 85.9599835, 51.957014 ], [ 85.9598481, 51.957017 ], [ 85.9593248, 51.9570285 ], [ 85.9584986, 51.9570362 ], [ 85.9578923, 51.9570548 ], [ 85.9558527, 51.9570922 ], [ 85.9556395, 51.9570961 ], [ 85.955403, 51.9570994 ], [ 85.9535103, 51.9571253 ], [ 85.9534433, 51.9571263 ], [ 85.9522332, 51.9571434 ], [ 85.9521869, 51.9571441 ], [ 85.9519836, 51.9571469 ], [ 85.9510157, 51.9571538 ], [ 85.9508133, 51.9571487 ], [ 85.950702, 51.9571411 ], [ 85.9505097, 51.957124 ], [ 85.9502394, 51.9570763 ], [ 85.9499961, 51.95703 ], [ 85.9493845, 51.9568746 ], [ 85.9485384, 51.9566458 ], [ 85.9476922, 51.956417 ], [ 85.9458558, 51.9559305 ], [ 85.9456081, 51.9558649 ], [ 85.9454387, 51.9558199 ], [ 85.9449483, 51.9556897 ], [ 85.9443501, 51.9555376 ], [ 85.9440965, 51.95547 ], [ 85.9440359, 51.955452 ], [ 85.9438708, 51.9554092 ], [ 85.9431791, 51.9552095 ], [ 85.942688, 51.9550831 ], [ 85.9425193, 51.9550292 ], [ 85.9423113, 51.9549539 ], [ 85.9421987, 51.9549037 ], [ 85.9419476, 51.9547768 ], [ 85.9418218, 51.9546983 ], [ 85.9416987, 51.9546228 ], [ 85.9416315, 51.9545752 ], [ 85.9414947, 51.9544935 ], [ 85.9413402, 51.9544106 ], [ 85.9411802, 51.9543373 ], [ 85.9410286, 51.9542849 ], [ 85.9406024, 51.9542044 ], [ 85.9398215, 51.9541184 ], [ 85.9395081, 51.9540788 ], [ 85.9391942, 51.9540408 ], [ 85.9387892, 51.9539978 ], [ 85.9382959, 51.9539327 ], [ 85.9376547, 51.9538573 ], [ 85.9371459, 51.9537917 ], [ 85.9364128, 51.9537218 ], [ 85.935718, 51.9536443 ], [ 85.9356459, 51.9536362 ], [ 85.9353614, 51.9536044 ], [ 85.9348149, 51.9535386 ], [ 85.9343341, 51.9534738 ], [ 85.9341731, 51.9534622 ], [ 85.9340659, 51.9534523 ], [ 85.9336528, 51.9534209 ], [ 85.933465, 51.9534209 ], [ 85.9331968, 51.9534705 ], [ 85.9328938, 51.953573 ], [ 85.9327128, 51.9537075 ], [ 85.9325714, 51.9538401 ], [ 85.9324544, 51.9540179 ], [ 85.932335, 51.9542757 ], [ 85.9323171, 51.9543532 ] ] ] } },
{ "type": "Feature", "properties": { "highway": "residential", "surface": null, "ref": null, "name": "Спортивный переулок", "Класс": "Прочие" }, "geometry": { "type": "MultiLineString", "coordinates": [ [ [ 85.9574225, 51.9536637 ], [ 85.9575995, 51.9535513 ], [ 85.9578194, 51.953462 ], [ 85.9582861, 51.9533331 ], [ 85.9586402, 51.9532339 ], [ 85.9590425, 51.9531413 ], [ 85.9596272, 51.9530752 ], [ 85.9603246, 51.953019 ], [ 85.9608664, 51.9529893 ], [ 85.9611615, 51.9529826 ], [ 85.9612473, 51.9529926 ], [ 85.9613844, 51.9530518 ], [ 85.9614517, 51.9530808 ] ] ] } },
{ "type": "Feature", "properties": { "highway": "service", "surface": null, "ref": null, "name": null, "Класс": "Проезды" }, "geometry": { "type": "MultiLineString", "coordinates": [ [ [ 85.942688, 51.9550831 ], [ 85.94239, 51.9554925 ], [ 85.9423634, 51.9555297 ], [ 85.9421908, 51.9557706 ] ] ] } },
{ "type": "Feature", "properties": { "highway": "service", "surface": null, "ref": null, "name": null, "Класс": "Проезды" }, "geometry": { "type": "MultiLineString", "coordinates": [ [ [ 85.9667641, 51.9582234 ], [ 85.9667662, 51.9578821 ], [ 85.9667455, 51.9576569 ], [ 85.9667249, 51.9574323 ], [ 85.9666629, 51.9569733 ] ] ] } },
{ "type": "Feature", "properties": { "highway": "service", "surface": null, "ref": null, "name": null, "Класс": "Проезды" }, "geometry": { "type": "MultiLineString", "coordinates": [ [ [ 85.9634565, 51.9538823 ], [ 85.9635561, 51.9538803 ], [ 85.9637579, 51.9538925 ], [ 85.9639797, 51.9539639 ], [ 85.9644529, 51.9541046 ], [ 85.9647606, 51.954229 ], [ 85.964989, 51.9543718 ], [ 85.9651644, 51.9544901 ] ] ] } },
{ "type": "Feature", "properties": { "highway": "service", "surface": null, "ref": null, "name": null, "Класс": "Проезды" }, "geometry": { "type": "MultiLineString", "coordinates": [ [ [ 85.9647904, 51.9551264 ], [ 85.9648401, 51.955159 ], [ 85.9648864, 51.9552528 ] ] ] } },
{ "type": "Feature", "properties": { "highway": "service", "surface": null, "ref": null, "name": null, "Класс": "Проезды" }, "geometry": { "type": "MultiLineString", "coordinates": [ [ [ 85.9635074, 51.955261 ], [ 85.9638672, 51.9552548 ], [ 85.964069, 51.9552548 ], [ 85.964294, 51.9552181 ], [ 85.9645952, 51.955159 ], [ 85.9647904, 51.9551264 ], [ 85.9648103, 51.9550305 ], [ 85.9647937, 51.9549061 ], [ 85.9647209, 51.9547817 ] ] ] } },
{ "type": "Feature", "properties": { "highway": "residential", "surface": null, "ref": null, "name": "Театральный переулок", "Класс": "Прочие" }, "geometry": { "type": "MultiLineString", "coordinates": [ [ [ 85.9626656, 51.9526843 ], [ 85.9626396, 51.9526364 ], [ 85.9625876, 51.9525405 ], [ 85.962323, 51.9519599 ], [ 85.9624076, 51.9518405 ], [ 85.9626069, 51.9515155 ], [ 85.962639, 51.9514741 ], [ 85.9627097, 51.9512139 ], [ 85.9627416, 51.9509117 ], [ 85.9626935, 51.9506506 ], [ 85.9626697, 51.9504517 ] ] ] } },
{ "type": "Feature", "properties": { "highway": "residential", "surface": null, "ref": null, "name": "Набережный переулок", "Класс": "Прочие" }, "geometry": { "type": "MultiLineString", "coordinates": [ [ [ 85.9662591, 51.9508549 ], [ 85.9661423, 51.950718 ], [ 85.9659059, 51.9504766 ], [ 85.9657638, 51.9503474 ], [ 85.9656637, 51.9502663 ], [ 85.9647425, 51.9505106 ] ] ] } },
{ "type": "Feature", "properties": { "highway": "residential", "surface": null, "ref": null, "name": "Набережная улица", "Класс": "Прочие" }, "geometry": { "type": "MultiLineString", "coordinates": [ [ [ 85.9655196, 51.9521516 ], [ 85.9654591, 51.9518402 ], [ 85.9654514, 51.9516636 ], [ 85.9654868, 51.9515427 ], [ 85.9655054, 51.9514599 ], [ 85.9656493, 51.9513672 ], [ 85.9662591, 51.9508549 ], [ 85.9665796, 51.9506475 ], [ 85.9669673, 51.9504258 ], [ 85.9673753, 51.9502271 ], [ 85.9679379, 51.9500257 ], [ 85.9682523, 51.9499416 ], [ 85.9684154, 51.9499109 ], [ 85.9686112, 51.9498524 ], [ 85.9687794, 51.9497916 ], [ 85.9690635, 51.9495579 ], [ 85.9693984, 51.9493742 ], [ 85.9696595, 51.9492306 ], [ 85.9698457, 51.9491409 ], [ 85.970003, 51.9491006 ], [ 85.9703002, 51.9491004 ], [ 85.9704514, 51.9491201 ], [ 85.9706739, 51.9491509 ], [ 85.970977, 51.9491824 ], [ 85.9711472, 51.9492326 ], [ 85.9712802, 51.949259 ], [ 85.9714799, 51.9492846 ], [ 85.9718639, 51.9491641 ], [ 85.9722353, 51.9490262 ], [ 85.9726616, 51.9488181 ], [ 85.9727471, 51.9487764 ], [ 85.9726099, 51.9486746 ], [ 85.9724711, 51.9485712 ], [ 85.9724596, 51.9484928 ], [ 85.9726214, 51.9483931 ], [ 85.9728585, 51.9482648 ], [ 85.973136, 51.948108 ], [ 85.9732574, 51.9480118 ], [ 85.9733614, 51.9479084 ], [ 85.9735175, 51.9476626 ], [ 85.9736736, 51.947406 ], [ 85.9738124, 51.9471993 ], [ 85.974009, 51.9468429 ], [ 85.9741535, 51.9466184 ], [ 85.9742402, 51.9465507 ], [ 85.974379, 51.94654 ], [ 85.9745524, 51.9465721 ], [ 85.9752089, 51.9467255 ] ] ] } },
{ "type": "Feature", "properties": { "highway": "residential", "surface": null, "ref": null, "name": "Набережный переулок", "Класс": "Прочие" }, "geometry": { "type": "MultiLineString", "coordinates": [ [ [ 85.9656637, 51.9502663 ], [ 85.9659853, 51.9501718 ], [ 85.967097, 51.9498415 ] ] ] } },
{ "type": "Feature", "properties": { "highway": "residential", "surface": null, "ref": null, "name": "улица Чайковского", "Класс": "Прочие" }, "geometry": { "type": "MultiLineString", "coordinates": [ [ [ 85.9686164, 51.953176 ], [ 85.9687218, 51.953154 ], [ 85.9690248, 51.9531061 ], [ 85.9695487, 51.9530226 ], [ 85.9698242, 51.9530071 ], [ 85.97005, 51.9530224 ], [ 85.9706327, 51.9530448 ], [ 85.9714638, 51.9530838 ], [ 85.9722949, 51.9531172 ], [ 85.972854, 51.9531281 ] ] ] } },
{ "type": "Feature", "properties": { "highway": "service", "surface": null, "ref": null, "name": null, "Класс": "Проезды" }, "geometry": { "type": "MultiLineString", "coordinates": [ [ [ 85.9670172, 51.9547547 ], [ 85.9669491, 51.9542952 ], [ 85.9668815, 51.9538415 ] ] ] } },
{ "type": "Feature", "properties": { "highway": "residential", "surface": null, "ref": null, "name": "переулок Лисавенко", "Класс": "Прочие" }, "geometry": { "type": "MultiLineString", "coordinates": [ [ [ 85.9822756, 51.9459994 ], [ 85.9823769, 51.9460655 ], [ 85.9825648, 51.9461368 ], [ 85.9828756, 51.9461813 ], [ 85.9829787, 51.9461884 ], [ 85.9831357, 51.9461991 ], [ 85.9833019, 51.9462437 ], [ 85.9834392, 51.9463194 ], [ 85.9835476, 51.946462 ], [ 85.9836271, 51.9465956 ], [ 85.9836199, 51.9466535 ], [ 85.9835532, 51.9468145 ] ] ] } },
{ "type": "Feature", "properties": { "highway": "residential", "surface": null, "ref": null, "name": "улица Полежаева", "Класс": "Прочие" }, "geometry": { "type": "MultiLineString", "coordinates": [ [ [ 85.9715742, 51.9548269 ], [ 85.9717585, 51.9548398 ], [ 85.9719913, 51.9548474 ], [ 85.9721507, 51.9548348 ], [ 85.972215, 51.9547682 ], [ 85.9722249, 51.9546658 ], [ 85.9722156, 51.9545029 ], [ 85.9722302, 51.954269 ], [ 85.9723349, 51.9541171 ], [ 85.9724028, 51.9539537 ], [ 85.9724316, 51.9537802 ] ] ] } },
{ "type": "Feature", "properties": { "highway": "residential", "surface": "asphalt", "ref": null, "name": "Октябрьская улица", "Класс": "Прочие" }, "geometry": { "type": "MultiLineString", "coordinates": [ [ [ 85.9727857, 51.953776 ], [ 85.9724316, 51.9537802 ], [ 85.9721054, 51.9537497 ], [ 85.971361, 51.9537008 ], [ 85.9704432, 51.9536918 ], [ 85.9696411, 51.9537066 ], [ 85.9687475, 51.9537441 ], [ 85.9686433, 51.9537449 ], [ 85.9685357, 51.953742 ], [ 85.9679764, 51.9537557 ], [ 85.9673612, 51.953807 ], [ 85.9668815, 51.9538415 ], [ 85.9665889, 51.9538241 ], [ 85.9662373, 51.9537614 ], [ 85.965984, 51.9537171 ], [ 85.965613, 51.9536074 ], [ 85.9654757, 51.9535629 ], [ 85.9650765, 51.9534336 ], [ 85.9645399, 51.9532762 ], [ 85.9639988, 51.9531072 ], [ 85.9637648, 51.9530328 ], [ 85.963573, 51.9529549 ] ] ] } },
{ "type": "Feature", "properties": { "highway": "residential", "surface": null, "ref": null, "name": "Социалистический переулок", "Класс": "Прочие" }, "geometry": { "type": "MultiLineString", "coordinates": [ [ [ 85.9795454, 51.9455519 ], [ 85.9795457, 51.9454583 ], [ 85.9795191, 51.945347 ], [ 85.9794362, 51.9452056 ], [ 85.9793032, 51.9450096 ], [ 85.9792509, 51.944948 ], [ 85.9792107, 51.9447993 ], [ 85.9791992, 51.9446318 ], [ 85.9791786, 51.9445937 ], [ 85.9791182, 51.9444822 ], [ 85.9789621, 51.9443824 ], [ 85.9788176, 51.9443182 ], [ 85.9785459, 51.944304 ], [ 85.9784754, 51.944309 ], [ 85.9781932, 51.9443289 ], [ 85.977696, 51.9443396 ], [ 85.977504, 51.9443554 ], [ 85.9774359, 51.944361 ], [ 85.97721, 51.9443607 ], [ 85.9768334, 51.9443132 ], [ 85.9766469, 51.9442727 ], [ 85.9763547, 51.9442755 ], [ 85.9756494, 51.9443396 ], [ 85.9750798, 51.9444517 ] ] ] } },
{ "type": "Feature", "properties": { "highway": "service", "surface": null, "ref": null, "name": null, "Класс": "Проезды" }, "geometry": { "type": "MultiLineString", "coordinates": [ [ [ 85.965206, 51.9538412 ], [ 85.9654757, 51.9535629 ] ] ] } },
{ "type": "Feature", "properties": { "highway": "residential", "surface": null, "ref": null, "name": "Подгорная улица", "Класс": "Прочие" }, "geometry": { "type": "MultiLineString", "coordinates": [ [ [ 85.9728639, 51.9525425 ], [ 85.9732454, 51.9525427 ], [ 85.9734244, 51.9525522 ], [ 85.9734984, 51.9525561 ], [ 85.9738236, 51.9526051 ], [ 85.9741176, 51.9526612 ], [ 85.9741677, 51.9527735 ], [ 85.974224, 51.9529676 ], [ 85.9742662, 51.9531562 ], [ 85.9742209, 51.9534068 ], [ 85.974119, 51.9536871 ], [ 85.9740349, 51.9539485 ], [ 85.9740166, 51.9542119 ] ] ] } },
{ "type": "Feature", "properties": { "highway": "residential", "surface": null, "ref": null, "name": "улица Маяковского", "Класс": "Прочие" }, "geometry": { "type": "MultiLineString", "coordinates": [ [ [ 85.9661795, 51.9548381 ], [ 85.9662623, 51.9548039 ], [ 85.9663994, 51.9547885 ], [ 85.9668245, 51.9547667 ], [ 85.9670172, 51.9547547 ], [ 85.9671325, 51.9547506 ], [ 85.9679658, 51.9547367 ], [ 85.968687, 51.9547245 ], [ 85.9691899, 51.9547237 ], [ 85.9700619, 51.9547273 ], [ 85.9709165, 51.9547156 ], [ 85.9713254, 51.9547706 ], [ 85.9715742, 51.9548269 ] ] ] } },
{ "type": "Feature", "properties": { "highway": "residential", "surface": null, "ref": null, "name": "улица Алферова", "Класс": "Прочие" }, "geometry": { "type": "MultiLineString", "coordinates": [ [ [ 85.9707784, 51.9524506 ], [ 85.9708947, 51.95222 ], [ 85.9712127, 51.9517853 ], [ 85.971588, 51.9514106 ], [ 85.9716401, 51.9512702 ], [ 85.9716343, 51.9511954 ], [ 85.9715881, 51.9510885 ], [ 85.9711598, 51.9506195 ] ] ] } },
{ "type": "Feature", "properties": { "highway": "residential", "surface": null, "ref": null, "name": "Кузнечный переулок", "Класс": "Прочие" }, "geometry": { "type": "MultiLineString", "coordinates": [ [ [ 85.9707139, 51.9508832 ], [ 85.970456, 51.9506423 ], [ 85.9702515, 51.9504165 ], [ 85.9700546, 51.9501843 ], [ 85.9698634, 51.9500232 ], [ 85.9696538, 51.9499118 ], [ 85.9694009, 51.9498227 ], [ 85.9690829, 51.9497826 ], [ 85.9687794, 51.9497916 ] ] ] } },
{ "type": "Feature", "properties": { "highway": "residential", "surface": null, "ref": null, "name": "Горный переулок", "Класс": "Прочие" }, "geometry": { "type": "MultiLineString", "coordinates": [ [ [ 85.9829787, 51.9461884 ], [ 85.9827382, 51.9462793 ], [ 85.982507, 51.9463729 ], [ 85.982189, 51.946413 ], [ 85.9818421, 51.9464085 ], [ 85.9814302, 51.9464041 ], [ 85.9807365, 51.9464531 ], [ 85.9802346, 51.9464982 ], [ 85.9798765, 51.9465154 ], [ 85.9795874, 51.9464931 ], [ 85.9793128, 51.9464486 ], [ 85.9790093, 51.946364 ], [ 85.9785901, 51.9462437 ], [ 85.9782938, 51.9461502 ], [ 85.9778602, 51.9460744 ], [ 85.9773629, 51.9460605 ] ] ] } },
{ "type": "Feature", "properties": { "highway": "service", "surface": null, "ref": null, "name": null, "Класс": "Проезды" }, "geometry": { "type": "MultiLineString", "coordinates": [ [ [ 85.9829418, 51.9453522 ], [ 85.9829117, 51.9455844 ], [ 85.9829478, 51.9457181 ], [ 85.9829984, 51.9458339 ], [ 85.9831068, 51.9460165 ], [ 85.9833019, 51.9462437 ] ] ] } },
{ "type": "Feature", "properties": { "highway": "service", "surface": null, "ref": null, "name": null, "Класс": "Проезды" }, "geometry": { "type": "MultiLineString", "coordinates": [ [ [ 85.9727471, 51.9487764 ], [ 85.9730088, 51.9489661 ], [ 85.9735229, 51.9493149 ] ] ] } },
{ "type": "Feature", "properties": { "highway": "service", "surface": null, "ref": null, "name": null, "Класс": "Проезды" }, "geometry": { "type": "MultiLineString", "coordinates": [ [ [ 85.9719559, 51.950051 ], [ 85.9716949, 51.9496526 ], [ 85.9714799, 51.9492846 ] ] ] } },
{ "type": "Feature", "properties": { "highway": "residential", "surface": null, "ref": null, "name": "Плодовоягодный переулок", "Класс": "Прочие" }, "geometry": { "type": "MultiLineString", "coordinates": [ [ [ 85.977504, 51.9443554 ], [ 85.9774532, 51.9445463 ], [ 85.9774243, 51.9447316 ], [ 85.9774474, 51.9449455 ], [ 85.9774819, 51.9450349 ], [ 85.9775052, 51.9450916 ], [ 85.9774879, 51.9452305 ], [ 85.9774532, 51.9453517 ], [ 85.9774012, 51.94548 ], [ 85.9773376, 51.9455762 ], [ 85.9772566, 51.9457188 ], [ 85.9771988, 51.9458863 ], [ 85.9771346, 51.9461684 ] ] ] } },
{ "type": "Feature", "properties": { "highway": "residential", "surface": null, "ref": null, "name": "Интернациональная улица", "Класс": "Прочие" }, "geometry": { "type": "MultiLineString", "coordinates": [ [ [ 85.967838, 51.9541148 ], [ 85.9686741, 51.9541068 ], [ 85.9687959, 51.9541262 ], [ 85.9705874, 51.9541149 ], [ 85.9723349, 51.9541171 ] ] ] } },
{ "type": "Feature", "properties": { "highway": "residential", "surface": null, "ref": null, "name": "Садовая улица", "Класс": "Прочие" }, "geometry": { "type": "MultiLineString", "coordinates": [ [ [ 85.9792509, 51.944948 ], [ 85.9791237, 51.9449445 ], [ 85.9788404, 51.944948 ], [ 85.9784299, 51.9449694 ], [ 85.9779732, 51.9449837 ], [ 85.9775338, 51.94503 ], [ 85.9774819, 51.9450349 ], [ 85.9771176, 51.9450407 ], [ 85.9767476, 51.9450265 ], [ 85.9765641, 51.9450155 ], [ 85.9764161, 51.94501 ], [ 85.9762977, 51.9450356 ], [ 85.9762029, 51.9450812 ], [ 85.9761777, 51.945166 ], [ 85.9761849, 51.945273 ], [ 85.9761415, 51.9453799 ], [ 85.9760187, 51.945518 ], [ 85.9756007, 51.9458988 ] ] ] } },
{ "type": "Feature", "properties": { "highway": "residential", "surface": null, "ref": null, "name": "Горная улица", "Класс": "Прочие" }, "geometry": { "type": "MultiLineString", "coordinates": [ [ [ 85.9829418, 51.9453522 ], [ 85.9825299, 51.9453701 ], [ 85.9820385, 51.9453344 ], [ 85.9817607, 51.9453491 ], [ 85.9815399, 51.9453612 ], [ 85.9810701, 51.9454592 ], [ 85.980716, 51.9454903 ], [ 85.9804342, 51.9454814 ], [ 85.9799861, 51.9455126 ], [ 85.9795454, 51.9455519 ], [ 85.9794369, 51.9455616 ], [ 85.9789816, 51.9456195 ], [ 85.9785119, 51.9456596 ], [ 85.9782228, 51.9457621 ], [ 85.9777603, 51.945918 ], [ 85.9773629, 51.9460605 ], [ 85.9771346, 51.9461684 ], [ 85.9768038, 51.9463247 ], [ 85.9766151, 51.9464274 ], [ 85.976391, 51.9465017 ] ] ] } },
{ "type": "Feature", "properties": { "highway": "residential", "surface": null, "ref": null, "name": "Советская улица", "Класс": "Прочие" }, "geometry": { "type": "MultiLineString", "coordinates": [ [ [ 85.975144, 51.9603619 ], [ 85.9751465, 51.9603248 ], [ 85.9751534, 51.9600011 ], [ 85.9750777, 51.9597199 ], [ 85.9749911, 51.9595916 ], [ 85.9748761, 51.95949 ], [ 85.9747961, 51.9594486 ], [ 85.9747111, 51.9593431 ], [ 85.9744853, 51.9591343 ], [ 85.9742304, 51.9588686 ], [ 85.9739659, 51.958522 ], [ 85.9737965, 51.9581949 ], [ 85.9737605, 51.958098 ], [ 85.9736723, 51.9578609 ], [ 85.9735142, 51.9575687 ], [ 85.9733981, 51.9574074 ], [ 85.9732432, 51.9572625 ], [ 85.9730286, 51.9570816 ], [ 85.9728028, 51.9569842 ], [ 85.9725318, 51.9569563 ], [ 85.9720751, 51.9569278 ], [ 85.9717629, 51.9568708 ] ] ] } },
{ "type": "Feature", "properties": { "highway": "residential", "surface": null, "ref": null, "name": "Плодовоягодная улица", "Класс": "Прочие" }, "geometry": { "type": "MultiLineString", "coordinates": [ [ [ 86.0115313, 51.9432563 ], [ 86.0102666, 51.9434178 ], [ 86.0095203, 51.9434281 ], [ 86.0086496, 51.9433287 ], [ 86.0075295, 51.9431227 ], [ 86.0062468, 51.942989 ], [ 86.0048737, 51.9429445 ], [ 86.0041121, 51.9429041 ], [ 86.0037768, 51.9428694 ], [ 86.0035381, 51.942881 ], [ 86.0033922, 51.9428999 ], [ 86.0026605, 51.943028 ], [ 86.001441, 51.9433566 ], [ 85.998279, 51.9442583 ], [ 85.9971863, 51.9445649 ], [ 85.9963304, 51.9448873 ], [ 85.9948286, 51.9453834 ], [ 85.9940427, 51.9455783 ], [ 85.9924528, 51.9459514 ], [ 85.9905468, 51.94633 ], [ 85.9903935, 51.9463575 ], [ 85.9898266, 51.946459 ], [ 85.9886498, 51.9466697 ], [ 85.9877194, 51.9468701 ], [ 85.9872852, 51.9469496 ], [ 85.9870765, 51.9469878 ], [ 85.986807, 51.9470372 ], [ 85.9865114, 51.947064 ], [ 85.9863102, 51.947065 ], [ 85.9858043, 51.9469704 ], [ 85.9852352, 51.9468757 ], [ 85.9842903, 51.9468145 ], [ 85.9835532, 51.9468145 ], [ 85.9825559, 51.9468857 ], [ 85.98192, 51.9469481 ], [ 85.9816598, 51.9469258 ], [ 85.9813924, 51.9468902 ], [ 85.9809829, 51.9469163 ], [ 85.9799949, 51.9469598 ], [ 85.9793456, 51.9469424 ], [ 85.9785552, 51.9468119 ], [ 85.9777873, 51.9466727 ], [ 85.9769518, 51.9465335 ], [ 85.976391, 51.9465017 ], [ 85.9760726, 51.9464938 ], [ 85.9757436, 51.9465022 ], [ 85.9753327, 51.9464954 ] ] ] } },
{ "type": "Feature", "properties": { "highway": "residential", "surface": null, "ref": null, "name": "Молодёжная улица", "Класс": "Прочие" }, "geometry": { "type": "MultiLineString", "coordinates": [ [ [ 85.9728662, 51.9516941 ], [ 85.9730432, 51.9514954 ], [ 85.9734606, 51.9511823 ], [ 85.9737916, 51.9509079 ], [ 85.974049, 51.9506676 ], [ 85.9741398, 51.9504676 ], [ 85.9741744, 51.9503358 ], [ 85.9742049, 51.950229 ], [ 85.9741833, 51.9501369 ], [ 85.9739216, 51.9500615 ], [ 85.9735805, 51.9498976 ], [ 85.9733251, 51.9497011 ], [ 85.9730993, 51.949548 ] ] ] } },
{ "type": "Feature", "properties": { "highway": "residential", "surface": null, "ref": null, "name": "Поперечный переулок", "Класс": "Прочие" }, "geometry": { "type": "MultiLineString", "coordinates": [ [ [ 85.972767, 51.9519397 ], [ 85.972236, 51.9521024 ], [ 85.9716668, 51.9522617 ], [ 85.9710219, 51.9523839 ], [ 85.9707784, 51.9524506 ], [ 85.9707097, 51.9524694 ], [ 85.9704495, 51.952619 ], [ 85.9702009, 51.9527616 ], [ 85.9701084, 51.9528471 ], [ 85.97005, 51.9530224 ] ] ] } },
{ "type": "Feature", "properties": { "highway": "residential", "surface": null, "ref": null, "name": "Водопойный переулок", "Класс": "Прочие" }, "geometry": { "type": "MultiLineString", "coordinates": [ [ [ 85.9703002, 51.9491004 ], [ 85.9703911, 51.9492919 ], [ 85.970518, 51.9495382 ], [ 85.9706835, 51.9497874 ], [ 85.9709074, 51.9500626 ], [ 85.9711144, 51.9502342 ], [ 85.9714209, 51.9504224 ] ] ] } },
{ "type": "Feature", "properties": { "highway": "residential", "surface": null, "ref": null, "name": "улица Полежаева", "Класс": "Прочие" }, "geometry": { "type": "MultiLineString", "coordinates": [ [ [ 85.9727857, 51.953776 ], [ 85.9728212, 51.9533798 ], [ 85.972854, 51.9531281 ], [ 85.9728773, 51.952982 ], [ 85.972883, 51.9526981 ], [ 85.9728639, 51.9525425 ], [ 85.9728263, 51.9522912 ], [ 85.972792, 51.9520848 ], [ 85.972767, 51.9519397 ], [ 85.9728152, 51.9518026 ], [ 85.9728662, 51.9516941 ], [ 85.9728232, 51.9515777 ], [ 85.9728014, 51.9514546 ], [ 85.9727426, 51.9510062 ], [ 85.9727544, 51.9505804 ], [ 85.9727751, 51.950186 ], [ 85.9727701, 51.949678 ] ] ] } },
{ "type": "Feature", "properties": { "highway": "residential", "surface": null, "ref": null, "name": "Молодёжная улица", "Класс": "Прочие" }, "geometry": { "type": "MultiLineString", "coordinates": [ [ [ 85.9737916, 51.9509079 ], [ 85.9739621, 51.9509773 ], [ 85.9740893, 51.9510236 ], [ 85.9741298, 51.9510913 ], [ 85.9741099, 51.9512005 ], [ 85.9740679, 51.9512955 ], [ 85.9739022, 51.9516811 ], [ 85.9737713, 51.9519037 ], [ 85.9734244, 51.9525522 ] ] ] } },
{ "type": "Feature", "properties": { "highway": "service", "surface": null, "ref": null, "name": null, "Класс": "Проезды" }, "geometry": { "type": "MultiLineString", "coordinates": [ [ [ 85.9490371, 51.9459741 ], [ 85.9489901, 51.9461993 ], [ 85.9488479, 51.946516 ], [ 85.9488191, 51.9466806 ] ] ] } },
{ "type": "Feature", "properties": { "highway": "residential", "surface": null, "ref": null, "name": "Родниковая улица", "Класс": "Прочие" }, "geometry": { "type": "MultiLineString", "coordinates": [ [ [ 85.9665969, 51.9448803 ], [ 85.9666781, 51.9450327 ], [ 85.9668333, 51.9451104 ], [ 85.9673863, 51.9453257 ], [ 85.9675906, 51.9453983 ], [ 85.9677819, 51.9454663 ], [ 85.9684526, 51.9456948 ] ] ] } },
{ "type": "Feature", "properties": { "highway": "residential", "surface": null, "ref": null, "name": "Ледяной переулок", "Класс": "Прочие" }, "geometry": { "type": "MultiLineString", "coordinates": [ [ [ 85.966517, 51.9452885 ], [ 85.9667672, 51.945492 ], [ 85.9670963, 51.9457638 ], [ 85.9673758, 51.9460011 ], [ 85.9675993, 51.9461619 ], [ 85.9677111, 51.9462346 ], [ 85.967829, 51.9462614 ], [ 85.9679719, 51.9462384 ], [ 85.9683842, 51.9461985 ] ] ] } },
{ "type": "Feature", "properties": { "highway": "residential", "surface": null, "ref": null, "name": "улица Пушкина", "Класс": "Прочие" }, "geometry": { "type": "MultiLineString", "coordinates": [ [ [ 85.9637391, 51.9481309 ], [ 85.9637604, 51.9479914 ], [ 85.9638072, 51.9478391 ], [ 85.9638857, 51.9476765 ], [ 85.9640334, 51.9474091 ], [ 85.964256, 51.9471716 ], [ 85.9645029, 51.9469225 ], [ 85.9649294, 51.9464429 ], [ 85.9652361, 51.946074 ], [ 85.9654456, 51.9459079 ], [ 85.9657075, 51.9457096 ], [ 85.9660366, 51.9454652 ], [ 85.9662761, 51.9452992 ], [ 85.9665155, 51.9450409 ], [ 85.9665969, 51.9448803 ], [ 85.9667025, 51.944672 ], [ 85.9667279, 51.9445874 ], [ 85.9667923, 51.9443722 ], [ 85.9672337, 51.9433068 ], [ 85.9673499, 51.9430323 ], [ 85.9676377, 51.9423521 ], [ 85.9678999, 51.9419437 ], [ 85.9682052, 51.9413983 ], [ 85.9684414, 51.941031 ], [ 85.9687538, 51.9405058 ], [ 85.9695082, 51.9392377 ], [ 85.9695496, 51.9391773 ], [ 85.970275, 51.9381191 ], [ 85.9703688, 51.9379612 ], [ 85.970608, 51.9375587 ], [ 85.9709172, 51.937034 ], [ 85.9711579, 51.9366255 ], [ 85.9713936, 51.9362256 ], [ 85.9722516, 51.9350567 ], [ 85.9722816, 51.9350153 ], [ 85.9731351, 51.9338358 ], [ 85.9735679, 51.9332746 ] ] ] } },
{ "type": "Feature", "properties": { "highway": "residential", "surface": null, "ref": null, "name": null, "Класс": "Прочие" }, "geometry": { "type": "MultiLineString", "coordinates": [ [ [ 85.9558802, 51.9465877 ], [ 85.9552019, 51.9470408 ], [ 85.9547165, 51.9474939 ] ] ] } },
{ "type": "Feature", "properties": { "highway": "residential", "surface": null, "ref": null, "name": "улица Фурманова", "Класс": "Прочие" }, "geometry": { "type": "MultiLineString", "coordinates": [ [ [ 85.9608283, 51.9486878 ], [ 85.9606998, 51.9487674 ], [ 85.9605502, 51.9489564 ], [ 85.9603407, 51.9491685 ], [ 85.9602584, 51.9492562 ], [ 85.9601387, 51.9492931 ], [ 85.960019, 51.9492931 ], [ 85.9598843, 51.9492562 ], [ 85.9597935, 51.9492053 ], [ 85.9595551, 51.9490717 ], [ 85.9592708, 51.9489149 ], [ 85.9589192, 51.9487904 ], [ 85.9585226, 51.9486982 ], [ 85.9581336, 51.948629 ], [ 85.957857, 51.9485528 ], [ 85.9574303, 51.9484307 ], [ 85.9569814, 51.9483108 ], [ 85.9563454, 51.9480941 ], [ 85.9558068, 51.9478635 ], [ 85.9553279, 51.9476883 ], [ 85.9548865, 51.9475591 ], [ 85.9547165, 51.9474939 ], [ 85.95449, 51.9474208 ], [ 85.9539737, 51.947287 ], [ 85.953465, 51.947204 ], [ 85.9532505, 51.9471913 ], [ 85.9530759, 51.947181 ], [ 85.9527767, 51.9471671 ], [ 85.9525447, 51.9471902 ], [ 85.9523652, 51.9471856 ], [ 85.9520509, 51.9470887 ], [ 85.9518265, 51.9470103 ], [ 85.9515197, 51.9469181 ], [ 85.951183, 51.9468582 ], [ 85.950779, 51.9468028 ], [ 85.9504274, 51.9467982 ], [ 85.9498887, 51.9468351 ], [ 85.9495445, 51.9468259 ], [ 85.9489759, 51.9467106 ], [ 85.9488191, 51.9466806 ], [ 85.9482622, 51.9465552 ], [ 85.9478101, 51.9464598 ], [ 85.9474348, 51.9463923 ], [ 85.9471147, 51.9463533 ], [ 85.9466862, 51.9463036 ], [ 85.9462702, 51.9462309 ], [ 85.9458914, 51.9461467 ], [ 85.9455065, 51.9460203 ], [ 85.9453078, 51.9459208 ] ] ] } },
{ "type": "Feature", "properties": { "highway": "residential", "surface": null, "ref": null, "name": "улица Льва Толстого", "Класс": "Прочие" }, "geometry": { "type": "MultiLineString", "coordinates": [ [ [ 85.9675906, 51.9453983 ], [ 85.9678583, 51.9449237 ], [ 85.9680765, 51.9443807 ], [ 85.96837, 51.9437154 ], [ 85.9685641, 51.9432429 ], [ 85.9685799, 51.9432044 ], [ 85.9687387, 51.9428182 ], [ 85.9689425, 51.9422142 ], [ 85.9691268, 51.9416938 ], [ 85.969282, 51.941323 ], [ 85.9694179, 51.940994 ], [ 85.9695504, 51.9406836 ], [ 85.9696604, 51.9404258 ], [ 85.969903, 51.9400072 ], [ 85.9701843, 51.9396184 ], [ 85.9703291, 51.9393822 ], [ 85.9705142, 51.9390801 ], [ 85.9707859, 51.9385956 ], [ 85.9711309, 51.9381113 ], [ 85.9714297, 51.9377511 ], [ 85.9718699, 51.937166 ], [ 85.9720738, 51.9369069 ], [ 85.9733025, 51.9353238 ], [ 85.9738214, 51.9346344 ], [ 85.9742042, 51.9341393 ] ] ] } },
{ "type": "Feature", "properties": { "highway": "residential", "surface": null, "ref": null, "name": null, "Класс": "Прочие" }, "geometry": { "type": "MultiLineString", "coordinates": [ [ [ 85.9611885, 51.9488623 ], [ 85.9614645, 51.9487108 ], [ 85.9621164, 51.9484428 ], [ 85.9629374, 51.9481263 ] ] ] } },
{ "type": "Feature", "properties": { "highway": "residential", "surface": null, "ref": null, "name": null, "Класс": "Прочие" }, "geometry": { "type": "MultiLineString", "coordinates": [ [ [ 85.9536641, 51.9461155 ], [ 85.9535551, 51.9463384 ], [ 85.953415, 51.9466554 ], [ 85.9533328, 51.9469422 ], [ 85.9532505, 51.9471913 ] ] ] } },
{ "type": "Feature", "properties": { "highway": "residential", "surface": null, "ref": null, "name": "Таёжная улица", "Класс": "Прочие" }, "geometry": { "type": "MultiLineString", "coordinates": [ [ [ 85.9581442, 51.948283 ], [ 85.957791, 51.9481353 ], [ 85.9574572, 51.9480013 ], [ 85.9572321, 51.9479296 ], [ 85.9568596, 51.9478052 ], [ 85.9564482, 51.9475995 ], [ 85.9562346, 51.9474674 ], [ 85.9559563, 51.9473427 ], [ 85.9555478, 51.9471641 ], [ 85.9552019, 51.9470408 ], [ 85.9548105, 51.9468914 ], [ 85.9543293, 51.9467814 ], [ 85.9539024, 51.9467192 ], [ 85.953415, 51.9466554 ], [ 85.9531805, 51.9466283 ], [ 85.9523639, 51.9465271 ], [ 85.9517945, 51.9464906 ] ] ] } },
{ "type": "Feature", "properties": { "highway": "service", "surface": null, "ref": null, "name": null, "Класс": "Проезды" }, "geometry": { "type": "MultiLineString", "coordinates": [ [ [ 85.9614963, 51.949028 ], [ 85.9614022, 51.9491202 ], [ 85.9612176, 51.9493103 ], [ 85.9611278, 51.9494348 ] ] ] } },
{ "type": "Feature", "properties": { "highway": "residential", "surface": null, "ref": null, "name": "улица Гоголя", "Класс": "Прочие" }, "geometry": { "type": "MultiLineString", "coordinates": [ [ [ 85.9689341, 51.9313703 ], [ 85.9687141, 51.9316772 ], [ 85.9685103, 51.9320301 ], [ 85.9683554, 51.9323644 ], [ 85.9682969, 51.9324908 ], [ 85.9680737, 51.9329394 ], [ 85.9678506, 51.9334479 ], [ 85.9675498, 51.9341179 ], [ 85.9675224, 51.9341788 ], [ 85.9671811, 51.9349374 ], [ 85.967055, 51.9352545 ], [ 85.9669483, 51.9354339 ], [ 85.9668512, 51.9356219 ], [ 85.9668255, 51.9357083 ], [ 85.9668835, 51.9358381 ], [ 85.966867, 51.935997 ], [ 85.9667493, 51.9362143 ], [ 85.9666547, 51.9363809 ], [ 85.9665893, 51.9365405 ], [ 85.9663839, 51.9369526 ], [ 85.9662594, 51.9372105 ], [ 85.9658907, 51.9379642 ], [ 85.9655706, 51.9384905 ], [ 85.9654097, 51.9387419 ], [ 85.9651631, 51.9391741 ], [ 85.9649496, 51.9397825 ], [ 85.9648268, 51.9401402 ], [ 85.9647362, 51.9403495 ], [ 85.9645965, 51.9408424 ], [ 85.9644723, 51.9412204 ], [ 85.9643792, 51.9416606 ], [ 85.9643481, 51.9422013 ], [ 85.9643636, 51.9427324 ], [ 85.964418, 51.9428615 ], [ 85.9645111, 51.9429381 ], [ 85.9646896, 51.9430003 ], [ 85.9650234, 51.9431199 ], [ 85.9651398, 51.9432108 ], [ 85.9651165, 51.9433448 ], [ 85.9650761, 51.9435442 ], [ 85.9650622, 51.9436127 ], [ 85.9650001, 51.9439811 ], [ 85.9649846, 51.9441151 ], [ 85.965083, 51.9442557 ], [ 85.965395, 51.944287 ], [ 85.9664209, 51.9444951 ], [ 85.9667279, 51.9445874 ] ] ] } },
{ "type": "Feature", "properties": { "highway": "residential", "surface": null, "ref": null, "name": "улица Пушкина", "Класс": "Прочие" }, "geometry": { "type": "MultiLineString", "coordinates": [ [ [ 85.9637128, 51.9495653 ], [ 85.9636949, 51.9493482 ], [ 85.9636799, 51.9490807 ], [ 85.9636126, 51.9488732 ], [ 85.9635228, 51.948698 ], [ 85.9633208, 51.948472 ], [ 85.9631936, 51.9483337 ], [ 85.963029, 51.9481907 ], [ 85.9629374, 51.9481263 ] ] ] } },
{ "type": "Feature", "properties": { "highway": "residential", "surface": null, "ref": null, "name": "Родниковая улица", "Класс": "Прочие" }, "geometry": { "type": "MultiLineString", "coordinates": [ [ [ 85.966891, 51.9477027 ], [ 85.9667984, 51.9473832 ], [ 85.9666556, 51.9471842 ], [ 85.9664693, 51.9469661 ], [ 85.9662803, 51.9467909 ], [ 85.9662124, 51.9465218 ], [ 85.9662124, 51.9462348 ], [ 85.9662706, 51.9459178 ], [ 85.9663191, 51.9455829 ], [ 85.9664355, 51.9453437 ], [ 85.966517, 51.9452885 ], [ 85.9667266, 51.9451463 ], [ 85.9668333, 51.9451104 ] ] ] } },
{ "type": "Feature", "properties": { "highway": "residential", "surface": null, "ref": null, "name": "Красногвардейская улица", "Класс": "Прочие" }, "geometry": { "type": "MultiLineString", "coordinates": [ [ [ 85.9684606, 51.9477458 ], [ 85.9676424, 51.9476952 ], [ 85.9673286, 51.9476892 ], [ 85.9672177, 51.94769 ], [ 85.966891, 51.9477027 ], [ 85.9667646, 51.9477131 ], [ 85.9663164, 51.9477737 ], [ 85.9660445, 51.9478114 ], [ 85.9656329, 51.9478674 ], [ 85.9650045, 51.9480025 ], [ 85.9644054, 51.9480835 ], [ 85.9638647, 51.9481376 ], [ 85.9637391, 51.9481309 ], [ 85.9632655, 51.948136 ], [ 85.9629374, 51.9481263 ], [ 85.9625593, 51.9480487 ], [ 85.9621088, 51.9479241 ], [ 85.961232, 51.9477439 ], [ 85.9604248, 51.9476736 ], [ 85.9598964, 51.9475503 ], [ 85.9593931, 51.9474521 ], [ 85.9589838, 51.9473612 ], [ 85.9586917, 51.9472331 ], [ 85.9580674, 51.9468579 ], [ 85.9576899, 51.9466578 ], [ 85.956278, 51.9462561 ], [ 85.9560936, 51.9461736 ], [ 85.9557478, 51.9459651 ], [ 85.9553594, 51.9457397 ], [ 85.955153, 51.9456677 ], [ 85.955044, 51.9455844 ], [ 85.955021, 51.9453415 ], [ 85.9550093, 51.9452182 ], [ 85.9549995, 51.9451442 ], [ 85.9548924, 51.9449884 ], [ 85.9546586, 51.9446786 ], [ 85.9544308, 51.9442424 ], [ 85.9543516, 51.9441089 ], [ 85.9540707, 51.9437218 ], [ 85.9538754, 51.9435184 ], [ 85.9537117, 51.9433959 ], [ 85.9533599, 51.9432464 ], [ 85.9529381, 51.94308 ], [ 85.9525099, 51.9429157 ], [ 85.9520693, 51.9427227 ] ] ] } },
{ "type": "Feature", "properties": { "highway": "residential", "surface": null, "ref": null, "name": "улица Мастеровой Остров", "Класс": "Прочие" }, "geometry": { "type": "MultiLineString", "coordinates": [ [ [ 85.9660445, 51.9478114 ], [ 85.9663637, 51.9481291 ], [ 85.9663828, 51.9481477 ], [ 85.966727, 51.9484566 ], [ 85.9671014, 51.9487284 ], [ 85.9674281, 51.9490059 ] ] ] } },
{ "type": "Feature", "properties": { "highway": "residential", "surface": null, "ref": null, "name": "Родниковый переулок", "Класс": "Прочие" }, "geometry": { "type": "MultiLineString", "coordinates": [ [ [ 85.9673286, 51.9476892 ], [ 85.9672764, 51.9474632 ], [ 85.9671771, 51.9471608 ], [ 85.9670901, 51.9469962 ], [ 85.9670467, 51.9468546 ], [ 85.9669659, 51.9466518 ], [ 85.9669225, 51.9465331 ], [ 85.9667921, 51.9463992 ], [ 85.9666404, 51.9461851 ], [ 85.9663885, 51.945982 ], [ 85.9662706, 51.9459178 ] ] ] } },
{ "type": "Feature", "properties": { "highway": "residential", "surface": null, "ref": null, "name": "Красногвардейский переулок", "Класс": "Прочие" }, "geometry": { "type": "MultiLineString", "coordinates": [ [ [ 85.9587289, 51.9464908 ], [ 85.9592384, 51.9466766 ], [ 85.9597197, 51.9468632 ], [ 85.9602475, 51.9470976 ], [ 85.9604725, 51.9471598 ], [ 85.9607287, 51.9471981 ], [ 85.9610314, 51.9472555 ], [ 85.9614505, 51.9473464 ], [ 85.9617998, 51.9474373 ], [ 85.9622067, 51.947493 ], [ 85.9622733, 51.9475665 ], [ 85.9624673, 51.9477052 ], [ 85.9626536, 51.9478535 ], [ 85.9629374, 51.9481263 ] ] ] } },
{ "type": "Feature", "properties": { "highway": "residential", "surface": null, "ref": null, "name": "улица Чапаева", "Класс": "Прочие" }, "geometry": { "type": "MultiLineString", "coordinates": [ [ [ 85.9622067, 51.947493 ], [ 85.9622555, 51.9473542 ], [ 85.9624068, 51.9471731 ], [ 85.9626009, 51.9469445 ], [ 85.9628099, 51.9467627 ], [ 85.9630339, 51.9466431 ], [ 85.9634142, 51.9464804 ], [ 85.963779, 51.9462412 ], [ 85.9641516, 51.9459446 ], [ 85.9644155, 51.9456097 ], [ 85.9645862, 51.9452987 ], [ 85.9647168, 51.9449685 ], [ 85.9648642, 51.9446157 ], [ 85.9649686, 51.944356 ], [ 85.965083, 51.9442557 ], [ 85.9652305, 51.9441887 ], [ 85.9653624, 51.9440547 ], [ 85.9655332, 51.943782 ], [ 85.9661696, 51.942471 ], [ 85.9668193, 51.9411507 ], [ 85.9669673, 51.9408235 ], [ 85.9670905, 51.9405271 ], [ 85.9674736, 51.9396192 ], [ 85.9681101, 51.9384565 ], [ 85.9684904, 51.9376908 ], [ 85.9685865, 51.9374944 ], [ 85.968762, 51.9371357 ], [ 85.9688547, 51.9369018 ], [ 85.9690067, 51.9366455 ], [ 85.9692355, 51.9364179 ], [ 85.9696496, 51.9359301 ], [ 85.9701902, 51.9352934 ], [ 85.9706456, 51.9346999 ], [ 85.9708732, 51.9344033 ], [ 85.9713079, 51.9339056 ], [ 85.9719288, 51.9334413 ], [ 85.97215, 51.9333015 ], [ 85.9726428, 51.93299 ], [ 85.9727981, 51.9328431 ], [ 85.9733803, 51.9324268 ], [ 85.9738071, 51.932087 ], [ 85.974234, 51.9315845 ], [ 85.9744824, 51.9311059 ], [ 85.9745988, 51.9308283 ] ] ] } },
{ "type": "Feature", "properties": { "highway": "service", "surface": null, "ref": null, "name": null, "Класс": "Проезды" }, "geometry": { "type": "MultiLineString", "coordinates": [ [ [ 85.9680859, 51.9488572 ], [ 85.9677447, 51.9489199 ], [ 85.9674281, 51.9490059 ], [ 85.9673078, 51.9490564 ], [ 85.9670923, 51.9491191 ], [ 85.9667332, 51.9491523 ], [ 85.9662244, 51.9492003 ], [ 85.9656917, 51.9492372 ], [ 85.9652009, 51.9492962 ], [ 85.9649899, 51.9493168 ], [ 85.9649316, 51.949322 ], [ 85.964351, 51.9494142 ], [ 85.9639021, 51.9495212 ], [ 85.9637128, 51.9495653 ], [ 85.9635849, 51.949595 ], [ 85.9631779, 51.949702 ], [ 85.9628607, 51.9498311 ], [ 85.9627114, 51.9498867 ], [ 85.9625434, 51.9499492 ], [ 85.9621783, 51.9500525 ], [ 85.9618072, 51.9501447 ], [ 85.9614421, 51.9501668 ], [ 85.9608795, 51.9500562 ] ] ] } },
{ "type": "Feature", "properties": { "highway": "service", "surface": null, "ref": null, "name": null, "Класс": "Проезды" }, "geometry": { "type": "MultiLineString", "coordinates": [ [ [ 85.9550093, 51.9452182 ], [ 85.9535233, 51.9450872 ] ] ] } },
{ "type": "Feature", "properties": { "highway": "service", "surface": null, "ref": null, "name": null, "Класс": "Проезды" }, "geometry": { "type": "MultiLineString", "coordinates": [ [ [ 85.9585703, 51.9477846 ], [ 85.9588102, 51.9474711 ], [ 85.9589838, 51.9473612 ] ] ] } },
{ "type": "Feature", "properties": { "highway": "residential", "surface": null, "ref": null, "name": "Малиновый переулок", "Класс": "Прочие" }, "geometry": { "type": "MultiLineString", "coordinates": [ [ [ 85.9543516, 51.9441089 ], [ 85.95449, 51.9439598 ], [ 85.9546163, 51.9438725 ], [ 85.9546521, 51.9437598 ], [ 85.9546215, 51.9436803 ], [ 85.9546613, 51.9435872 ], [ 85.9548202, 51.9434391 ], [ 85.9549152, 51.9433813 ], [ 85.9550892, 51.9432039 ], [ 85.9551891, 51.9430063 ], [ 85.9552388, 51.9428111 ], [ 85.9552512, 51.9425623 ], [ 85.955116, 51.9422437 ], [ 85.9548531, 51.9417581 ], [ 85.9546202, 51.9413897 ], [ 85.9545628, 51.9411273 ], [ 85.9545222, 51.9408261 ], [ 85.9545365, 51.9406787 ], [ 85.9543563, 51.9403657 ], [ 85.954271, 51.9399733 ], [ 85.9542011, 51.939758 ], [ 85.9540691, 51.939581 ], [ 85.9536966, 51.9392986 ], [ 85.9533163, 51.939069 ], [ 85.9529204, 51.938801 ], [ 85.9526876, 51.9385426 ], [ 85.9526344, 51.9384528 ], [ 85.952478, 51.9381885 ], [ 85.9521443, 51.9378063 ], [ 85.952112, 51.9376508 ], [ 85.9520814, 51.9374474 ], [ 85.9520209, 51.9372242 ], [ 85.9519634, 51.9370386 ], [ 85.9517329, 51.936729 ], [ 85.9515233, 51.9364562 ], [ 85.9511407, 51.9361416 ], [ 85.9509722, 51.9359807 ], [ 85.9507542, 51.9357247 ], [ 85.950673, 51.9356528 ], [ 85.9506234, 51.9355879 ], [ 85.9501033, 51.9354995 ], [ 85.9493268, 51.9353747 ], [ 85.9488222, 51.9353125 ], [ 85.9484031, 51.9352312 ], [ 85.9479296, 51.9351211 ], [ 85.9475338, 51.9351067 ], [ 85.9472078, 51.9352072 ], [ 85.9467809, 51.9352551 ], [ 85.9464239, 51.9352838 ] ] ] } },
{ "type": "Feature", "properties": { "highway": "service", "surface": null, "ref": null, "name": null, "Класс": "Проезды" }, "geometry": { "type": "MultiLineString", "coordinates": [ [ [ 85.9560936, 51.9461736 ], [ 85.9561195, 51.9462839 ], [ 85.956194, 51.9464332 ], [ 85.9563182, 51.9465633 ], [ 85.9564361, 51.9467164 ], [ 85.9564786, 51.9468427 ] ] ] } },
{ "type": "Feature", "properties": { "highway": "service", "surface": null, "ref": null, "name": null, "Класс": "Проезды" }, "geometry": { "type": "MultiLineString", "coordinates": [ [ [ 85.9587353, 51.9478426 ], [ 85.9584347, 51.9480666 ], [ 85.9581442, 51.948283 ], [ 85.957857, 51.9485528 ] ] ] } },
{ "type": "Feature", "properties": { "highway": "residential", "surface": null, "ref": null, "name": "Партизанская улица", "Класс": "Прочие" }, "geometry": { "type": "MultiLineString", "coordinates": [ [ [ 85.9437943, 51.9444201 ], [ 85.9443437, 51.9444633 ], [ 85.9449282, 51.9445282 ], [ 85.9454426, 51.9446507 ], [ 85.9460973, 51.9448885 ], [ 85.9467636, 51.9451047 ], [ 85.9472663, 51.945292 ], [ 85.9476656, 51.9454989 ], [ 85.9477639, 51.9455874 ], [ 85.9480187, 51.9457462 ], [ 85.9481898, 51.9458325 ], [ 85.9485236, 51.9458791 ], [ 85.9490371, 51.9459741 ], [ 85.9494004, 51.9459929 ], [ 85.9500749, 51.9460365 ], [ 85.9514981, 51.9459982 ], [ 85.9530997, 51.9460631 ], [ 85.9536641, 51.9461155 ], [ 85.9545376, 51.9462072 ], [ 85.9549234, 51.9462648 ], [ 85.9552039, 51.9463297 ], [ 85.9554845, 51.9464306 ], [ 85.9558802, 51.9465877 ], [ 85.9560978, 51.9466707 ], [ 85.9564786, 51.9468427 ], [ 85.9571094, 51.9471439 ], [ 85.9582083, 51.9476555 ], [ 85.9585703, 51.9477846 ], [ 85.9587353, 51.9478426 ], [ 85.9590851, 51.9479726 ], [ 85.9600437, 51.9483545 ], [ 85.9608283, 51.9486878 ], [ 85.9609087, 51.948722 ], [ 85.9611885, 51.9488623 ], [ 85.9614114, 51.9489742 ], [ 85.9614963, 51.949028 ], [ 85.9619243, 51.949254 ], [ 85.9622531, 51.9495074 ], [ 85.9627114, 51.9498867 ] ] ] } },
{ "type": "Feature", "properties": { "highway": "residential", "surface": null, "ref": null, "name": "улица Мастеровой Остров", "Класс": "Прочие" }, "geometry": { "type": "MultiLineString", "coordinates": [ [ [ 85.9649899, 51.9493168 ], [ 85.9649613, 51.9492729 ], [ 85.9648416, 51.9491023 ], [ 85.9647443, 51.9489547 ], [ 85.9647892, 51.9488671 ], [ 85.9651558, 51.9486042 ], [ 85.9655299, 51.9483829 ], [ 85.9657035, 51.948301 ], [ 85.9658481, 51.9482542 ], [ 85.9663637, 51.9481291 ] ] ] } },
{ "type": "Feature", "properties": { "highway": "service", "surface": null, "ref": null, "name": null, "Класс": "Проезды" }, "geometry": { "type": "MultiLineString", "coordinates": [ [ [ 85.9699238, 51.9428953 ], [ 85.9703567, 51.942928 ], [ 85.9708685, 51.9429756 ], [ 85.9711127, 51.9429886 ], [ 85.9714308, 51.9430223 ], [ 85.9719649, 51.9430884 ] ] ] } },
{ "type": "Feature", "properties": { "highway": "residential", "surface": null, "ref": null, "name": null, "Класс": "Прочие" }, "geometry": { "type": "MultiLineString", "coordinates": [ [ [ 85.9724041, 51.9477702 ], [ 85.9722875, 51.9475726 ], [ 85.9720179, 51.9472743 ], [ 85.9717587, 51.9470211 ] ] ] } },
{ "type": "Feature", "properties": { "highway": "residential", "surface": null, "ref": null, "name": "Оконечная улица", "Класс": "Прочие" }, "geometry": { "type": "MultiLineString", "coordinates": [ [ [ 85.9608412, 51.9315166 ], [ 85.961179, 51.9315364 ], [ 85.9616616, 51.9315265 ], [ 85.9619591, 51.931467 ], [ 85.9621441, 51.9313976 ], [ 85.9625382, 51.9313232 ], [ 85.9631092, 51.9312736 ], [ 85.9632109, 51.9312631 ], [ 85.9633987, 51.9312438 ], [ 85.9638798, 51.9312165 ], [ 85.9640909, 51.9312344 ], [ 85.9643156, 51.9312885 ], [ 85.9648142, 51.9315166 ], [ 85.9654174, 51.9317893 ], [ 85.9659938, 51.9319728 ], [ 85.9662795, 51.9320281 ], [ 85.9665996, 51.9320125 ], [ 85.9672622, 51.9317693 ], [ 85.9675969, 51.9316058 ], [ 85.9680741, 51.9313529 ], [ 85.9683207, 51.9313083 ], [ 85.9686372, 51.9313186 ], [ 85.9689341, 51.9313703 ], [ 85.9694225, 51.9315364 ], [ 85.9696177, 51.9315937 ], [ 85.9702509, 51.9317794 ], [ 85.9704416, 51.9318623 ], [ 85.9707576, 51.9319629 ], [ 85.9708715, 51.932037 ], [ 85.9713447, 51.9323447 ], [ 85.9718272, 51.9326819 ], [ 85.9726428, 51.93299 ], [ 85.9729183, 51.9330917 ], [ 85.9735679, 51.9332746 ], [ 85.9748607, 51.9336247 ], [ 85.9756068, 51.9337964 ], [ 85.9758295, 51.9337932 ] ] ] } },
{ "type": "Feature", "properties": { "highway": "residential", "surface": null, "ref": null, "name": "Трудовой переулок", "Класс": "Прочие" }, "geometry": { "type": "MultiLineString", "coordinates": [ [ [ 85.9720143, 51.9454619 ], [ 85.9736666, 51.9445819 ] ] ] } },
{ "type": "Feature", "properties": { "highway": "residential", "surface": null, "ref": null, "name": "улица Серова", "Класс": "Прочие" }, "geometry": { "type": "MultiLineString", "coordinates": [ [ [ 85.9731774, 51.9417387 ], [ 85.9733706, 51.9416161 ], [ 85.9737341, 51.9413671 ], [ 85.9741124, 51.9411255 ], [ 85.9745042, 51.9408507 ], [ 85.9748274, 51.9406632 ], [ 85.9749838, 51.9406341 ], [ 85.9750919, 51.9405633 ], [ 85.9751237, 51.9405209 ], [ 85.975168, 51.9404363 ], [ 85.9752167, 51.9403175 ], [ 85.9754545, 51.9399177 ], [ 85.9757841, 51.9393013 ], [ 85.9759219, 51.9390481 ], [ 85.9760814, 51.9387549 ], [ 85.9764759, 51.9380386 ], [ 85.9766975, 51.9376787 ], [ 85.9768423, 51.9375194 ], [ 85.9769135, 51.9374142 ], [ 85.9769136, 51.9368924 ], [ 85.9770055, 51.9366325 ], [ 85.9770434, 51.9364359 ] ] ] } },
{ "type": "Feature", "properties": { "highway": "service", "surface": null, "ref": null, "name": null, "Класс": "Проезды" }, "geometry": { "type": "MultiLineString", "coordinates": [ [ [ 85.9715193, 51.9451008 ], [ 85.972106, 51.9448232 ], [ 85.9723847, 51.9446775 ], [ 85.9725873, 51.9445265 ] ] ] } },
{ "type": "Feature", "properties": { "highway": "residential", "surface": null, "ref": null, "name": "Чемальская улица", "Класс": "Прочие" }, "geometry": { "type": "MultiLineString", "coordinates": [ [ [ 85.9712102, 51.944145 ], [ 85.9711307, 51.9439305 ], [ 85.9709893, 51.9436217 ], [ 85.9709367, 51.9432621 ], [ 85.9708685, 51.9429756 ], [ 85.9709137, 51.9429199 ], [ 85.9710056, 51.9427733 ], [ 85.9712001, 51.9423635 ], [ 85.9714271, 51.9419437 ], [ 85.9715352, 51.9416972 ], [ 85.9715622, 51.9415572 ] ] ] } },
{ "type": "Feature", "properties": { "highway": "residential", "surface": null, "ref": null, "name": "Трудовая улица", "Класс": "Прочие" }, "geometry": { "type": "MultiLineString", "coordinates": [ [ [ 85.9695279, 51.9478891 ], [ 85.9708819, 51.947351 ], [ 85.9717587, 51.9470211 ], [ 85.9731513, 51.9463635 ], [ 85.973144, 51.9462951 ], [ 85.9725712, 51.9458428 ], [ 85.9720143, 51.9454619 ], [ 85.9718791, 51.945357 ], [ 85.9715193, 51.9451008 ], [ 85.9710396, 51.9447574 ], [ 85.970531, 51.9444055 ], [ 85.969553, 51.9437288 ] ] ] } },
{ "type": "Feature", "properties": { "highway": "residential", "surface": null, "ref": null, "name": "Луговая улица", "Класс": "Прочие" }, "geometry": { "type": "MultiLineString", "coordinates": [ [ [ 85.970531, 51.9444055 ], [ 85.9707732, 51.9442958 ], [ 85.9711028, 51.9441792 ], [ 85.9712102, 51.944145 ], [ 85.9714271, 51.9440759 ], [ 85.9718216, 51.9439493 ], [ 85.9721648, 51.9438948 ] ] ] } },
{ "type": "Feature", "properties": { "highway": "service", "surface": null, "ref": null, "name": null, "Класс": "Проезды" }, "geometry": { "type": "MultiLineString", "coordinates": [ [ [ 85.9709983, 51.9403005 ], [ 85.9713345, 51.9403698 ], [ 85.971706, 51.9404687 ], [ 85.972198, 51.9405681 ] ] ] } },
{ "type": "Feature", "properties": { "highway": "residential", "surface": null, "ref": null, "name": "Луговой переулок", "Класс": "Прочие" }, "geometry": { "type": "MultiLineString", "coordinates": [ [ [ 85.974135, 51.9454314 ], [ 85.9742995, 51.9453629 ], [ 85.9742422, 51.945233 ], [ 85.9740817, 51.9450335 ], [ 85.9740506, 51.9449868 ], [ 85.9736666, 51.9445819 ] ] ] } },
{ "type": "Feature", "properties": { "highway": "residential", "surface": null, "ref": null, "name": "Луговая улица", "Класс": "Прочие" }, "geometry": { "type": "MultiLineString", "coordinates": [ [ [ 85.9781907, 51.9342073 ], [ 85.9783747, 51.9340997 ], [ 85.978552, 51.9340008 ], [ 85.9788307, 51.9338811 ], [ 85.9790502, 51.9337405 ], [ 85.9791853, 51.9335374 ], [ 85.9793964, 51.9332042 ], [ 85.9796835, 51.9328033 ], [ 85.9798271, 51.9326211 ], [ 85.9798778, 51.932543 ] ] ] } },
{ "type": "Feature", "properties": { "highway": "residential", "surface": null, "ref": null, "name": "Жемчужная улица", "Класс": "Прочие" }, "geometry": { "type": "MultiLineString", "coordinates": [ [ [ 85.9701238, 51.9484753 ], [ 85.9707237, 51.9482823 ], [ 85.9718722, 51.9479117 ], [ 85.9724041, 51.9477702 ], [ 85.9726959, 51.9476828 ], [ 85.9729877, 51.9475825 ], [ 85.973146, 51.9474955 ], [ 85.9733335, 51.9472329 ], [ 85.9734845, 51.9470056 ], [ 85.9737154, 51.9466191 ] ] ] } },
{ "type": "Feature", "properties": { "highway": "residential", "surface": null, "ref": null, "name": "улица Олонского", "Класс": "Прочие" }, "geometry": { "type": "MultiLineString", "coordinates": [ [ [ 85.96841, 51.9467587 ], [ 85.9697421, 51.9462635 ], [ 85.9718791, 51.945357 ] ] ] } },
{ "type": "Feature", "properties": { "highway": "residential", "surface": null, "ref": null, "name": "улица Матросова", "Класс": "Прочие" }, "geometry": { "type": "MultiLineString", "coordinates": [ [ [ 85.9684525, 51.9475378 ], [ 85.9697999, 51.9469894 ], [ 85.9702779, 51.9467787 ], [ 85.9711257, 51.9464272 ], [ 85.9725712, 51.9458428 ] ] ] } },
{ "type": "Feature", "properties": { "highway": "residential", "surface": null, "ref": null, "name": null, "Класс": "Прочие" }, "geometry": { "type": "MultiLineString", "coordinates": [ [ [ 85.9695496, 51.9391773 ], [ 85.9703291, 51.9393822 ], [ 85.9714228, 51.93961 ], [ 85.9717009, 51.9396878 ], [ 85.9719509, 51.9397794 ], [ 85.9722414, 51.9399169 ], [ 85.9726873, 51.9400753 ], [ 85.9728899, 51.9401543 ], [ 85.9731804, 51.9402334 ], [ 85.9735385, 51.9403084 ], [ 85.9738154, 51.9403542 ], [ 85.973949, 51.9403814 ], [ 85.9743356, 51.9404999 ], [ 85.9748274, 51.9406632 ], [ 85.9751084, 51.9407931 ], [ 85.975249, 51.9408364 ], [ 85.97533, 51.9409131 ], [ 85.9753462, 51.9409864 ], [ 85.975276, 51.9410863 ], [ 85.9751301, 51.9411863 ], [ 85.9749841, 51.9413029 ] ] ] } },
{ "type": "Feature", "properties": { "highway": "service", "surface": null, "ref": null, "name": null, "Класс": "Проезды" }, "geometry": { "type": "MultiLineString", "coordinates": [ [ [ 85.9697421, 51.9462635 ], [ 85.9702779, 51.9467787 ], [ 85.9708819, 51.947351 ] ] ] } },
{ "type": "Feature", "properties": { "highway": "residential", "surface": null, "ref": null, "name": "Луговая улица", "Класс": "Прочие" }, "geometry": { "type": "MultiLineString", "coordinates": [ [ [ 85.9732032, 51.944424 ], [ 85.9727751, 51.9442321 ], [ 85.9723903, 51.9440882 ], [ 85.9721843, 51.9439952 ], [ 85.9721648, 51.9438948 ], [ 85.9721523, 51.9438849 ], [ 85.9720145, 51.9433198 ], [ 85.9719649, 51.9430884 ], [ 85.9719867, 51.9428887 ], [ 85.9719893, 51.942671 ], [ 85.9720758, 51.9423645 ], [ 85.9721969, 51.9421193 ], [ 85.9723828, 51.9419007 ], [ 85.9726379, 51.9417008 ], [ 85.9727679, 51.9415539 ], [ 85.9728195, 51.9414956 ], [ 85.9729837, 51.9412877 ], [ 85.9734604, 51.9408173 ], [ 85.9736982, 51.9405874 ], [ 85.9738712, 51.9404508 ], [ 85.973949, 51.9403814 ], [ 85.9741252, 51.9402242 ], [ 85.9742981, 51.9399577 ], [ 85.9745197, 51.9395179 ], [ 85.9748708, 51.9390007 ], [ 85.9750591, 51.9387406 ], [ 85.9752032, 51.9385413 ], [ 85.9753241, 51.9382986 ], [ 85.9755458, 51.9378626 ], [ 85.9757147, 51.9374592 ], [ 85.9757534, 51.9373294 ], [ 85.9758097, 51.9371403 ], [ 85.9758567, 51.9370139 ], [ 85.9759574, 51.9367758 ], [ 85.9762267, 51.9363252 ], [ 85.9763269, 51.9361576 ], [ 85.9771111, 51.9349882 ], [ 85.9776472, 51.9341888 ] ] ] } },
{ "type": "Feature", "properties": { "highway": "service", "surface": null, "ref": null, "name": null, "Класс": "Проезды" }, "geometry": { "type": "MultiLineString", "coordinates": [ [ [ 85.9704164, 51.9415359 ], [ 85.9706655, 51.9415564 ], [ 85.9709119, 51.9415804 ], [ 85.971154, 51.941591 ], [ 85.9713659, 51.941575 ], [ 85.9715622, 51.9415572 ], [ 85.9718054, 51.9414706 ], [ 85.9719625, 51.9414578 ], [ 85.9721312, 51.9414658 ], [ 85.9723214, 51.9414871 ], [ 85.9724727, 51.9415191 ], [ 85.9727679, 51.9415539 ], [ 85.9729018, 51.9416259 ], [ 85.9730623, 51.9416901 ], [ 85.9731774, 51.9417387 ], [ 85.9732878, 51.9418078 ], [ 85.97331, 51.9418555 ], [ 85.9732164, 51.9419695 ], [ 85.9729483, 51.9421747 ] ] ] } },
{ "type": "Feature", "properties": { "highway": "residential", "surface": null, "ref": null, "name": "Чемальская улица", "Класс": "Прочие" }, "geometry": { "type": "MultiLineString", "coordinates": [ [ [ 85.9718054, 51.9414706 ], [ 85.9718925, 51.941343 ], [ 85.971917, 51.9412461 ], [ 85.9719437, 51.9411382 ], [ 85.9720123, 51.9409809 ], [ 85.9720794, 51.9408291 ], [ 85.9721297, 51.9406943 ], [ 85.972198, 51.9405681 ], [ 85.9722658, 51.9405184 ], [ 85.9724441, 51.9403252 ], [ 85.9726873, 51.9400753 ] ] ] } },
{ "type": "Feature", "properties": { "highway": "service", "surface": null, "ref": null, "name": null, "Класс": "Проезды" }, "geometry": { "type": "MultiLineString", "coordinates": [ [ [ 85.8980121, 51.9680306 ], [ 85.897898, 51.9681083 ] ] ] } },
{ "type": "Feature", "properties": { "highway": "tertiary", "surface": null, "ref": null, "name": null, "Класс": "Прочие" }, "geometry": { "type": "MultiLineString", "coordinates": [ [ [ 85.9082734, 51.9669812 ], [ 85.9085807, 51.9673401 ] ] ] } },
{ "type": "Feature", "properties": { "highway": "residential", "surface": null, "ref": null, "name": null, "Класс": "Прочие" }, "geometry": { "type": "MultiLineString", "coordinates": [ [ [ 85.9024058, 51.9688143 ], [ 85.902187, 51.9686912 ], [ 85.9011569, 51.9681849 ], [ 85.9008006, 51.9680162 ], [ 85.9006315, 51.9679388 ], [ 85.9005049, 51.9678821 ], [ 85.900175, 51.9677458 ], [ 85.8999499, 51.9676737 ], [ 85.8997195, 51.9676181 ], [ 85.8994318, 51.967548 ], [ 85.8985058, 51.96736 ], [ 85.8982987, 51.9673003 ], [ 85.8981123, 51.967215 ] ] ] } },
{ "type": "Feature", "properties": { "highway": "service", "surface": null, "ref": null, "name": null, "Класс": "Проезды" }, "geometry": { "type": "MultiLineString", "coordinates": [ [ [ 85.9006315, 51.9679388 ], [ 85.9010501, 51.9675797 ] ] ] } },
{ "type": "Feature", "properties": { "highway": "tertiary", "surface": "asphalt", "ref": null, "name": null, "Класс": "Прочие" }, "geometry": { "type": "MultiLineString", "coordinates": [ [ [ 85.9085807, 51.9673401 ], [ 85.9086514, 51.9673995 ], [ 85.9088143, 51.9674835 ], [ 85.9091081, 51.9676082 ], [ 85.9095862, 51.9677424 ], [ 85.9101367, 51.9679149 ], [ 85.9103883, 51.9679939 ], [ 85.9106212, 51.9680753 ], [ 85.9108243, 51.9681908 ], [ 85.9110499, 51.9683743 ], [ 85.9112853, 51.968689 ], [ 85.9115733, 51.9691418 ] ] ] } },
{ "type": "Feature", "properties": { "highway": "service", "surface": null, "ref": null, "name": null, "Класс": "Проезды" }, "geometry": { "type": "MultiLineString", "coordinates": [ [ [ 85.8976162, 51.9685133 ], [ 85.8981561, 51.9680991 ], [ 85.8980121, 51.9680306 ], [ 85.8977479, 51.9679049 ], [ 85.8974507, 51.9681398 ] ] ] } },
{ "type": "Feature", "properties": { "highway": "service", "surface": null, "ref": null, "name": null, "Класс": "Проезды" }, "geometry": { "type": "MultiLineString", "coordinates": [ [ [ 85.9031502, 51.9682879 ], [ 85.903289, 51.9683647 ], [ 85.9033372, 51.9683914 ], [ 85.9031779, 51.9685059 ], [ 85.9027946, 51.968785 ], [ 85.9025995, 51.9689271 ], [ 85.9024058, 51.9688143 ] ] ] } },
{ "type": "Feature", "properties": { "highway": "service", "surface": null, "ref": null, "name": null, "Класс": "Проезды" }, "geometry": { "type": "MultiLineString", "coordinates": [ [ [ 85.964058, 51.9569933 ], [ 85.964038, 51.9566112 ], [ 85.9642207, 51.9565227 ], [ 85.9642828, 51.9563578 ], [ 85.9647973, 51.9563425 ] ] ] } },
{ "type": "Feature", "properties": { "highway": "service", "surface": null, "ref": null, "name": null, "Класс": "Проезды" }, "geometry": { "type": "MultiLineString", "coordinates": [ [ [ 85.9642828, 51.9563578 ], [ 85.9639564, 51.9562612 ], [ 85.9635508, 51.9562749 ] ] ] } },
{ "type": "Feature", "properties": { "highway": "residential", "surface": "asphalt", "ref": null, "name": "Заречная улица", "Класс": "Прочие" }, "geometry": { "type": "MultiLineString", "coordinates": [ [ [ 85.9257572, 51.9531823 ], [ 85.925862, 51.95308 ], [ 85.9261775, 51.9529584 ], [ 85.9265272, 51.9528299 ], [ 85.9271725, 51.95267 ], [ 85.9276446, 51.9526304 ], [ 85.9283849, 51.9525841 ], [ 85.9290401, 51.9526588 ], [ 85.9294546, 51.9526919 ], [ 85.9295606, 51.9526806 ], [ 85.9298997, 51.9526446 ], [ 85.9306134, 51.9524695 ], [ 85.9312121, 51.9523135 ], [ 85.93178, 51.9522945 ], [ 85.9328237, 51.9523371 ], [ 85.9338675, 51.9523939 ], [ 85.9341543, 51.9524053 ], [ 85.9348499, 51.9524317 ], [ 85.9358806, 51.9523782 ], [ 85.9364692, 51.9524837 ], [ 85.9367729, 51.9525893 ], [ 85.9370679, 51.9526919 ], [ 85.9382881, 51.9528953 ], [ 85.9392858, 51.9529899 ], [ 85.9410754, 51.9530199 ] ] ] } },
{ "type": "Feature", "properties": { "highway": "residential", "surface": null, "ref": null, "name": null, "Класс": "Прочие" }, "geometry": { "type": "MultiLineString", "coordinates": [ [ [ 85.9257572, 51.9531823 ], [ 85.9256623, 51.9535362 ] ] ] } },
{ "type": "Feature", "properties": { "highway": "primary", "surface": "asphalt", "ref": null, "name": "Коммунистический проспект", "Класс": "Главные" }, "geometry": { "type": "MultiLineString", "coordinates": [ [ [ 85.9285031, 51.953688 ], [ 85.9295926, 51.9538852 ] ] ] } },
{ "type": "Feature", "properties": { "highway": "residential", "surface": "asphalt", "ref": null, "name": "Шоссейная улица", "Класс": "Прочие" }, "geometry": { "type": "MultiLineString", "coordinates": [ [ [ 85.9210733, 51.9562837 ], [ 85.92145, 51.9565103 ], [ 85.9217007, 51.9566611 ], [ 85.9219437, 51.9568072 ], [ 85.9222263, 51.9569971 ], [ 85.9223345, 51.9572243 ], [ 85.9223148, 51.9575515 ], [ 85.9223753, 51.9587513 ], [ 85.9224525, 51.9595194 ], [ 85.9224578, 51.9602297 ], [ 85.9226151, 51.9612818 ], [ 85.9226689, 51.9613457 ], [ 85.9227321, 51.96139 ], [ 85.922846, 51.9614463 ], [ 85.923013, 51.9615286 ], [ 85.9231089, 51.9615979 ], [ 85.9233186, 51.9618205 ], [ 85.9235684, 51.962286 ], [ 85.923768, 51.9625442 ] ] ] } },
{ "type": "Feature", "properties": { "highway": "primary", "surface": "asphalt", "ref": null, "name": "Коммунистический проспект", "Класс": "Главные" }, "geometry": { "type": "MultiLineString", "coordinates": [ [ [ 85.9295926, 51.9538852 ], [ 85.9300283, 51.9539725 ], [ 85.9311904, 51.9541947 ] ] ] } },
{ "type": "Feature", "properties": { "highway": "primary", "surface": "asphalt", "ref": null, "name": "Коммунистический проспект", "Класс": "Главные" }, "geometry": { "type": "MultiLineString", "coordinates": [ [ [ 85.9295002, 51.9539814 ], [ 85.9283697, 51.9537836 ] ] ] } },
{ "type": "Feature", "properties": { "highway": "primary", "surface": "asphalt", "ref": null, "name": "Коммунистический проспект", "Класс": "Главные" }, "geometry": { "type": "MultiLineString", "coordinates": [ [ [ 85.9275776, 51.9536283 ], [ 85.9270549, 51.953546 ], [ 85.9266013, 51.9535036 ], [ 85.9259656, 51.9535069 ], [ 85.9256623, 51.9535362 ], [ 85.9255552, 51.9535465 ], [ 85.9251904, 51.9536176 ], [ 85.9249204, 51.9537081 ], [ 85.9246728, 51.9537912 ], [ 85.9244673, 51.9539076 ], [ 85.9239207, 51.9542174 ], [ 85.9235542, 51.9544851 ], [ 85.9229227, 51.9549465 ], [ 85.9214453, 51.9560257 ], [ 85.9210733, 51.9562837 ], [ 85.9207983, 51.9564361 ], [ 85.9205501, 51.9565858 ], [ 85.9197491, 51.9570084 ], [ 85.9186925, 51.9575918 ], [ 85.9178413, 51.9580969 ], [ 85.9176678, 51.9581843 ], [ 85.9168657, 51.9586004 ], [ 85.916702, 51.9586908 ] ] ] } },
{ "type": "Feature", "properties": { "highway": "primary", "surface": "asphalt", "ref": null, "name": "Коммунистический проспект", "Класс": "Главные" }, "geometry": { "type": "MultiLineString", "coordinates": [ [ [ 85.9311904, 51.9541947 ], [ 85.929987, 51.9540726 ], [ 85.9297027, 51.9540268 ], [ 85.9295002, 51.9539814 ] ] ] } },
{ "type": "Feature", "properties": { "highway": "primary", "surface": "asphalt", "ref": null, "name": "Коммунистический проспект", "Класс": "Главные" }, "geometry": { "type": "MultiLineString", "coordinates": [ [ [ 85.9283697, 51.9537836 ], [ 85.9275776, 51.9536283 ] ] ] } },
{ "type": "Feature", "properties": { "highway": "residential", "surface": "gravel", "ref": null, "name": "улица Островского", "Класс": "Прочие" }, "geometry": { "type": "MultiLineString", "coordinates": [ [ [ 85.975068, 51.9637736 ], [ 85.9749878, 51.963841 ], [ 85.9746913, 51.964104 ], [ 85.9747692, 51.964203 ], [ 85.9749929, 51.9643045 ], [ 85.9753749, 51.9644862 ], [ 85.9756989, 51.9646628 ], [ 85.9764884, 51.9650454 ], [ 85.9763056, 51.965253 ], [ 85.9762986, 51.9653197 ], [ 85.9763783, 51.9653729 ], [ 85.9771381, 51.965769 ], [ 85.9780164, 51.9662229 ], [ 85.9788494, 51.9665738 ] ] ] } },
{ "type": "Feature", "properties": { "highway": "residential", "surface": "asphalt", "ref": null, "name": "Поселковая улица", "Класс": "Прочие" }, "geometry": { "type": "MultiLineString", "coordinates": [ [ [ 85.9098327, 51.9642684 ], [ 85.9096232, 51.9641468 ], [ 85.908838, 51.9636807 ], [ 85.9080837, 51.9632353 ], [ 85.9080631, 51.9631814 ], [ 85.9080572, 51.9631371 ], [ 85.908068, 51.9631013 ], [ 85.9081524, 51.9630533 ], [ 85.9095163, 51.9622777 ], [ 85.9094914, 51.9621933 ], [ 85.9092822, 51.9620314 ], [ 85.9087727, 51.9617773 ], [ 85.9085902, 51.9617124 ], [ 85.9084376, 51.9616453 ], [ 85.9082149, 51.9616189 ], [ 85.9079789, 51.9616205 ], [ 85.9078394, 51.961675 ] ] ] } },
{ "type": "Feature", "properties": { "highway": "residential", "surface": null, "ref": null, "name": null, "Класс": "Прочие" }, "geometry": { "type": "MultiLineString", "coordinates": [ [ [ 85.9087727, 51.9617773 ], [ 85.9090571, 51.9615908 ], [ 85.9093736, 51.9614569 ], [ 85.9096097, 51.9613379 ], [ 85.9098511, 51.9611759 ], [ 85.9100264, 51.9611261 ], [ 85.9102668, 51.9612767 ], [ 85.9107018, 51.9615415 ], [ 85.9106952, 51.9616353 ] ] ] } },
{ "type": "Feature", "properties": { "highway": "track", "surface": null, "ref": null, "name": null, "Класс": "Прочие" }, "geometry": { "type": "MultiLineString", "coordinates": [ [ [ 85.901775, 51.9573348 ], [ 85.901472, 51.9573594 ], [ 85.9012279, 51.9574024 ], [ 85.9009985, 51.9574983 ], [ 85.9003423, 51.957679 ], [ 85.8999813, 51.9577672 ], [ 85.8994246, 51.9578102 ], [ 85.8990902, 51.9578372 ], [ 85.8989203, 51.9578959 ], [ 85.898763, 51.9580586 ], [ 85.8985338, 51.9583318 ], [ 85.8983166, 51.9584541 ], [ 85.897895, 51.9588989 ] ] ] } },
{ "type": "Feature", "properties": { "highway": "track", "surface": null, "ref": null, "name": null, "Класс": "Прочие" }, "geometry": { "type": "MultiLineString", "coordinates": [ [ [ 85.8994808, 51.9591214 ], [ 85.8989487, 51.9590232 ], [ 85.8984196, 51.9589313 ], [ 85.897895, 51.9588989 ], [ 85.8966361, 51.9589115 ], [ 85.8956087, 51.9588553 ], [ 85.8954536, 51.9588121 ], [ 85.8952385, 51.9586999 ], [ 85.894098, 51.9577858 ], [ 85.8935501, 51.9574655 ], [ 85.8931211, 51.9572557 ], [ 85.892787, 51.9571595 ], [ 85.8926368, 51.9570966 ], [ 85.8922652, 51.9568113 ], [ 85.8920006, 51.9566105 ], [ 85.8915854, 51.9563918 ] ] ] } },
{ "type": "Feature", "properties": { "highway": "residential", "surface": "asphalt", "ref": null, "name": "Заринская улица", "Класс": "Прочие" }, "geometry": { "type": "MultiLineString", "coordinates": [ [ [ 85.906937, 51.9607471 ], [ 85.9067559, 51.9608238 ], [ 85.9067014, 51.9608717 ], [ 85.9065497, 51.9614192 ], [ 85.9064924, 51.9615277 ], [ 85.9063486, 51.9616203 ], [ 85.9062275, 51.9617031 ], [ 85.9060447, 51.9617805 ], [ 85.9055275, 51.9618915 ], [ 85.9047641, 51.9620196 ], [ 85.9043573, 51.9621618 ], [ 85.9043173, 51.9621782 ], [ 85.9041371, 51.9624438 ], [ 85.904063, 51.9625956 ], [ 85.9041567, 51.9626643 ], [ 85.9045631, 51.9633079 ] ] ] } },
{ "type": "Feature", "properties": { "highway": "residential", "surface": "asphalt", "ref": null, "name": "Коксинский переулок", "Класс": "Прочие" }, "geometry": { "type": "MultiLineString", "coordinates": [ [ [ 85.901522, 51.9609954 ], [ 85.9017418, 51.9612046 ], [ 85.9019373, 51.9614825 ], [ 85.9019784, 51.9617217 ], [ 85.9025824, 51.9622171 ], [ 85.9026458, 51.9623186 ], [ 85.9026053, 51.9624765 ] ] ] } },
{ "type": "Feature", "properties": { "highway": "residential", "surface": null, "ref": null, "name": "Заречная улица", "Класс": "Прочие" }, "geometry": { "type": "MultiLineString", "coordinates": [ [ [ 85.9164613, 51.9557732 ], [ 85.9160138, 51.9559184 ], [ 85.9157221, 51.956049 ], [ 85.9155931, 51.9561458 ], [ 85.9142326, 51.9565058 ] ] ] } },
{ "type": "Feature", "properties": { "highway": "residential", "surface": null, "ref": null, "name": "Хирургический переулок", "Класс": "Прочие" }, "geometry": { "type": "MultiLineString", "coordinates": [ [ [ 85.9201348, 51.9644433 ], [ 85.9198163, 51.9636754 ] ] ] } },
{ "type": "Feature", "properties": { "highway": "residential", "surface": null, "ref": null, "name": "Гончарная улица", "Класс": "Прочие" }, "geometry": { "type": "MultiLineString", "coordinates": [ [ [ 85.9035903, 51.9568346 ], [ 85.9036311, 51.9567776 ], [ 85.9036928, 51.9567148 ], [ 85.904278, 51.9562977 ], [ 85.9043768, 51.9562553 ], [ 85.9044922, 51.9562321 ], [ 85.9046213, 51.95623 ], [ 85.9048113, 51.9562834 ], [ 85.905565, 51.9565793 ], [ 85.9064011, 51.9569173 ], [ 85.9065371, 51.9569436 ], [ 85.9067425, 51.9569776 ], [ 85.9074377, 51.9571039 ], [ 85.9077411, 51.9571512 ], [ 85.9081, 51.9572938 ], [ 85.9083245, 51.9575864 ], [ 85.9084337, 51.9576977 ], [ 85.9086183, 51.9578093 ], [ 85.9088078, 51.9579677 ], [ 85.9089553, 51.9580305 ], [ 85.9091588, 51.9580496 ], [ 85.9100626, 51.9578908 ], [ 85.910391, 51.9578281 ], [ 85.9110349, 51.9572848 ], [ 85.9112289, 51.9571439 ], [ 85.9113153, 51.9571229 ], [ 85.9114648, 51.9570865 ], [ 85.911664, 51.9570567 ], [ 85.9123474, 51.9570548 ], [ 85.9127319, 51.9569842 ], [ 85.9129789, 51.9569143 ], [ 85.9130914, 51.9568825 ], [ 85.913371, 51.9567602 ], [ 85.9142326, 51.9565058 ] ] ] } },
{ "type": "Feature", "properties": { "highway": "residential", "surface": null, "ref": null, "name": "Промышленный переулок", "Класс": "Прочие" }, "geometry": { "type": "MultiLineString", "coordinates": [ [ [ 85.889171, 51.96584 ], [ 85.8901849, 51.966349 ], [ 85.8904883, 51.9665536 ], [ 85.8908635, 51.9668927 ], [ 85.8910516, 51.9671254 ], [ 85.8913511, 51.9675024 ], [ 85.8914539, 51.9675418 ], [ 85.8916524, 51.9675071 ], [ 85.8920544, 51.9674561 ], [ 85.8921245, 51.9674113 ], [ 85.8922157, 51.9673353 ], [ 85.8922395, 51.9670959 ], [ 85.8923686, 51.9669188 ], [ 85.8927548, 51.9666132 ], [ 85.8932325, 51.9663331 ], [ 85.8934039, 51.9662991 ], [ 85.8938463, 51.9660568 ], [ 85.8944625, 51.9656118 ], [ 85.8951208, 51.965899 ], [ 85.8958155, 51.9663493 ] ] ] } },
{ "type": "Feature", "properties": { "highway": "residential", "surface": null, "ref": null, "name": "Ясный переулок", "Класс": "Прочие" }, "geometry": { "type": "MultiLineString", "coordinates": [ [ [ 85.9085539, 51.9612671 ], [ 85.9082245, 51.9614274 ], [ 85.9082149, 51.9616189 ] ] ] } },
{ "type": "Feature", "properties": { "highway": "residential", "surface": null, "ref": null, "name": "Соузгинский переулок", "Класс": "Прочие" }, "geometry": { "type": "MultiLineString", "coordinates": [ [ [ 85.9033809, 51.9534381 ], [ 85.9048247, 51.9531956 ], [ 85.9054505, 51.9530706 ], [ 85.906536, 51.9527228 ], [ 85.9078143, 51.9523859 ], [ 85.9079872, 51.9523342 ], [ 85.9082392, 51.9522798 ], [ 85.9085522, 51.9522611 ], [ 85.9091083, 51.9522639 ], [ 85.9093416, 51.9522847 ], [ 85.9097764, 51.952262 ], [ 85.9104479, 51.9522348 ], [ 85.9110135, 51.9521359 ] ] ] } },
{ "type": "Feature", "properties": { "highway": "residential", "surface": null, "ref": null, "name": "Кедровый переулок", "Класс": "Прочие" }, "geometry": { "type": "MultiLineString", "coordinates": [ [ [ 85.9057246, 51.9558833 ], [ 85.9058426, 51.9557532 ], [ 85.9063891, 51.9550751 ], [ 85.9068554, 51.9545728 ] ] ] } },
{ "type": "Feature", "properties": { "highway": "residential", "surface": null, "ref": null, "name": "Стоматологическая улица", "Класс": "Прочие" }, "geometry": { "type": "MultiLineString", "coordinates": [ [ [ 85.918358, 51.9632303 ], [ 85.9197017, 51.9629737 ], [ 85.9216786, 51.9627804 ], [ 85.9235684, 51.962286 ] ] ] } },
{ "type": "Feature", "properties": { "highway": "residential", "surface": null, "ref": null, "name": "Весёлый переулок", "Класс": "Прочие" }, "geometry": { "type": "MultiLineString", "coordinates": [ [ [ 85.8967723, 51.9630698 ], [ 85.8969793, 51.9631955 ], [ 85.8971348, 51.9633426 ], [ 85.897344, 51.9634308 ], [ 85.8975345, 51.9634368 ], [ 85.8977321, 51.9634278 ], [ 85.8978939, 51.9634847 ], [ 85.8981246, 51.9636615 ], [ 85.8983821, 51.9638632 ], [ 85.8988466, 51.964264 ] ] ] } },
{ "type": "Feature", "properties": { "highway": "residential", "surface": "gravel", "ref": null, "name": "Соузгинская улица", "Класс": "Прочие" }, "geometry": { "type": "MultiLineString", "coordinates": [ [ [ 85.9104479, 51.9522348 ], [ 85.9105299, 51.952598 ], [ 85.9107516, 51.9530322 ], [ 85.91079, 51.9532849 ], [ 85.9107861, 51.9534748 ], [ 85.9105898, 51.9538534 ], [ 85.9103927, 51.9540698 ], [ 85.910334, 51.9541593 ], [ 85.9102814, 51.9544134 ], [ 85.9104574, 51.9549792 ], [ 85.9105405, 51.9551278 ], [ 85.9107605, 51.9551693 ], [ 85.9110464, 51.9551811 ], [ 85.9117216, 51.9551332 ], [ 85.9118789, 51.9550949 ], [ 85.9119974, 51.9550292 ], [ 85.9128502, 51.95502 ] ] ] } },
{ "type": "Feature", "properties": { "highway": "residential", "surface": null, "ref": null, "name": "Ясный переулок", "Класс": "Прочие" }, "geometry": { "type": "MultiLineString", "coordinates": [ [ [ 85.9091319, 51.9609979 ], [ 85.9096768, 51.9608291 ], [ 85.9097439, 51.9608337 ], [ 85.9100264, 51.9611261 ] ] ] } },
{ "type": "Feature", "properties": { "highway": "residential", "surface": null, "ref": null, "name": "Хирургический переулок", "Класс": "Прочие" }, "geometry": { "type": "MultiLineString", "coordinates": [ [ [ 85.9186845, 51.9618301 ], [ 85.9190602, 51.9623576 ], [ 85.9197017, 51.9629737 ], [ 85.9199385, 51.9636764 ] ] ] } },
{ "type": "Feature", "properties": { "highway": "residential", "surface": null, "ref": null, "name": "Сибирский переулок", "Класс": "Прочие" }, "geometry": { "type": "MultiLineString", "coordinates": [ [ [ 85.909646, 51.9545969 ], [ 85.9098214, 51.955048 ], [ 85.9100514, 51.9553906 ], [ 85.9101811, 51.9556635 ], [ 85.9102072, 51.9557711 ], [ 85.9101182, 51.9558685 ], [ 85.9099331, 51.9560334 ], [ 85.909819, 51.9561859 ], [ 85.9097968, 51.9564371 ] ] ] } },
{ "type": "Feature", "properties": { "highway": "residential", "surface": null, "ref": null, "name": "Медицинский переулок", "Класс": "Прочие" }, "geometry": { "type": "MultiLineString", "coordinates": [ [ [ 85.922846, 51.9614463 ], [ 85.9223801, 51.961497 ], [ 85.9205293, 51.9616813 ], [ 85.9196266, 51.9617788 ], [ 85.9188551, 51.9617902 ], [ 85.9186845, 51.9618301 ], [ 85.9179819, 51.9619069 ], [ 85.9181736, 51.9626158 ], [ 85.918358, 51.9632303 ], [ 85.9186748, 51.9638726 ], [ 85.9190902, 51.9646664 ] ] ] } },
{ "type": "Feature", "properties": { "highway": "residential", "surface": null, "ref": null, "name": "Парковый переулок", "Класс": "Прочие" }, "geometry": { "type": "MultiLineString", "coordinates": [ [ [ 85.9051725, 51.9551588 ], [ 85.9051815, 51.9551015 ], [ 85.9052968, 51.9549759 ], [ 85.9054604, 51.9548536 ], [ 85.9055569, 51.9548215 ], [ 85.9058815, 51.9548833 ], [ 85.9063891, 51.9550751 ], [ 85.9068766, 51.9552602 ], [ 85.9072816, 51.955404 ], [ 85.9080285, 51.9557624 ] ] ] } },
{ "type": "Feature", "properties": { "highway": "track", "surface": null, "ref": null, "name": null, "Класс": "Прочие" }, "geometry": { "type": "MultiLineString", "coordinates": [ [ [ 85.8919708, 51.9592064 ], [ 85.8920326, 51.9586532 ], [ 85.8920023, 51.9584305 ], [ 85.892087, 51.9582477 ], [ 85.8922316, 51.9578138 ], [ 85.8922652, 51.9568113 ] ] ] } },
{ "type": "Feature", "properties": { "highway": "residential", "surface": "asphalt", "ref": null, "name": "Западная улица", "Класс": "Прочие" }, "geometry": { "type": "MultiLineString", "coordinates": [ [ [ 85.9156944, 51.9579455 ], [ 85.9168516, 51.9574887 ], [ 85.9167311, 51.957302 ], [ 85.9161724, 51.9567876 ], [ 85.9155931, 51.9561458 ] ] ] } },
{ "type": "Feature", "properties": { "highway": "residential", "surface": null, "ref": null, "name": "Коксинская улица", "Класс": "Прочие" }, "geometry": { "type": "MultiLineString", "coordinates": [ [ [ 85.9046558, 51.9615039 ], [ 85.9055209, 51.9608126 ] ] ] } },
{ "type": "Feature", "properties": { "highway": "residential", "surface": null, "ref": null, "name": "Майская улица", "Класс": "Прочие" }, "geometry": { "type": "MultiLineString", "coordinates": [ [ [ 85.9166503, 51.9514955 ], [ 85.9167173, 51.9512581 ], [ 85.9167588, 51.9510055 ], [ 85.9165418, 51.9502803 ], [ 85.9163172, 51.9498303 ], [ 85.9161944, 51.949646 ], [ 85.9159993, 51.9493532 ], [ 85.9158518, 51.9488266 ], [ 85.9157601, 51.9486478 ], [ 85.915614, 51.9484349 ], [ 85.9155313, 51.9482801 ], [ 85.9155589, 51.9481865 ], [ 85.9156208, 51.948124 ], [ 85.9157858, 51.9479228 ] ] ] } },
{ "type": "Feature", "properties": { "highway": "tertiary", "surface": "asphalt", "ref": null, "name": "улица Пушкарёва", "Класс": "Прочие" }, "geometry": { "type": "MultiLineString", "coordinates": [ [ [ 85.9188373, 51.9348994 ], [ 85.91864, 51.9350022 ], [ 85.9186358, 51.9350575 ], [ 85.9186984, 51.9353996 ], [ 85.9187664, 51.9359742 ], [ 85.9186453, 51.9362296 ], [ 85.9184533, 51.9365488 ], [ 85.9180658, 51.9371809 ], [ 85.9179043, 51.9375031 ], [ 85.9176852, 51.9379134 ], [ 85.9175671, 51.938058 ], [ 85.917464, 51.9382146 ], [ 85.9174494, 51.9382404 ], [ 85.9172478, 51.9385986 ], [ 85.9171005, 51.9389559 ], [ 85.9170816, 51.9390096 ], [ 85.9169488, 51.9393867 ], [ 85.9167989, 51.9398645 ], [ 85.9166546, 51.9402252 ], [ 85.9165551, 51.9405922 ], [ 85.9164924, 51.9408123 ], [ 85.9164517, 51.9409551 ], [ 85.9163525, 51.941286 ], [ 85.9161535, 51.9416963 ], [ 85.9156595, 51.9426219 ], [ 85.915219, 51.9435545 ], [ 85.9149387, 51.9440611 ], [ 85.9148503, 51.9442209 ] ] ] } },
{ "type": "Feature", "properties": { "highway": "tertiary", "surface": "asphalt", "ref": null, "name": null, "Класс": "Прочие" }, "geometry": { "type": "MultiLineString", "coordinates": [ [ [ 85.9188373, 51.9348994 ], [ 85.9188579, 51.9348411 ], [ 85.9188764, 51.9347889 ], [ 85.9190158, 51.9343951 ], [ 85.9190518, 51.9342932 ], [ 85.919053, 51.9341105 ], [ 85.9189579, 51.9338569 ], [ 85.9185112, 51.9334468 ], [ 85.9177567, 51.9327613 ], [ 85.9168588, 51.9314645 ], [ 85.9168457, 51.9314379 ], [ 85.9166449, 51.9310963 ], [ 85.9165158, 51.9302516 ], [ 85.9163904, 51.9299123 ], [ 85.9163669, 51.9298476 ] ] ] } },
{ "type": "Feature", "properties": { "highway": "track", "surface": null, "ref": null, "name": null, "Класс": "Прочие" }, "geometry": { "type": "MultiLineString", "coordinates": [ [ [ 85.8937743, 51.9524372 ], [ 85.8965685, 51.9524667 ], [ 85.8983346, 51.952768 ], [ 85.9002755, 51.953004 ], [ 85.9019324, 51.9525971 ], [ 85.9023657, 51.9525575 ] ] ] } },
{ "type": "Feature", "properties": { "highway": "residential", "surface": "asphalt", "ref": null, "name": "Лесная улица", "Класс": "Прочие" }, "geometry": { "type": "MultiLineString", "coordinates": [ [ [ 85.9171705, 51.9644078 ], [ 85.9166587, 51.9639404 ], [ 85.9166295, 51.9639137 ], [ 85.9164927, 51.9638933 ], [ 85.9163517, 51.9638199 ], [ 85.9162462, 51.9637391 ], [ 85.9161831, 51.9636096 ], [ 85.9161852, 51.9635571 ], [ 85.9162103, 51.9629133 ], [ 85.916156, 51.962754 ], [ 85.9151909, 51.962063 ], [ 85.9145852, 51.9616803 ], [ 85.9142151, 51.9614337 ] ] ] } },
{ "type": "Feature", "properties": { "highway": "service", "surface": null, "ref": null, "name": null, "Класс": "Проезды" }, "geometry": { "type": "MultiLineString", "coordinates": [ [ [ 85.8983927, 51.9621155 ], [ 85.8991056, 51.9619601 ], [ 85.8992618, 51.9619907 ], [ 85.8995427, 51.9622451 ], [ 85.8991411, 51.962427 ], [ 85.8988729, 51.9626203 ], [ 85.8987893, 51.9627533 ], [ 85.8988617, 51.9629445 ], [ 85.8989346, 51.9630467 ], [ 85.8998401, 51.9636635 ] ] ] } },
{ "type": "Feature", "properties": { "highway": "residential", "surface": null, "ref": null, "name": null, "Класс": "Прочие" }, "geometry": { "type": "MultiLineString", "coordinates": [ [ [ 85.9080285, 51.9557624 ], [ 85.9081534, 51.9558454 ], [ 85.9083518, 51.9558966 ], [ 85.9088105, 51.9559892 ], [ 85.9089392, 51.9560239 ], [ 85.9090282, 51.9560911 ], [ 85.9093872, 51.95629 ], [ 85.9097968, 51.9564371 ], [ 85.9098646, 51.9565677 ], [ 85.9100392, 51.9566383 ], [ 85.9106816, 51.9566335 ], [ 85.9108356, 51.9566669 ], [ 85.9110475, 51.9567826 ], [ 85.911664, 51.9570567 ] ] ] } },
{ "type": "Feature", "properties": { "highway": "residential", "surface": null, "ref": null, "name": "улица Вавилова", "Класс": "Прочие" }, "geometry": { "type": "MultiLineString", "coordinates": [ [ [ 85.9023657, 51.9525575 ], [ 85.902751, 51.9525327 ], [ 85.9042503, 51.9524364 ], [ 85.9053612, 51.9523856 ], [ 85.9061762, 51.9523126 ], [ 85.9069832, 51.9522273 ], [ 85.907287, 51.9522269 ], [ 85.907582, 51.9522583 ], [ 85.9077415, 51.9523126 ], [ 85.9078143, 51.9523859 ] ] ] } },
{ "type": "Feature", "properties": { "highway": "residential", "surface": null, "ref": null, "name": "улица Кокышева", "Класс": "Прочие" }, "geometry": { "type": "MultiLineString", "coordinates": [ [ [ 85.9148503, 51.9442209 ], [ 85.9149243, 51.9448666 ], [ 85.9149554, 51.9458758 ], [ 85.9149975, 51.9471565 ], [ 85.9150468, 51.947527 ], [ 85.9150677, 51.948329 ], [ 85.915166, 51.9489607 ], [ 85.9153275, 51.9494107 ], [ 85.9154959, 51.9501159 ], [ 85.9155731, 51.9507822 ], [ 85.9155521, 51.9513316 ], [ 85.9154883, 51.9514284 ] ] ] } },
{ "type": "Feature", "properties": { "highway": "residential", "surface": null, "ref": null, "name": "Хирургическая улица", "Класс": "Прочие" }, "geometry": { "type": "MultiLineString", "coordinates": [ [ [ 85.9186748, 51.9638726 ], [ 85.9198163, 51.9636754 ], [ 85.9199385, 51.9636764 ], [ 85.9207041, 51.9635731 ], [ 85.9220232, 51.9633952 ], [ 85.9222003, 51.9633503 ], [ 85.9223533, 51.9633054 ], [ 85.9236969, 51.9628389 ], [ 85.9237692, 51.9627823 ], [ 85.9238174, 51.9627406 ], [ 85.9238351, 51.9626686 ], [ 85.9238176, 51.9626089 ], [ 85.923768, 51.9625442 ] ] ] } },
{ "type": "Feature", "properties": { "highway": "residential", "surface": null, "ref": null, "name": "Поселковая улица", "Класс": "Прочие" }, "geometry": { "type": "MultiLineString", "coordinates": [ [ [ 85.901775, 51.9573348 ], [ 85.9030276, 51.9578174 ], [ 85.9036177, 51.9581049 ], [ 85.9039611, 51.9582438 ], [ 85.9042615, 51.9583958 ], [ 85.9044921, 51.9585414 ], [ 85.9051407, 51.9591292 ], [ 85.9052552, 51.9592214 ], [ 85.9054564, 51.9593313 ], [ 85.9055234, 51.959371 ], [ 85.9058011, 51.9596751 ], [ 85.906937, 51.9607471 ], [ 85.9071207, 51.9609008 ], [ 85.907146, 51.9610543 ], [ 85.9072017, 51.9611649 ], [ 85.9072918, 51.9612595 ], [ 85.9075362, 51.9614664 ], [ 85.9078394, 51.961675 ] ] ] } },
{ "type": "Feature", "properties": { "highway": "residential", "surface": "asphalt", "ref": null, "name": "Больничная улица", "Класс": "Прочие" }, "geometry": { "type": "MultiLineString", "coordinates": [ [ [ 85.9080637, 51.966725 ], [ 85.9097858, 51.9660584 ], [ 85.9103599, 51.9659986 ], [ 85.9105143, 51.9659825 ], [ 85.9111459, 51.9658468 ], [ 85.9126023, 51.9653427 ], [ 85.9149223, 51.9649764 ], [ 85.9155199, 51.9649096 ], [ 85.9157497, 51.9648839 ], [ 85.9164235, 51.9646769 ], [ 85.9171705, 51.9644078 ], [ 85.9184276, 51.9639005 ] ] ] } },
{ "type": "Feature", "properties": { "highway": "residential", "surface": null, "ref": null, "name": "Крайний переулок", "Класс": "Прочие" }, "geometry": { "type": "MultiLineString", "coordinates": [ [ [ 85.9170113, 51.954559 ], [ 85.9165361, 51.9548645 ], [ 85.9161216, 51.9551419 ], [ 85.9157574, 51.9551991 ], [ 85.9151444, 51.9552402 ] ] ] } },
{ "type": "Feature", "properties": { "highway": "service", "surface": null, "ref": null, "name": null, "Класс": "Проезды" }, "geometry": { "type": "MultiLineString", "coordinates": [ [ [ 85.9146601, 51.9670416 ], [ 85.912823, 51.9670015 ] ] ] } },
{ "type": "Feature", "properties": { "highway": "living_street", "surface": "gravel", "ref": null, "name": "Бийский переулок", "Класс": "Прочие" }, "geometry": { "type": "MultiLineString", "coordinates": [ [ [ 85.915258, 51.9685056 ], [ 85.9150146, 51.968438 ], [ 85.9145803, 51.9682934 ], [ 85.9138045, 51.9680843 ], [ 85.9131502, 51.9679456 ], [ 85.9126352, 51.9678842 ], [ 85.9121035, 51.9679259 ], [ 85.9117234, 51.9680554 ], [ 85.9112499, 51.9682404 ], [ 85.9110499, 51.9683743 ], [ 85.9098004, 51.9691176 ], [ 85.9089446, 51.9696166 ], [ 85.9086848, 51.9699085 ], [ 85.9086542, 51.9701156 ], [ 85.9087044, 51.9702113 ] ] ] } },
{ "type": "Feature", "properties": { "highway": "residential", "surface": "asphalt", "ref": null, "name": null, "Класс": "Прочие" }, "geometry": { "type": "MultiLineString", "coordinates": [ [ [ 85.9051924, 51.9647963 ], [ 85.9049418, 51.9644577 ], [ 85.9047651, 51.9641569 ], [ 85.9045951, 51.9638013 ], [ 85.9045555, 51.9635973 ], [ 85.9045558, 51.9633925 ], [ 85.9045631, 51.9633079 ] ] ] } },
{ "type": "Feature", "properties": { "highway": "living_street", "surface": null, "ref": null, "name": null, "Класс": "Прочие" }, "geometry": { "type": "MultiLineString", "coordinates": [ [ [ 85.905866, 51.9688113 ], [ 85.9066645, 51.9694023 ] ] ] } },
{ "type": "Feature", "properties": { "highway": "living_street", "surface": "gravel", "ref": null, "name": null, "Класс": "Прочие" }, "geometry": { "type": "MultiLineString", "coordinates": [ [ [ 85.9078153, 51.9687932 ], [ 85.9083095, 51.9691537 ], [ 85.9089446, 51.9696166 ] ] ] } },
{ "type": "Feature", "properties": { "highway": "residential", "surface": "asphalt", "ref": null, "name": null, "Класс": "Прочие" }, "geometry": { "type": "MultiLineString", "coordinates": [ [ [ 85.9066523, 51.9645073 ], [ 85.9067757, 51.9646253 ], [ 85.9068584, 51.9647601 ], [ 85.9069151, 51.9648929 ], [ 85.9069731, 51.9650652 ], [ 85.9071211, 51.9654947 ], [ 85.907197, 51.9657306 ], [ 85.9073702, 51.9659364 ], [ 85.9075441, 51.9661376 ], [ 85.9079617, 51.9666097 ], [ 85.9080637, 51.966725 ], [ 85.9082734, 51.9669812 ] ] ] } },
{ "type": "Feature", "properties": { "highway": "living_street", "surface": null, "ref": null, "name": null, "Класс": "Прочие" }, "geometry": { "type": "MultiLineString", "coordinates": [ [ [ 85.9125767, 51.9690307 ], [ 85.912475, 51.9686139 ], [ 85.9123858, 51.9682733 ], [ 85.9122791, 51.9680917 ], [ 85.9121035, 51.9679259 ], [ 85.9115299, 51.9671844 ] ] ] } },
{ "type": "Feature", "properties": { "highway": "living_street", "surface": null, "ref": null, "name": "Тимуровский переулок", "Класс": "Прочие" }, "geometry": { "type": "MultiLineString", "coordinates": [ [ [ 85.9101367, 51.9679149 ], [ 85.9092417, 51.9685865 ], [ 85.9083095, 51.9691537 ], [ 85.9079046, 51.9694974 ], [ 85.9067966, 51.9702859 ], [ 85.9065101, 51.9705707 ], [ 85.906277, 51.9709379 ] ] ] } },
{ "type": "Feature", "properties": { "highway": "service", "surface": null, "ref": null, "name": "Зелёная улица", "Класс": "Проезды" }, "geometry": { "type": "MultiLineString", "coordinates": [ [ [ 85.9028172, 51.9715808 ], [ 85.9032401, 51.97103 ], [ 85.9035204, 51.9705829 ], [ 85.903749, 51.9702838 ], [ 85.903919, 51.9701058 ] ] ] } },
{ "type": "Feature", "properties": { "highway": "service", "surface": null, "ref": null, "name": null, "Класс": "Проезды" }, "geometry": { "type": "MultiLineString", "coordinates": [ [ [ 85.9173751, 51.9625567 ], [ 85.9171037, 51.9622503 ] ] ] } },
{ "type": "Feature", "properties": { "highway": "residential", "surface": null, "ref": null, "name": "Ленинградский переулок", "Класс": "Прочие" }, "geometry": { "type": "MultiLineString", "coordinates": [ [ [ 85.9122726, 51.9540148 ], [ 85.9124376, 51.9536623 ], [ 85.9126221, 51.9532186 ] ] ] } },
{ "type": "Feature", "properties": { "highway": "service", "surface": null, "ref": null, "name": null, "Класс": "Проезды" }, "geometry": { "type": "MultiLineString", "coordinates": [ [ [ 85.9170257, 51.9624566 ], [ 85.9171709, 51.9625974 ] ] ] } },
{ "type": "Feature", "properties": { "highway": "service", "surface": null, "ref": null, "name": null, "Класс": "Проезды" }, "geometry": { "type": "MultiLineString", "coordinates": [ [ [ 85.9174347, 51.9628593 ], [ 85.9174878, 51.9632309 ] ] ] } },
{ "type": "Feature", "properties": { "highway": "residential", "surface": null, "ref": null, "name": null, "Класс": "Прочие" }, "geometry": { "type": "MultiLineString", "coordinates": [ [ [ 85.9100392, 51.9566383 ], [ 85.9097082, 51.9573897 ], [ 85.9100626, 51.9578908 ] ] ] } },
{ "type": "Feature", "properties": { "highway": "residential", "surface": null, "ref": null, "name": "Уютный переулок", "Класс": "Прочие" }, "geometry": { "type": "MultiLineString", "coordinates": [ [ [ 85.9111459, 51.9658468 ], [ 85.9113579, 51.9660809 ], [ 85.9115916, 51.9663728 ] ] ] } },
{ "type": "Feature", "properties": { "highway": "residential", "surface": null, "ref": null, "name": null, "Класс": "Прочие" }, "geometry": { "type": "MultiLineString", "coordinates": [ [ [ 85.9097082, 51.9573897 ], [ 85.9091055, 51.9572669 ], [ 85.9086654, 51.9572067 ], [ 85.9083304, 51.9572008 ], [ 85.9081853, 51.9572347 ], [ 85.9081, 51.9572938 ] ] ] } },
{ "type": "Feature", "properties": { "highway": "residential", "surface": null, "ref": null, "name": "Шоссейная улица", "Класс": "Прочие" }, "geometry": { "type": "MultiLineString", "coordinates": [ [ [ 85.9219437, 51.9568072 ], [ 85.9225485, 51.9568375 ], [ 85.9229345, 51.9566168 ], [ 85.9240978, 51.955873 ], [ 85.9257125, 51.9550767 ] ] ] } },
{ "type": "Feature", "properties": { "highway": "residential", "surface": null, "ref": null, "name": "Шебалинская улица", "Класс": "Прочие" }, "geometry": { "type": "MultiLineString", "coordinates": [ [ [ 85.9225485, 51.9568375 ], [ 85.9231753, 51.9569225 ], [ 85.9234465, 51.9569498 ], [ 85.92364, 51.956978 ], [ 85.9238453, 51.9569223 ], [ 85.924, 51.9568621 ], [ 85.9245693, 51.9566528 ], [ 85.924745, 51.9566198 ], [ 85.9248898, 51.9565925 ], [ 85.9250414, 51.9565124 ], [ 85.9251273, 51.956382 ], [ 85.9254441, 51.9560368 ], [ 85.9258718, 51.9557438 ], [ 85.9259414, 51.9556703 ], [ 85.9259707, 51.9556018 ], [ 85.9259811, 51.955549 ], [ 85.9259939, 51.9554781 ], [ 85.9263494, 51.9550987 ], [ 85.9272763, 51.9541908 ] ] ] } },
{ "type": "Feature", "properties": { "highway": "service", "surface": null, "ref": null, "name": null, "Класс": "Проезды" }, "geometry": { "type": "MultiLineString", "coordinates": [ [ [ 85.9166966, 51.9626981 ], [ 85.9168463, 51.962919 ], [ 85.9171854, 51.9628771 ], [ 85.9172362, 51.962943 ], [ 85.9172962, 51.963305 ] ] ] } },
{ "type": "Feature", "properties": { "highway": "service", "surface": null, "ref": null, "name": null, "Класс": "Проезды" }, "geometry": { "type": "MultiLineString", "coordinates": [ [ [ 85.9032284, 51.9742953 ], [ 85.9026437, 51.9741046 ], [ 85.9024128, 51.9739835 ], [ 85.9027687, 51.9735866 ], [ 85.9031582, 51.9732227 ], [ 85.903273, 51.9730787 ], [ 85.9032933, 51.9728818 ], [ 85.903158, 51.9725264 ] ] ] } },
{ "type": "Feature", "properties": { "highway": "service", "surface": null, "ref": null, "name": null, "Класс": "Проезды" }, "geometry": { "type": "MultiLineString", "coordinates": [ [ [ 85.916156, 51.962754 ], [ 85.9163751, 51.9628087 ], [ 85.9166966, 51.9626981 ] ] ] } },
{ "type": "Feature", "properties": { "highway": "service", "surface": null, "ref": null, "name": null, "Класс": "Проезды" }, "geometry": { "type": "MultiLineString", "coordinates": [ [ [ 85.9026437, 51.9741046 ], [ 85.9024483, 51.9742597 ], [ 85.902354, 51.9743709 ], [ 85.9022498, 51.974511 ], [ 85.9021213, 51.9748381 ], [ 85.9013707, 51.9752744 ], [ 85.9012524, 51.9753084 ], [ 85.9011372, 51.9752807 ], [ 85.9008902, 51.9750062 ] ] ] } },
{ "type": "Feature", "properties": { "highway": "residential", "surface": null, "ref": null, "name": "улица Петра Сухова", "Класс": "Прочие" }, "geometry": { "type": "MultiLineString", "coordinates": [ [ [ 85.9135531, 51.9553961 ], [ 85.9130285, 51.9554283 ], [ 85.9129327, 51.9552046 ], [ 85.9128502, 51.95502 ], [ 85.9128236, 51.9545059 ], [ 85.912854, 51.954107 ], [ 85.9130603, 51.9534094 ], [ 85.9130551, 51.9532155 ] ] ] } },
{ "type": "Feature", "properties": { "highway": "residential", "surface": null, "ref": null, "name": "улица Связистов", "Класс": "Прочие" }, "geometry": { "type": "MultiLineString", "coordinates": [ [ [ 85.9174195, 51.96699 ], [ 85.9172032, 51.9667261 ], [ 85.9170886, 51.9663848 ], [ 85.9170533, 51.9657233 ], [ 85.9170255, 51.9656929 ], [ 85.9169676, 51.9656739 ], [ 85.9156777, 51.9657731 ], [ 85.9143645, 51.965874 ], [ 85.9133612, 51.9659887 ], [ 85.9130553, 51.9661035 ], [ 85.9128785, 51.9663685 ] ] ] } },
{ "type": "Feature", "properties": { "highway": "residential", "surface": null, "ref": null, "name": "переулок Фёдорова", "Класс": "Прочие" }, "geometry": { "type": "MultiLineString", "coordinates": [ [ [ 85.9223753, 51.9587513 ], [ 85.922997, 51.9587704 ], [ 85.9236815, 51.9588536 ], [ 85.924132, 51.9588902 ], [ 85.9247269, 51.9589002 ], [ 85.9247854, 51.958857 ], [ 85.9248344, 51.9587994 ], [ 85.9249204, 51.958588 ], [ 85.924926, 51.9583475 ], [ 85.9249078, 51.9580269 ], [ 85.9246355, 51.9578373 ], [ 85.9241452, 51.9577724 ], [ 85.9238362, 51.9577315 ], [ 85.9234218, 51.9575112 ], [ 85.9231959, 51.9574073 ], [ 85.9229845, 51.9574057 ], [ 85.9223148, 51.9575515 ] ] ] } },
{ "type": "Feature", "properties": { "highway": "residential", "surface": null, "ref": null, "name": "Ленинградский переулок", "Класс": "Прочие" }, "geometry": { "type": "MultiLineString", "coordinates": [ [ [ 85.912854, 51.954107 ], [ 85.9122726, 51.9540148 ], [ 85.9117339, 51.9539428 ], [ 85.911635, 51.9541123 ], [ 85.9117988, 51.9545881 ], [ 85.9118333, 51.9547775 ], [ 85.9118897, 51.9549379 ], [ 85.9119974, 51.9550292 ] ] ] } },
{ "type": "Feature", "properties": { "highway": "service", "surface": null, "ref": null, "name": null, "Класс": "Проезды" }, "geometry": { "type": "MultiLineString", "coordinates": [ [ [ 85.9171854, 51.9628771 ], [ 85.9172712, 51.9628621 ], [ 85.9174347, 51.9628593 ], [ 85.9175921, 51.962855 ], [ 85.9176495, 51.9633729 ], [ 85.9177564, 51.9634718 ], [ 85.9181224, 51.9634646 ] ] ] } },
{ "type": "Feature", "properties": { "highway": "residential", "surface": null, "ref": null, "name": "Хирургическая улица", "Класс": "Прочие" }, "geometry": { "type": "MultiLineString", "coordinates": [ [ [ 85.923768, 51.9625442 ], [ 85.9243518, 51.9621384 ], [ 85.9246036, 51.9612853 ], [ 85.9248124, 51.9610344 ], [ 85.9250375, 51.9608925 ], [ 85.9253924, 51.9607692 ], [ 85.9256424, 51.960647 ] ] ] } },
{ "type": "Feature", "properties": { "highway": "residential", "surface": null, "ref": null, "name": null, "Класс": "Прочие" }, "geometry": { "type": "MultiLineString", "coordinates": [ [ [ 85.9224525, 51.9595194 ], [ 85.9239864, 51.9594935 ], [ 85.9255202, 51.9594097 ], [ 85.9257428, 51.959409 ], [ 85.9258787, 51.9595194 ], [ 85.926002, 51.9597116 ], [ 85.9260246, 51.9600078 ], [ 85.9257897, 51.9601061 ], [ 85.9254284, 51.9601555 ], [ 85.9247584, 51.9601688 ] ] ] } },
{ "type": "Feature", "properties": { "highway": "service", "surface": null, "ref": null, "name": null, "Класс": "Проезды" }, "geometry": { "type": "MultiLineString", "coordinates": [ [ [ 85.9166966, 51.9626981 ], [ 85.9169779, 51.9626384 ], [ 85.9171709, 51.9625974 ], [ 85.9173751, 51.9625567 ], [ 85.9175921, 51.962855 ], [ 85.9178596, 51.9628268 ], [ 85.9176838, 51.9625725 ], [ 85.9172674, 51.9621794 ] ] ] } },
{ "type": "Feature", "properties": { "highway": "primary", "surface": "asphalt", "ref": null, "name": "Коммунистический проспект", "Класс": "Главные" }, "geometry": { "type": "MultiLineString", "coordinates": [ [ [ 85.9275776, 51.9536283 ], [ 85.9285031, 51.953688 ] ] ] } },
{ "type": "Feature", "properties": { "highway": "primary", "surface": "asphalt", "ref": null, "name": "Коммунистический проспект", "Класс": "Главные" }, "geometry": { "type": "MultiLineString", "coordinates": [ [ [ 85.8929519, 51.9772835 ], [ 85.8928897, 51.9773577 ], [ 85.8927706, 51.9774998 ], [ 85.8927536, 51.97752 ], [ 85.8926468, 51.9778862 ] ] ] } },
{ "type": "Feature", "properties": { "highway": "residential", "surface": null, "ref": null, "name": "Телефонный переулок", "Класс": "Прочие" }, "geometry": { "type": "MultiLineString", "coordinates": [ [ [ 85.972247, 51.938372 ], [ 85.9711309, 51.9381113 ], [ 85.9703688, 51.9379612 ], [ 85.9691612, 51.9376076 ], [ 85.9685865, 51.9374944 ], [ 85.9674397, 51.9372188 ], [ 85.9668587, 51.937039 ], [ 85.9663839, 51.9369526 ], [ 85.9652039, 51.9367775 ], [ 85.9641424, 51.9366376 ], [ 85.9640377, 51.9366238 ], [ 85.9632415, 51.93648 ], [ 85.9628796, 51.9364205 ], [ 85.9627789, 51.9363355 ], [ 85.9626624, 51.9362371 ], [ 85.962397, 51.9357908 ], [ 85.9619628, 51.9352454 ], [ 85.9616652, 51.9348834 ], [ 85.9614159, 51.9346255 ] ] ] } },
{ "type": "Feature", "properties": { "highway": "residential", "surface": null, "ref": null, "name": "Верхний переулок", "Класс": "Прочие" }, "geometry": { "type": "MultiLineString", "coordinates": [ [ [ 85.9621441, 51.9313976 ], [ 85.9620154, 51.9315513 ], [ 85.9619447, 51.9317736 ], [ 85.9618144, 51.9321365 ], [ 85.961742, 51.9323794 ], [ 85.9616937, 51.9324489 ] ] ] } },
{ "type": "Feature", "properties": { "highway": "residential", "surface": null, "ref": null, "name": "переулок Глухарева", "Класс": "Прочие" }, "geometry": { "type": "MultiLineString", "coordinates": [ [ [ 85.9627258, 51.9326959 ], [ 85.9632109, 51.9312631 ] ] ] } },
{ "type": "Feature", "properties": { "highway": "residential", "surface": null, "ref": null, "name": "переулок Пушкина", "Класс": "Прочие" }, "geometry": { "type": "MultiLineString", "coordinates": [ [ [ 85.9731351, 51.9338358 ], [ 85.9742042, 51.9341393 ], [ 85.9753151, 51.9344413 ], [ 85.9765776, 51.9348182 ], [ 85.9766342, 51.9348447 ], [ 85.9767651, 51.9349059 ], [ 85.9771111, 51.9349882 ], [ 85.9781357, 51.9351791 ], [ 85.9787788, 51.9352605 ] ] ] } },
{ "type": "Feature", "properties": { "highway": "residential", "surface": null, "ref": null, "name": "улица Ленина", "Класс": "Прочие" }, "geometry": { "type": "MultiLineString", "coordinates": [ [ [ 85.9785699, 51.9261712 ], [ 85.978586, 51.9257298 ], [ 85.9786182, 51.9252686 ], [ 85.9786825, 51.9243362 ], [ 85.9786428, 51.9239472 ], [ 85.9786182, 51.9237063 ], [ 85.9786182, 51.9233045 ], [ 85.9786032, 51.9226431 ], [ 85.9785457, 51.9220703 ], [ 85.9783205, 51.9206195 ], [ 85.9782482, 51.9199465 ], [ 85.9781356, 51.9188751 ], [ 85.9780954, 51.9184931 ], [ 85.9778774, 51.9178095 ], [ 85.9776289, 51.9172034 ], [ 85.9776096, 51.9171488 ], [ 85.9773314, 51.9163601 ], [ 85.9768849, 51.9153532 ], [ 85.9768166, 51.9151993 ], [ 85.9768031, 51.9151271 ] ] ] } },
{ "type": "Feature", "properties": { "highway": "residential", "surface": null, "ref": null, "name": "улица Ленина", "Класс": "Прочие" }, "geometry": { "type": "MultiLineString", "coordinates": [ [ [ 85.9768031, 51.9151271 ], [ 85.9767925, 51.9150703 ], [ 85.9769132, 51.9149463 ], [ 85.9767925, 51.9134828 ], [ 85.9767041, 51.9134034 ], [ 85.976117, 51.9131405 ], [ 85.9756344, 51.9129966 ], [ 85.975184, 51.9129272 ], [ 85.9743557, 51.9128528 ], [ 85.9731105, 51.912848 ], [ 85.9723857, 51.913115 ], [ 85.9712684, 51.9133448 ], [ 85.9697987, 51.9141644 ], [ 85.9687519, 51.9145369 ], [ 85.9679567, 51.9148412 ], [ 85.9668494, 51.9154497 ], [ 85.9664367, 51.9156794 ] ] ] } },
{ "type": "Feature", "properties": { "highway": "primary", "surface": "asphalt", "ref": null, "name": "улица Ленина", "Класс": "Главные" }, "geometry": { "type": "MultiLineString", "coordinates": [ [ [ 85.9688273, 51.9586623 ], [ 85.9688217, 51.9584398 ], [ 85.9688171, 51.9582603 ], [ 85.9688002, 51.9578406 ], [ 85.9687901, 51.957591 ], [ 85.9687645, 51.9569559 ] ] ] } },
{ "type": "Feature", "properties": { "highway": "service", "surface": null, "ref": null, "name": null, "Класс": "Проезды" }, "geometry": { "type": "MultiLineString", "coordinates": [ [ [ 85.9768849, 51.9153532 ], [ 85.9767187, 51.915257 ], [ 85.9766505, 51.9151763 ], [ 85.9766817, 51.9151044 ], [ 85.9768031, 51.9151271 ] ] ] } },
{ "type": "Feature", "properties": { "highway": "primary", "surface": "asphalt", "ref": null, "name": "Алтайская улица", "Класс": "Главные" }, "geometry": { "type": "MultiLineString", "coordinates": [ [ [ 85.894449, 51.98343 ], [ 85.8939438, 51.9818306 ], [ 85.8938977, 51.9816302 ] ] ] } },
{ "type": "Feature", "properties": { "highway": "residential", "surface": "unpaved", "ref": null, "name": "Излучный переулок", "Класс": "Прочие" }, "geometry": { "type": "MultiLineString", "coordinates": [ [ [ 85.9915174, 51.9692081 ], [ 85.9907081, 51.9692081 ], [ 85.9905518, 51.9692485 ], [ 85.9902456, 51.9693948 ], [ 85.9902549, 51.9695315 ], [ 85.9903299, 51.9696913 ], [ 85.9903956, 51.9698992 ], [ 85.9904549, 51.9700609 ], [ 85.9905643, 51.970188 ], [ 85.9907296, 51.9703024 ], [ 85.9906957, 51.9703973 ], [ 85.9905984, 51.9704783 ] ] ] } },
{ "type": "Feature", "properties": { "highway": "tertiary", "surface": "asphalt", "ref": null, "name": "Дубовая роща улица", "Класс": "Прочие" }, "geometry": { "type": "MultiLineString", "coordinates": [ [ [ 85.9929285, 51.9649883 ], [ 85.9927408, 51.9648949 ], [ 85.9906484, 51.9640559 ], [ 85.9888361, 51.9631699 ], [ 85.9874547, 51.9624323 ], [ 85.9866074, 51.9620691 ], [ 85.986273, 51.9619717 ] ] ] } },
{ "type": "Feature", "properties": { "highway": "residential", "surface": "gravel", "ref": null, "name": "Колхозный переулок", "Класс": "Прочие" }, "geometry": { "type": "MultiLineString", "coordinates": [ [ [ 85.9905006, 51.9671792 ], [ 85.9905988, 51.967197 ], [ 85.9908985, 51.9672515 ], [ 85.9916258, 51.9674098 ], [ 85.9922502, 51.9675627 ], [ 85.9927018, 51.9676609 ], [ 85.9932027, 51.9677533 ], [ 85.9932578, 51.9677603 ], [ 85.9934394, 51.9677833 ], [ 85.9939221, 51.9678528 ], [ 85.9941231, 51.9678818 ], [ 85.9952675, 51.9680372 ], [ 85.9963925, 51.9681447 ], [ 85.9967782, 51.9681809 ], [ 85.9979443, 51.9682566 ], [ 85.9984, 51.9682911 ], [ 85.9998595, 51.9684136 ], [ 86.0010897, 51.9685562 ] ] ] } },
{ "type": "Feature", "properties": { "highway": "residential", "surface": null, "ref": null, "name": "Прибрежный переулок", "Класс": "Прочие" }, "geometry": { "type": "MultiLineString", "coordinates": [ [ [ 85.9794974, 51.9603804 ], [ 85.9791104, 51.960882 ], [ 85.9790254, 51.9609792 ], [ 85.9791022, 51.9611203 ], [ 85.9792301, 51.9612662 ], [ 85.9793243, 51.9613738 ], [ 85.979637, 51.9616323 ], [ 85.9801717, 51.961825 ], [ 85.9804185, 51.9619618 ], [ 85.9807641, 51.9620277 ], [ 85.9809698, 51.9620075 ], [ 85.9811261, 51.9618605 ], [ 85.9812861, 51.9616524 ] ] ] } },
{ "type": "Feature", "properties": { "highway": "residential", "surface": "asphalt", "ref": null, "name": "Колхозный переулок", "Класс": "Прочие" }, "geometry": { "type": "MultiLineString", "coordinates": [ [ [ 85.9864539, 51.9655476 ], [ 85.9870609, 51.9658532 ], [ 85.9872799, 51.9659617 ], [ 85.9879615, 51.9663316 ], [ 85.9881851, 51.9664379 ], [ 85.9884107, 51.9665302 ], [ 85.9889, 51.9667065 ], [ 85.9894986, 51.9669046 ], [ 85.9899589, 51.9670315 ], [ 85.9905006, 51.9671792 ] ] ] } },
{ "type": "Feature", "properties": { "highway": "primary", "surface": "asphalt", "ref": null, "name": "Коммунистический проспект", "Класс": "Главные" }, "geometry": { "type": "MultiLineString", "coordinates": [ [ [ 85.916702, 51.9586908 ], [ 85.9165432, 51.9588034 ], [ 85.916008, 51.9591827 ], [ 85.9156417, 51.9596062 ], [ 85.9154853, 51.9599006 ], [ 85.9152474, 51.9603483 ], [ 85.9150855, 51.960653 ], [ 85.9147797, 51.961029 ], [ 85.9143524, 51.9613457 ], [ 85.9142151, 51.9614337 ], [ 85.9135085, 51.9618942 ], [ 85.9128326, 51.9623331 ], [ 85.9122862, 51.962688 ], [ 85.911995, 51.962891 ], [ 85.9106519, 51.9637681 ], [ 85.9104037, 51.9639203 ], [ 85.9100336, 51.9641483 ], [ 85.9098327, 51.9642684 ], [ 85.9093505, 51.9645486 ], [ 85.9091212, 51.9646751 ], [ 85.908299, 51.9651277 ], [ 85.9074801, 51.9655766 ], [ 85.907197, 51.9657306 ], [ 85.9069491, 51.9658766 ], [ 85.9060606, 51.9663827 ], [ 85.9052277, 51.9668808 ], [ 85.9044158, 51.9674203 ], [ 85.9038273, 51.9678114 ], [ 85.9034512, 51.9680835 ], [ 85.9031502, 51.9682879 ], [ 85.9025942, 51.968682 ], [ 85.9024058, 51.9688143 ] ] ] } },
{ "type": "Feature", "properties": { "highway": "primary", "surface": "asphalt", "ref": null, "name": "Коммунистический проспект", "Класс": "Главные" }, "geometry": { "type": "MultiLineString", "coordinates": [ [ [ 85.8983962, 51.9721923 ], [ 85.8975417, 51.972995 ], [ 85.8974061, 51.9731294 ], [ 85.8965309, 51.9739631 ], [ 85.8946986, 51.9756832 ], [ 85.8945467, 51.9758131 ], [ 85.8944159, 51.975937 ], [ 85.8936955, 51.9766018 ], [ 85.8929519, 51.9772835 ] ] ] } },
{ "type": "Feature", "properties": { "highway": "tertiary", "surface": "asphalt", "ref": null, "name": "Ленинградская улица", "Класс": "Прочие" }, "geometry": { "type": "MultiLineString", "coordinates": [ [ [ 85.9121272, 51.9468733 ], [ 85.9119791, 51.9470447 ], [ 85.9119049, 51.9471819 ], [ 85.9118229, 51.9473522 ], [ 85.9117716, 51.9475264 ], [ 85.9117575, 51.9476767 ], [ 85.9117619, 51.9478346 ], [ 85.9117786, 51.9479888 ], [ 85.9118015, 51.9481429 ], [ 85.9120683, 51.9489304 ], [ 85.9124244, 51.9495752 ], [ 85.9126486, 51.9499573 ] ] ] } },
{ "type": "Feature", "properties": { "highway": "residential", "surface": "asphalt", "ref": null, "name": "Совхозная улица", "Класс": "Прочие" }, "geometry": { "type": "MultiLineString", "coordinates": [ [ [ 85.9864539, 51.9655476 ], [ 85.9859857, 51.9657753 ], [ 85.9857979, 51.9658728 ], [ 85.9856978, 51.9659557 ] ] ] } },
{ "type": "Feature", "properties": { "highway": "residential", "surface": "gravel", "ref": null, "name": "улица Строителей", "Класс": "Прочие" }, "geometry": { "type": "MultiLineString", "coordinates": [ [ [ 85.8888954, 51.9714654 ], [ 85.8884608, 51.9715518 ], [ 85.8881953, 51.9715684 ], [ 85.8878758, 51.9716093 ], [ 85.8873067, 51.9715357 ], [ 85.8855611, 51.9709856 ], [ 85.8835729, 51.9703238 ] ] ] } },
{ "type": "Feature", "properties": { "highway": "residential", "surface": "asphalt", "ref": null, "name": "улица Строителей", "Класс": "Прочие" }, "geometry": { "type": "MultiLineString", "coordinates": [ [ [ 85.8983962, 51.9721923 ], [ 85.8981729, 51.9721479 ], [ 85.8972833, 51.9720494 ], [ 85.8966455, 51.972011 ], [ 85.8962486, 51.9719871 ], [ 85.8961491, 51.9719811 ], [ 85.8953853, 51.9719351 ], [ 85.895157, 51.9719214 ], [ 85.8946646, 51.971776 ], [ 85.893132, 51.9713879 ], [ 85.8928905, 51.9713215 ], [ 85.891684, 51.9715178 ], [ 85.8891034, 51.9714205 ], [ 85.8888954, 51.9714654 ] ] ] } },
{ "type": "Feature", "properties": { "highway": "trunk", "surface": "asphalt", "ref": "Р-256", "name": "«Чуйский тракт»", "Класс": "Прочие" }, "geometry": { "type": "MultiLineString", "coordinates": [ [ [ 85.8819457, 51.980347 ], [ 85.882556, 51.9804664 ], [ 85.8829989, 51.9805464 ], [ 85.8839771, 51.9807778 ], [ 85.8840387, 51.9807928 ], [ 85.8847831, 51.9809557 ], [ 85.885596, 51.9811197 ], [ 85.8866876, 51.981378 ], [ 85.8869237, 51.9814309 ], [ 85.8870837, 51.9814696 ], [ 85.8877365, 51.9816371 ], [ 85.8883982, 51.9817577 ], [ 85.888697, 51.9818 ], [ 85.8892683, 51.9818701 ], [ 85.8901295, 51.9819818 ], [ 85.8910699, 51.982134 ], [ 85.8919907, 51.9821647 ], [ 85.8924029, 51.9822351 ], [ 85.8926515, 51.9823555 ], [ 85.892975, 51.9826557 ], [ 85.8934427, 51.9830428 ], [ 85.8936604, 51.9831992 ], [ 85.8939986, 51.9833788 ], [ 85.8941891, 51.9834451 ], [ 85.894449, 51.98343 ] ] ] } },
{ "type": "Feature", "properties": { "highway": "residential", "surface": "asphalt", "ref": null, "name": null, "Класс": "Прочие" }, "geometry": { "type": "MultiLineString", "coordinates": [ [ [ 85.9905006, 51.9671792 ], [ 85.9911721, 51.9665732 ], [ 85.991385, 51.966395 ], [ 85.9916138, 51.9661747 ], [ 85.9920777, 51.965756 ], [ 85.9921809, 51.9656629 ], [ 85.9929285, 51.9649883 ] ] ] } },
{ "type": "Feature", "properties": { "highway": "service", "surface": null, "ref": null, "name": null, "Класс": "Проезды" }, "geometry": { "type": "MultiLineString", "coordinates": [ [ [ 85.891684, 51.9715178 ], [ 85.891398, 51.9720078 ], [ 85.8912061, 51.9723365 ], [ 85.8908625, 51.9723278 ], [ 85.890871, 51.9722653 ], [ 85.8896006, 51.9722133 ] ] ] } },
{ "type": "Feature", "properties": { "highway": "residential", "surface": "asphalt", "ref": null, "name": "улица В.И.Чаптынова", "Класс": "Прочие" }, "geometry": { "type": "MultiLineString", "coordinates": [ [ [ 85.9637183, 51.9586928 ], [ 85.9637665, 51.9587639 ], [ 85.9637773, 51.9588498 ], [ 85.9638422, 51.9592885 ], [ 85.9638485, 51.9594101 ], [ 85.9638658, 51.9601869 ], [ 85.9638755, 51.9605412 ], [ 85.9639293, 51.9608474 ], [ 85.9639809, 51.9609867 ], [ 85.964136, 51.9612928 ], [ 85.9643298, 51.9615687 ], [ 85.9646024, 51.961892 ] ] ] } },
{ "type": "Feature", "properties": { "highway": "tertiary", "surface": "asphalt", "ref": "84К-13", "name": null, "Класс": "Прочие" }, "geometry": { "type": "MultiLineString", "coordinates": [ [ [ 85.9848077, 51.9684838 ], [ 85.9849924, 51.9685221 ], [ 85.9854948, 51.9686127 ], [ 85.9859115, 51.968711 ], [ 85.9860823, 51.9687713 ], [ 85.9864014, 51.9689382 ], [ 85.9870747, 51.9693232 ], [ 85.9875494, 51.9695893 ], [ 85.9877586, 51.9696785 ], [ 85.9879705, 51.9697661 ], [ 85.9881717, 51.9698454 ], [ 85.988448, 51.9699363 ], [ 85.9890032, 51.970085 ], [ 85.9899822, 51.9703114 ], [ 85.9902665, 51.9703659 ], [ 85.9903734, 51.9703927 ], [ 85.9905984, 51.9704783 ], [ 85.9906637, 51.970535 ], [ 85.9907171, 51.9706039 ], [ 85.9907887, 51.9706683 ], [ 85.9914762, 51.9710385 ], [ 85.9920446, 51.9713568 ] ] ] } },
{ "type": "Feature", "properties": { "highway": "residential", "surface": null, "ref": null, "name": "улица Чкалова", "Класс": "Прочие" }, "geometry": { "type": "MultiLineString", "coordinates": [ [ [ 85.9579113, 51.9728431 ], [ 85.9575036, 51.9730122 ], [ 85.9569239, 51.9732796 ], [ 85.9567208, 51.9733514 ], [ 85.9561821, 51.9735724 ], [ 85.9558978, 51.9736417 ], [ 85.955238, 51.9737475 ], [ 85.9549607, 51.9738088 ], [ 85.9544011, 51.9739325 ], [ 85.954255, 51.9739528 ], [ 85.9536394, 51.9740383 ], [ 85.9528401, 51.9741242 ], [ 85.9525056, 51.9741672 ], [ 85.9521856, 51.9741539 ] ] ] } },
{ "type": "Feature", "properties": { "highway": "residential", "surface": "asphalt", "ref": null, "name": "Колхозная улица", "Класс": "Прочие" }, "geometry": { "type": "MultiLineString", "coordinates": [ [ [ 85.9781563, 51.9594228 ], [ 85.9780997, 51.9590062 ], [ 85.9780579, 51.9586429 ], [ 85.9781169, 51.958314 ], [ 85.9782064, 51.9579287 ], [ 85.9782506, 51.9577004 ], [ 85.9782638, 51.9575353 ], [ 85.9783623, 51.9564947 ], [ 85.9783757, 51.956399 ], [ 85.9785051, 51.9560034 ], [ 85.9789032, 51.9554961 ], [ 85.9789514, 51.9554341 ], [ 85.9796598, 51.9549439 ], [ 85.9801019, 51.9546379 ], [ 85.9816296, 51.9540044 ], [ 85.9827424, 51.9533244 ], [ 85.98361, 51.9530629 ], [ 85.9850339, 51.9527607 ], [ 85.9870426, 51.9522318 ], [ 85.9880803, 51.9519711 ], [ 85.9885231, 51.9518598 ], [ 85.989444, 51.9514621 ], [ 85.9897208, 51.9513425 ], [ 85.9911466, 51.9509711 ], [ 85.9917896, 51.9508318 ], [ 85.9927075, 51.9507954 ], [ 85.9943646, 51.9508179 ], [ 85.9958413, 51.9507886 ] ] ] } },
{ "type": "Feature", "properties": { "highway": "primary", "surface": "asphalt", "ref": null, "name": "Коммунистический проспект", "Класс": "Главные" }, "geometry": { "type": "MultiLineString", "coordinates": [ [ [ 85.9024058, 51.9688143 ], [ 85.9022052, 51.9689625 ], [ 85.9018336, 51.9692416 ], [ 85.9013333, 51.9696451 ], [ 85.9005643, 51.9702689 ], [ 85.9003452, 51.9704564 ], [ 85.8998028, 51.9709325 ], [ 85.8993649, 51.9713204 ], [ 85.8990765, 51.9715797 ], [ 85.8987982, 51.9718225 ], [ 85.8983962, 51.9721923 ] ] ] } },
{ "type": "Feature", "properties": { "highway": "residential", "surface": null, "ref": null, "name": "Красногвардейская улица", "Класс": "Прочие" }, "geometry": { "type": "MultiLineString", "coordinates": [ [ [ 85.9520693, 51.9427227 ], [ 85.9517127, 51.9425311 ], [ 85.9514204, 51.9424807 ], [ 85.951026, 51.9425398 ], [ 85.9505765, 51.9426419 ], [ 85.9499358, 51.9427473 ], [ 85.9496343, 51.9427909 ], [ 85.9492904, 51.9427966 ], [ 85.9490122, 51.9427617 ], [ 85.9485096, 51.9425743 ], [ 85.9480303, 51.9423654 ] ] ] } },
{ "type": "Feature", "properties": { "highway": "unclassified", "surface": "asphalt", "ref": null, "name": "Промышленная улица", "Класс": "Прочие" }, "geometry": { "type": "MultiLineString", "coordinates": [ [ [ 85.8981123, 51.967215 ], [ 85.8988466, 51.9665998 ], [ 85.8993356, 51.9661195 ], [ 85.899536, 51.9658618 ], [ 85.8996171, 51.965716 ], [ 85.899614, 51.9655209 ], [ 85.8995053, 51.9649996 ], [ 85.8994016, 51.9646751 ], [ 85.8991036, 51.9644886 ], [ 85.8987381, 51.964361 ], [ 85.89834, 51.964306 ], [ 85.8980121, 51.9642625 ], [ 85.8976567, 51.96421 ], [ 85.8970975, 51.9642124 ], [ 85.8962228, 51.9641934 ], [ 85.8960259, 51.9641457 ] ] ] } },
{ "type": "Feature", "properties": { "highway": "unclassified", "surface": "asphalt", "ref": null, "name": "Промышленная улица", "Класс": "Прочие" }, "geometry": { "type": "MultiLineString", "coordinates": [ [ [ 85.8960259, 51.9641457 ], [ 85.8959134, 51.9640018 ], [ 85.895796, 51.9637 ], [ 85.895555, 51.9635029 ], [ 85.8951688, 51.9633079 ], [ 85.8947599, 51.9631089 ], [ 85.8943582, 51.9627739 ], [ 85.8939739, 51.9623356 ], [ 85.8929702, 51.9613143 ], [ 85.8914873, 51.9596722 ], [ 85.8914888, 51.9596123 ], [ 85.8916345, 51.9594772 ], [ 85.8917869, 51.9593884 ], [ 85.8919708, 51.9592064 ] ] ] } },
{ "type": "Feature", "properties": { "highway": "residential", "surface": null, "ref": null, "name": null, "Класс": "Прочие" }, "geometry": { "type": "MultiLineString", "coordinates": [ [ [ 85.8981123, 51.967215 ], [ 85.8969978, 51.9680234 ], [ 85.8976162, 51.9685133 ], [ 85.898538, 51.9691757 ], [ 85.8989848, 51.9695503 ], [ 85.8992298, 51.9697302 ], [ 85.8996588, 51.9699368 ], [ 85.9003023, 51.970153 ] ] ] } },
{ "type": "Feature", "properties": { "highway": "tertiary", "surface": null, "ref": null, "name": "улица Ленина", "Класс": "Прочие" }, "geometry": { "type": "MultiLineString", "coordinates": [ [ [ 85.9684606, 51.9477458 ], [ 85.9684525, 51.9475378 ], [ 85.96841, 51.9467587 ], [ 85.9683842, 51.9461985 ], [ 85.9684526, 51.9456948 ], [ 85.9690969, 51.9445462 ], [ 85.969553, 51.9437288 ], [ 85.9697284, 51.9434146 ], [ 85.9697491, 51.9433774 ], [ 85.9699238, 51.9428953 ], [ 85.9704164, 51.9415359 ], [ 85.9706412, 51.9409157 ], [ 85.9706716, 51.9408318 ], [ 85.9709983, 51.9403005 ], [ 85.9714228, 51.93961 ], [ 85.9721094, 51.9385957 ], [ 85.972247, 51.938372 ], [ 85.9726231, 51.9378324 ], [ 85.973128, 51.9371965 ], [ 85.9737619, 51.936398 ], [ 85.9743617, 51.9356423 ], [ 85.9753151, 51.9344413 ], [ 85.9758295, 51.9337932 ], [ 85.975919, 51.9336743 ], [ 85.9768012, 51.932569 ], [ 85.9775091, 51.9316772 ], [ 85.9779748, 51.9309669 ], [ 85.9782505, 51.9305698 ], [ 85.9783272, 51.9302906 ], [ 85.9783351, 51.9300705 ], [ 85.9782804, 51.9297023 ], [ 85.9783528, 51.9293403 ], [ 85.9783609, 51.9291909 ], [ 85.9783849, 51.9287502 ], [ 85.9784171, 51.92836 ], [ 85.9784332, 51.928165 ], [ 85.9784493, 51.9275549 ], [ 85.9784794, 51.9271392 ], [ 85.9784895, 51.9269995 ], [ 85.978533, 51.9265511 ], [ 85.9785699, 51.9261712 ] ] ] } },
{ "type": "Feature", "properties": { "highway": "service", "surface": null, "ref": null, "name": null, "Класс": "Проезды" }, "geometry": { "type": "MultiLineString", "coordinates": [ [ [ 85.9413537, 51.9555474 ], [ 85.9420368, 51.9557479 ], [ 85.9421908, 51.9557706 ] ] ] } },
{ "type": "Feature", "properties": { "highway": "service", "surface": null, "ref": null, "name": null, "Класс": "Проезды" }, "geometry": { "type": "MultiLineString", "coordinates": [ [ [ 85.9421908, 51.9557706 ], [ 85.9418407, 51.9562593 ], [ 85.9417679, 51.9563613 ], [ 85.9417026, 51.9564528 ], [ 85.9415958, 51.9566024 ] ] ] } },
{ "type": "Feature", "properties": { "highway": "service", "surface": null, "ref": null, "name": null, "Класс": "Проезды" }, "geometry": { "type": "MultiLineString", "coordinates": [ [ [ 85.9411181, 51.9554881 ], [ 85.9416072, 51.9547502 ] ] ] } },
{ "type": "Feature", "properties": { "highway": "service", "surface": null, "ref": null, "name": null, "Класс": "Проезды" }, "geometry": { "type": "MultiLineString", "coordinates": [ [ [ 85.965984, 51.9537171 ], [ 85.9659851, 51.9540758 ], [ 85.9660435, 51.9541296 ], [ 85.9661491, 51.9541588 ] ] ] } },
{ "type": "Feature", "properties": { "highway": "residential", "surface": null, "ref": null, "name": "Речной переулок", "Класс": "Прочие" }, "geometry": { "type": "MultiLineString", "coordinates": [ [ [ 85.9684173, 51.9513589 ], [ 85.9679741, 51.9512562 ], [ 85.9668688, 51.9507753 ], [ 85.9665796, 51.9506475 ] ] ] } },
{ "type": "Feature", "properties": { "highway": "residential", "surface": "asphalt", "ref": null, "name": "улица В.И.Чаптынова", "Класс": "Прочие" }, "geometry": { "type": "MultiLineString", "coordinates": [ [ [ 85.9634565, 51.9538459 ], [ 85.9634565, 51.9538823 ], [ 85.9634983, 51.9547985 ], [ 85.9635074, 51.955261 ], [ 85.9635266, 51.9558775 ], [ 85.9635508, 51.9562749 ], [ 85.9635495, 51.9570036 ], [ 85.9635253, 51.9577738 ], [ 85.9635582, 51.9585822 ], [ 85.9635907, 51.9586166 ], [ 85.963644, 51.9586493 ], [ 85.9637183, 51.9586928 ] ] ] } },
{ "type": "Feature", "properties": { "highway": "residential", "surface": null, "ref": null, "name": "улица В.И.Чаптынова", "Класс": "Прочие" }, "geometry": { "type": "MultiLineString", "coordinates": [ [ [ 85.9634483, 51.9535918 ], [ 85.9634565, 51.9538459 ] ] ] } },
{ "type": "Feature", "properties": { "highway": "tertiary", "surface": null, "ref": null, "name": "улица Ленина", "Класс": "Прочие" }, "geometry": { "type": "MultiLineString", "coordinates": [ [ [ 85.968515, 51.9491982 ], [ 85.968486, 51.9488768 ] ] ] } },
{ "type": "Feature", "properties": { "highway": "tertiary", "surface": null, "ref": null, "name": "улица Ленина", "Класс": "Прочие" }, "geometry": { "type": "MultiLineString", "coordinates": [ [ [ 85.968486, 51.9488768 ], [ 85.9684663, 51.948655 ], [ 85.9684536, 51.9483837 ], [ 85.9684568, 51.9481671 ] ] ] } },
{ "type": "Feature", "properties": { "highway": "residential", "surface": null, "ref": null, "name": "Типографский переулок", "Класс": "Прочие" }, "geometry": { "type": "MultiLineString", "coordinates": [ [ [ 85.9666629, 51.9569733 ], [ 85.9666628, 51.9568881 ], [ 85.9666627, 51.9567558 ], [ 85.9666626, 51.9564768 ], [ 85.9663809, 51.9564752 ], [ 85.9659607, 51.9563983 ], [ 85.9652627, 51.9563664 ], [ 85.9647973, 51.9563425 ], [ 85.9647521, 51.9562628 ], [ 85.9646875, 51.9560597 ], [ 85.9646164, 51.9556295 ], [ 85.9646034, 51.9554383 ], [ 85.9647586, 51.9553746 ], [ 85.9654372, 51.9552591 ] ] ] } },
{ "type": "Feature", "properties": { "highway": "service", "surface": null, "ref": null, "name": null, "Класс": "Проезды" }, "geometry": { "type": "MultiLineString", "coordinates": [ [ [ 85.9676808, 51.9576337 ], [ 85.9676691, 51.9574348 ] ] ] } },
{ "type": "Feature", "properties": { "highway": "service", "surface": null, "ref": null, "name": null, "Класс": "Проезды" }, "geometry": { "type": "MultiLineString", "coordinates": [ [ [ 85.9673759, 51.95807 ], [ 85.9675739, 51.9581515 ], [ 85.9681782, 51.9581468 ] ] ] } },
{ "type": "Feature", "properties": { "highway": "service", "surface": null, "ref": null, "name": null, "Класс": "Проезды" }, "geometry": { "type": "MultiLineString", "coordinates": [ [ [ 85.9667249, 51.9574323 ], [ 85.9676691, 51.9574348 ], [ 85.9680063, 51.9574332 ], [ 85.9680166, 51.9576337 ], [ 85.9676808, 51.9576337 ], [ 85.9675642, 51.9577906 ], [ 85.9674173, 51.957933 ], [ 85.9673759, 51.95807 ], [ 85.967376, 51.9582275 ] ] ] } },
{ "type": "Feature", "properties": { "highway": "service", "surface": null, "ref": null, "name": null, "Класс": "Проезды" }, "geometry": { "type": "MultiLineString", "coordinates": [ [ [ 85.9877336, 51.9207043 ], [ 85.9876357, 51.920465 ], [ 85.9879584, 51.9200332 ], [ 85.9882661, 51.9200108 ] ] ] } },
{ "type": "Feature", "properties": { "highway": "residential", "surface": null, "ref": null, "name": "Абаканская улица", "Класс": "Прочие" }, "geometry": { "type": "MultiLineString", "coordinates": [ [ [ 85.9960587, 51.9661626 ], [ 85.9962394, 51.9659513 ], [ 85.9970457, 51.9649477 ], [ 85.9971913, 51.9647523 ], [ 85.9973636, 51.9646531 ], [ 85.9976238, 51.9645672 ], [ 85.9979342, 51.9644255 ], [ 85.998257, 51.9642668 ], [ 85.9990621, 51.9638631 ], [ 85.9998636, 51.9635073 ], [ 86.0011913, 51.9629056 ], [ 86.001258, 51.9628743 ], [ 86.0017634, 51.962436 ], [ 86.0019584, 51.9622665 ] ] ] } },
{ "type": "Feature", "properties": { "highway": "residential", "surface": null, "ref": null, "name": "Грушевый переулок", "Класс": "Прочие" }, "geometry": { "type": "MultiLineString", "coordinates": [ [ [ 85.9801504, 51.9592802 ], [ 85.9802311, 51.959619 ], [ 85.9803241, 51.9601675 ], [ 85.9804289, 51.9604077 ] ] ] } },
{ "type": "Feature", "properties": { "highway": "residential", "surface": null, "ref": null, "name": "Дачная улица", "Класс": "Прочие" }, "geometry": { "type": "MultiLineString", "coordinates": [ [ [ 85.9791889, 51.9593462 ], [ 85.9792121, 51.9590611 ], [ 85.9792168, 51.9587704 ], [ 85.9792989, 51.958733 ], [ 85.9795812, 51.9586293 ], [ 85.9802238, 51.9582967 ], [ 85.9813609, 51.9576922 ] ] ] } },
{ "type": "Feature", "properties": { "highway": "residential", "surface": null, "ref": null, "name": "Депутатская улица", "Класс": "Прочие" }, "geometry": { "type": "MultiLineString", "coordinates": [ [ [ 85.9768555, 51.9572582 ], [ 85.9768206, 51.9571506 ], [ 85.9768846, 51.9569068 ], [ 85.9768671, 51.9567455 ], [ 85.9768439, 51.9566487 ], [ 85.9767217, 51.9565196 ], [ 85.9766752, 51.9562902 ], [ 85.9766984, 51.9557345 ], [ 85.9767212, 51.9552554 ], [ 85.9769021, 51.9550569 ], [ 85.9773151, 51.9546553 ], [ 85.9774722, 51.9544295 ], [ 85.9778445, 51.9543112 ], [ 85.9784088, 51.9541355 ], [ 85.9793338, 51.9538272 ], [ 85.9796595, 51.9536586 ], [ 85.9802006, 51.9533288 ], [ 85.9806311, 51.9531603 ], [ 85.9809219, 51.9530204 ], [ 85.9811016, 51.9529337 ], [ 85.981271, 51.9528519 ], [ 85.9822949, 51.9526189 ], [ 85.9826169, 51.952547 ], [ 85.9831093, 51.9524002 ], [ 85.983534, 51.9523177 ], [ 85.9841448, 51.9521564 ], [ 85.9849895, 51.9519394 ], [ 85.9857464, 51.9518583 ], [ 85.9861413, 51.9517366 ], [ 85.9867419, 51.9513715 ], [ 85.9869434, 51.9511821 ], [ 85.9869943, 51.9511063 ], [ 85.9869887, 51.9509557 ], [ 85.9869476, 51.9504638 ], [ 85.9876469, 51.9504436 ], [ 85.9881978, 51.9504275 ], [ 85.9889057, 51.9507022 ], [ 85.9893143, 51.9508095 ], [ 85.9894483, 51.9508513 ], [ 85.9896297, 51.9509253 ] ] ] } },
{ "type": "Feature", "properties": { "highway": "residential", "surface": null, "ref": null, "name": "Карьерный переулок", "Класс": "Прочие" }, "geometry": { "type": "MultiLineString", "coordinates": [ [ [ 85.9840505, 51.9708723 ], [ 85.9846672, 51.9707754 ], [ 85.9855515, 51.9703638 ], [ 85.9862367, 51.9699998 ], [ 85.9863864, 51.9698859 ] ] ] } },
{ "type": "Feature", "properties": { "highway": "residential", "surface": "gravel", "ref": null, "name": "Колхозный переулок", "Класс": "Прочие" }, "geometry": { "type": "MultiLineString", "coordinates": [ [ [ 85.9812861, 51.9616524 ], [ 85.9817925, 51.9618807 ], [ 85.9821106, 51.9621127 ], [ 85.982529, 51.96229 ], [ 85.9830809, 51.9625807 ], [ 85.9833009, 51.9626458 ], [ 85.983557, 51.9627369 ], [ 85.9836736, 51.9628054 ], [ 85.9837021, 51.9628977 ], [ 85.9837917, 51.9633154 ], [ 85.9838609, 51.96353 ] ] ] } },
{ "type": "Feature", "properties": { "highway": "residential", "surface": null, "ref": null, "name": "Кольцевая улица", "Класс": "Прочие" }, "geometry": { "type": "MultiLineString", "coordinates": [ [ [ 85.9939221, 51.9678528 ], [ 85.9938955, 51.968064 ], [ 85.9938109, 51.9683144 ], [ 85.9937471, 51.9685366 ], [ 85.9934555, 51.9691767 ], [ 85.993351, 51.9693893 ], [ 85.9932354, 51.9696074 ], [ 85.9931982, 51.9697215 ], [ 85.9932116, 51.9697744 ], [ 85.9932783, 51.9698395 ], [ 85.9937366, 51.9699845 ], [ 85.9956529, 51.9705508 ], [ 85.9959662, 51.9706419 ], [ 85.9960788, 51.9706634 ], [ 85.9961593, 51.9706692 ], [ 85.9962637, 51.9706587 ], [ 85.9963618, 51.970627 ], [ 85.9965335, 51.9705365 ], [ 85.997031, 51.9700949 ], [ 85.9974439, 51.969575 ], [ 85.9975934, 51.9695441 ], [ 85.9983986, 51.9694134 ], [ 85.9993452, 51.9692556 ], [ 86.0000007, 51.9691315 ], [ 86.0002872, 51.9690754 ], [ 86.000416, 51.9690456 ], [ 86.000578, 51.9689915 ], [ 86.0007352, 51.9689052 ], [ 86.0008988, 51.9687664 ], [ 86.0010075, 51.9686467 ], [ 86.0010897, 51.9685562 ] ] ] } },
{ "type": "Feature", "properties": { "highway": "residential", "surface": null, "ref": null, "name": "Кольцевой переулок", "Класс": "Прочие" }, "geometry": { "type": "MultiLineString", "coordinates": [ [ [ 85.9977152, 51.9688714 ], [ 85.9988985, 51.9690112 ], [ 85.9992583, 51.9690252 ], [ 85.9993452, 51.9692556 ] ] ] } },
{ "type": "Feature", "properties": { "highway": "residential", "surface": null, "ref": null, "name": "Лобный переулок", "Класс": "Прочие" }, "geometry": { "type": "MultiLineString", "coordinates": [ [ [ 85.9923058, 51.9691827 ], [ 85.9922765, 51.969006 ], [ 85.9922916, 51.9688952 ], [ 85.9923294, 51.9687738 ], [ 85.9924874, 51.9684319 ], [ 85.9925222, 51.9683846 ], [ 85.9925759, 51.9683714 ], [ 85.9926282, 51.9683557 ], [ 85.9927234, 51.9683524 ], [ 85.9930735, 51.9684129 ], [ 85.9937471, 51.9685366 ] ] ] } },
{ "type": "Feature", "properties": { "highway": "residential", "surface": null, "ref": null, "name": "Малый переулок", "Класс": "Прочие" }, "geometry": { "type": "MultiLineString", "coordinates": [ [ [ 85.9731365, 51.9597197 ], [ 85.9747231, 51.9597627 ], [ 85.9749377, 51.9597429 ], [ 85.9750777, 51.9597199 ] ] ] } },
{ "type": "Feature", "properties": { "highway": "residential", "surface": null, "ref": null, "name": "Омская улица", "Класс": "Прочие" }, "geometry": { "type": "MultiLineString", "coordinates": [ [ [ 85.9839055, 51.9665857 ], [ 85.9831815, 51.9663424 ], [ 85.982275, 51.9659301 ], [ 85.9819557, 51.9657848 ], [ 85.9817936, 51.9657125 ], [ 85.9792923, 51.9645956 ], [ 85.9790644, 51.9645101 ], [ 85.9776035, 51.9639143 ], [ 85.9765833, 51.9634429 ], [ 85.9760053, 51.9631587 ], [ 85.9757688, 51.9630424 ], [ 85.9748532, 51.9624772 ], [ 85.9750284, 51.9623479 ], [ 85.9746204, 51.9621287 ], [ 85.9740658, 51.9619525 ], [ 85.9733912, 51.9617852 ], [ 85.9725931, 51.9615723 ], [ 85.9721488, 51.9614506 ], [ 85.9717869, 51.9613239 ], [ 85.9716851, 51.9613171 ], [ 85.9715173, 51.9612904 ], [ 85.9710211, 51.9612499 ], [ 85.9703635, 51.9611616 ], [ 85.9700262, 51.9611211 ], [ 85.9696313, 51.9611515 ], [ 85.9693374, 51.9612466 ] ] ] } },
{ "type": "Feature", "properties": { "highway": "residential", "surface": null, "ref": null, "name": "Онгудайская улица", "Класс": "Прочие" }, "geometry": { "type": "MultiLineString", "coordinates": [ [ [ 85.9976239, 51.9658376 ], [ 85.9976707, 51.9658769 ], [ 85.9978102, 51.9659314 ], [ 85.9980889, 51.9660173 ], [ 85.9985951, 51.9661002 ], [ 85.9994067, 51.9661767 ], [ 85.9999841, 51.9662529 ], [ 86.0001987, 51.9662876 ], [ 86.0004684, 51.9663004 ], [ 86.0008264, 51.9662909 ], [ 86.0013723, 51.9662205 ], [ 86.0020838, 51.9661731 ], [ 86.0026235, 51.9661603 ], [ 86.0028622, 51.9661934 ], [ 86.0030971, 51.9661974 ], [ 86.0033476, 51.9661917 ], [ 86.0035487, 51.9661731 ], [ 86.0044231, 51.9659866 ], [ 86.0049006, 51.9658728 ], [ 86.0056256, 51.9656266 ], [ 86.006869, 51.9650947 ], [ 86.0082923, 51.964608 ], [ 86.0094452, 51.964074 ] ] ] } },
{ "type": "Feature", "properties": { "highway": "residential", "surface": null, "ref": null, "name": "Онгудайская улица", "Класс": "Прочие" }, "geometry": { "type": "MultiLineString", "coordinates": [ [ [ 85.9978179, 51.9655577 ], [ 85.9974338, 51.9653641 ], [ 85.9972241, 51.9651605 ], [ 85.9970457, 51.9649477 ] ] ] } },
{ "type": "Feature", "properties": { "highway": "residential", "surface": null, "ref": null, "name": "Онгудайский переулок", "Класс": "Прочие" }, "geometry": { "type": "MultiLineString", "coordinates": [ [ [ 86.0088009, 51.965417 ], [ 86.0090955, 51.9653065 ], [ 86.0095711, 51.9650625 ], [ 86.0098028, 51.9649218 ], [ 86.0098994, 51.964802 ], [ 86.0099453, 51.9646322 ], [ 86.0098708, 51.96443 ], [ 86.0097474, 51.9642945 ], [ 86.0096106, 51.9641755 ], [ 86.0094452, 51.964074 ], [ 86.0090205, 51.9637253 ], [ 86.0087979, 51.963612 ], [ 86.0086524, 51.9635398 ], [ 86.0083875, 51.9633591 ], [ 86.0081045, 51.9632259 ], [ 86.007822, 51.9632214 ] ] ] } },
{ "type": "Feature", "properties": { "highway": "residential", "surface": null, "ref": null, "name": "Пимокатный переулок", "Класс": "Прочие" }, "geometry": { "type": "MultiLineString", "coordinates": [ [ [ 85.9744019, 51.9579355 ], [ 85.9744855, 51.957772 ], [ 85.9746463, 51.9575056 ], [ 85.9749034, 51.9570636 ], [ 85.9749299, 51.957018 ], [ 85.9750579, 51.9566738 ] ] ] } },
{ "type": "Feature", "properties": { "highway": "service", "surface": null, "ref": null, "name": "Подгорная улица", "Класс": "Проезды" }, "geometry": { "type": "MultiLineString", "coordinates": [ [ [ 85.9741176, 51.9526612 ], [ 85.9741118, 51.9526013 ], [ 85.974162, 51.9524721 ], [ 85.9743343, 51.9522488 ] ] ] } },
{ "type": "Feature", "properties": { "highway": "residential", "surface": null, "ref": null, "name": "Сельский переулок", "Класс": "Прочие" }, "geometry": { "type": "MultiLineString", "coordinates": [ [ [ 85.9848385, 51.9683134 ], [ 85.985654, 51.9683334 ], [ 85.9859915, 51.9683513 ], [ 85.9865674, 51.968638 ], [ 85.9870095, 51.9688316 ], [ 85.987376, 51.9688459 ] ] ] } },
{ "type": "Feature", "properties": { "highway": "residential", "surface": null, "ref": null, "name": "Совхозная улица", "Класс": "Прочие" }, "geometry": { "type": "MultiLineString", "coordinates": [ [ [ 85.9804777, 51.9749515 ], [ 85.9809349, 51.9744333 ], [ 85.9809949, 51.9743064 ], [ 85.9813482, 51.9742291 ], [ 85.9815896, 51.9741911 ], [ 85.9818942, 51.9741907 ], [ 85.9820581, 51.9741648 ], [ 85.982188, 51.9740986 ], [ 85.9823256, 51.973872 ], [ 85.982118, 51.9731106 ], [ 85.9820947, 51.9722505 ], [ 85.9823041, 51.9715122 ], [ 85.9826997, 51.9709101 ], [ 85.9836949, 51.9698085 ], [ 85.9844333, 51.9691038 ], [ 85.9849102, 51.9686551 ], [ 85.9849924, 51.9685221 ] ] ] } },
{ "type": "Feature", "properties": { "highway": "residential", "surface": "dirt", "ref": null, "name": "Карьерная улица", "Класс": "Прочие" }, "geometry": { "type": "MultiLineString", "coordinates": [ [ [ 85.9840505, 51.9708723 ], [ 85.9839796, 51.9709316 ], [ 85.9838223, 51.9711416 ], [ 85.9836469, 51.9713093 ], [ 85.9833528, 51.971639 ], [ 85.9832244, 51.9718952 ], [ 85.9831827, 51.9721736 ], [ 85.9831971, 51.9724453 ], [ 85.9829966, 51.9730258 ], [ 85.9827418, 51.9735491 ], [ 85.9827113, 51.973942 ], [ 85.9826388, 51.974011 ], [ 85.9825522, 51.9740492 ], [ 85.9824544, 51.9740044 ], [ 85.9823256, 51.973872 ] ] ] } },
{ "type": "Feature", "properties": { "highway": "residential", "surface": null, "ref": null, "name": "Совхозная улица", "Класс": "Прочие" }, "geometry": { "type": "MultiLineString", "coordinates": [ [ [ 85.9856978, 51.9659557 ], [ 85.9856243, 51.9661075 ] ] ] } },
{ "type": "Feature", "properties": { "highway": "residential", "surface": "asphalt", "ref": null, "name": "Совхозная улица", "Класс": "Прочие" }, "geometry": { "type": "MultiLineString", "coordinates": [ [ [ 85.9856243, 51.9661075 ], [ 85.9854348, 51.9665145 ], [ 85.9851398, 51.9671243 ], [ 85.9850069, 51.9675542 ], [ 85.9849609, 51.9677989 ], [ 85.9849049, 51.9680734 ], [ 85.9848385, 51.9683134 ], [ 85.9848077, 51.9684838 ] ] ] } },
{ "type": "Feature", "properties": { "highway": "residential", "surface": null, "ref": null, "name": "Совхозный переулок", "Класс": "Прочие" }, "geometry": { "type": "MultiLineString", "coordinates": [ [ [ 85.9851398, 51.9671243 ], [ 85.985305, 51.9671542 ], [ 85.9862625, 51.9673832 ], [ 85.9867885, 51.967509 ], [ 85.9870591, 51.9675857 ], [ 85.9877367, 51.9677779 ], [ 85.9882673, 51.9678994 ], [ 85.9884718, 51.9679463 ] ] ] } },
{ "type": "Feature", "properties": { "highway": "residential", "surface": null, "ref": null, "name": "Сосновый переулок", "Класс": "Прочие" }, "geometry": { "type": "MultiLineString", "coordinates": [ [ [ 86.0091338, 51.9667657 ], [ 86.0090581, 51.9667288 ], [ 86.0090339, 51.9666627 ], [ 86.0090192, 51.9664321 ], [ 86.008999, 51.9662082 ], [ 86.0090441, 51.965967 ], [ 86.0090312, 51.9657703 ], [ 86.0089534, 51.9656348 ], [ 86.0088381, 51.9655191 ], [ 86.0086823, 51.9654085 ] ] ] } },
{ "type": "Feature", "properties": { "highway": "primary", "surface": "asphalt", "ref": "Р-256", "name": "Социалистическая улица", "Класс": "Главные" }, "geometry": { "type": "MultiLineString", "coordinates": [ [ [ 85.961019, 51.9536596 ], [ 85.9610995, 51.9534702 ], [ 85.9613189, 51.9531822 ], [ 85.9614517, 51.9530808 ], [ 85.9615796, 51.9530073 ], [ 85.9617062, 51.9529616 ], [ 85.9617557, 51.9529437 ], [ 85.9619042, 51.95289 ], [ 85.9622904, 51.9527726 ], [ 85.9626656, 51.9526843 ], [ 85.9633275, 51.9525261 ], [ 85.9634674, 51.9524966 ], [ 85.9647519, 51.952241 ], [ 85.9653189, 51.9521772 ], [ 85.9655196, 51.9521516 ], [ 85.9657661, 51.9521308 ], [ 85.9665456, 51.9521082 ], [ 85.9670354, 51.952094 ], [ 85.9673057, 51.9520886 ], [ 85.9680092, 51.9520745 ], [ 85.968172, 51.9520643 ], [ 85.9682761, 51.9520476 ], [ 85.9683366, 51.9520306 ], [ 85.9684821, 51.9519928 ] ] ] } },
{ "type": "Feature", "properties": { "highway": "primary", "surface": "asphalt", "ref": "Р-256", "name": "Социалистическая улица", "Класс": "Главные" }, "geometry": { "type": "MultiLineString", "coordinates": [ [ [ 85.9608995, 51.9539317 ], [ 85.961019, 51.9536596 ] ] ] } },
{ "type": "Feature", "properties": { "highway": "residential", "surface": null, "ref": null, "name": "Телецкий переулок", "Класс": "Прочие" }, "geometry": { "type": "MultiLineString", "coordinates": [ [ [ 85.9911721, 51.9665732 ], [ 85.9915298, 51.9667139 ], [ 85.9919965, 51.9669538 ], [ 85.9928416, 51.9674619 ], [ 85.9932027, 51.9677533 ] ] ] } },
{ "type": "Feature", "properties": { "highway": "residential", "surface": null, "ref": null, "name": "Тугаинская улица", "Класс": "Прочие" }, "geometry": { "type": "MultiLineString", "coordinates": [ [ [ 85.9654902, 51.962416 ], [ 85.9661337, 51.9623795 ], [ 85.9672243, 51.9622918 ], [ 85.9683816, 51.9620403 ], [ 85.9689295, 51.9619361 ], [ 85.9695384, 51.9619281 ], [ 85.969879, 51.961956 ], [ 85.9702261, 51.9620086 ] ] ] } },
{ "type": "Feature", "properties": { "highway": "residential", "surface": null, "ref": null, "name": "Тугаинский переулок", "Класс": "Прочие" }, "geometry": { "type": "MultiLineString", "coordinates": [ [ [ 85.981195, 51.9684906 ], [ 85.9814834, 51.9685672 ], [ 85.9821122, 51.9687617 ], [ 85.9825712, 51.96892 ], [ 85.9832399, 51.969044 ] ] ] } },
{ "type": "Feature", "properties": { "highway": "residential", "surface": null, "ref": null, "name": "Турочакский переулок", "Класс": "Прочие" }, "geometry": { "type": "MultiLineString", "coordinates": [ [ [ 85.9921809, 51.9656629 ], [ 85.9933105, 51.9661389 ], [ 85.9943301, 51.9665716 ], [ 85.9949608, 51.9668458 ] ] ] } },
{ "type": "Feature", "properties": { "highway": "residential", "surface": "fine_gravel", "ref": null, "name": "Турочакский переулок", "Класс": "Прочие" }, "geometry": { "type": "MultiLineString", "coordinates": [ [ [ 85.9872799, 51.9659617 ], [ 85.9876667, 51.9657182 ], [ 85.9883016, 51.9653162 ], [ 85.9888654, 51.9650328 ], [ 85.9892178, 51.9648845 ], [ 85.9894545, 51.9648331 ], [ 85.9896629, 51.9648037 ], [ 85.9909493, 51.9652467 ], [ 85.9920777, 51.965756 ] ] ] } },
{ "type": "Feature", "properties": { "highway": "residential", "surface": null, "ref": null, "name": "Улалушинская улица", "Класс": "Прочие" }, "geometry": { "type": "MultiLineString", "coordinates": [ [ [ 85.9715173, 51.9612904 ], [ 85.9714742, 51.9609791 ], [ 85.9715018, 51.9608172 ], [ 85.9715894, 51.9607054 ], [ 85.9718428, 51.960641 ], [ 85.9723792, 51.9606496 ], [ 85.972914, 51.9606243 ], [ 85.9734405, 51.9605938 ], [ 85.9742961, 51.9606598 ], [ 85.9748062, 51.9607362 ], [ 85.9752999, 51.9608473 ], [ 85.9758017, 51.9609994 ], [ 85.9760674, 51.9611001 ], [ 85.9762789, 51.9611819 ], [ 85.977044, 51.9614861 ], [ 85.9775623, 51.9617142 ], [ 85.9776421, 51.9617524 ], [ 85.9784509, 51.9621401 ], [ 85.9790679, 51.9624645 ], [ 85.9799482, 51.9629664 ], [ 85.9807402, 51.9633259 ], [ 85.9808861, 51.9633922 ], [ 85.9814949, 51.9637268 ], [ 85.9816504, 51.9638284 ], [ 85.9818981, 51.9639904 ], [ 85.9822272, 51.9643401 ], [ 85.9827619, 51.964842 ], [ 85.9832226, 51.9652019 ], [ 85.9839055, 51.9656581 ], [ 85.9840618, 51.9658203 ], [ 85.9841112, 51.9659572 ], [ 85.9840947, 51.9661093 ], [ 85.9839055, 51.9665857 ], [ 85.983889, 51.9669558 ], [ 85.983922, 51.9671585 ], [ 85.984103, 51.9675184 ], [ 85.984194, 51.9677451 ], [ 85.984213, 51.9678847 ], [ 85.984202, 51.9679616 ], [ 85.9841112, 51.9681267 ], [ 85.9840616, 51.9683604 ] ] ] } },
{ "type": "Feature", "properties": { "highway": "residential", "surface": null, "ref": null, "name": "Южный переулок", "Класс": "Прочие" }, "geometry": { "type": "MultiLineString", "coordinates": [ [ [ 85.9833141, 51.9670327 ], [ 85.982834, 51.9668483 ], [ 85.9822662, 51.9666668 ], [ 85.9819474, 51.9665046 ], [ 85.9817356, 51.96638 ], [ 85.9815466, 51.9662016 ], [ 85.9815196, 51.9661447 ], [ 85.9819557, 51.9657848 ] ] ] } },
{ "type": "Feature", "properties": { "highway": "service", "surface": null, "ref": null, "name": null, "Класс": "Проезды" }, "geometry": { "type": "MultiLineString", "coordinates": [ [ [ 86.0009293, 51.9649649 ], [ 86.0011593, 51.9656066 ], [ 86.0013723, 51.9662205 ], [ 86.0014137, 51.9666386 ], [ 86.0009595, 51.9669415 ] ] ] } },
{ "type": "Feature", "properties": { "highway": "service", "surface": null, "ref": null, "name": null, "Класс": "Проезды" }, "geometry": { "type": "MultiLineString", "coordinates": [ [ [ 85.9523454, 51.9687836 ], [ 85.9535137, 51.9685606 ], [ 85.9542541, 51.9683883 ], [ 85.9550522, 51.9681754 ], [ 85.9557762, 51.968074 ], [ 85.9569691, 51.967927 ], [ 85.9584418, 51.9678409 ], [ 85.9589272, 51.9677952 ], [ 85.959067, 51.967851 ], [ 85.9591787, 51.9682188 ], [ 85.959287, 51.9683437 ] ] ] } },
{ "type": "Feature", "properties": { "highway": "residential", "surface": null, "ref": null, "name": null, "Класс": "Прочие" }, "geometry": { "type": "MultiLineString", "coordinates": [ [ [ 85.9715851, 51.9682006 ], [ 85.9718001, 51.9681555 ], [ 85.9720972, 51.9680475 ], [ 85.9723315, 51.967897 ], [ 85.9727741, 51.9676611 ], [ 85.9731738, 51.9675044 ], [ 85.973643, 51.9673698 ], [ 85.9739345, 51.9672675 ], [ 85.9742392, 51.9672332 ], [ 85.9744093, 51.9671684 ], [ 85.9746358, 51.9670466 ], [ 85.9748694, 51.9669598 ], [ 85.9751013, 51.9669354 ], [ 85.9753378, 51.9669237 ], [ 85.9756592, 51.966942 ], [ 85.9759063, 51.9669829 ] ] ] } },
{ "type": "Feature", "properties": { "highway": "service", "surface": "gravel", "ref": null, "name": null, "Класс": "Проезды" }, "geometry": { "type": "MultiLineString", "coordinates": [ [ [ 85.9773704, 51.9690803 ], [ 85.9776192, 51.9687892 ], [ 85.9778479, 51.9685478 ], [ 85.9780653, 51.9682272 ], [ 85.9780681, 51.96814 ], [ 85.9780335, 51.9680609 ], [ 85.9781027, 51.9678459 ], [ 85.9780454, 51.9677382 ], [ 85.9780598, 51.9675881 ], [ 85.97847, 51.9670359 ], [ 85.9786429, 51.9668171 ], [ 85.9788494, 51.9665738 ] ] ] } },
{ "type": "Feature", "properties": { "highway": "service", "surface": null, "ref": null, "name": null, "Класс": "Проезды" }, "geometry": { "type": "MultiLineString", "coordinates": [ [ [ 85.9513746, 51.9712368 ], [ 85.9528967, 51.9715359 ], [ 85.9538428, 51.9716322 ], [ 85.9542996, 51.9716088 ], [ 85.9549914, 51.9714539 ], [ 85.9552617, 51.9713996 ], [ 85.9555172, 51.9713562 ], [ 85.955853, 51.9713776 ], [ 85.9560724, 51.9714142 ], [ 85.9564755, 51.9714649 ], [ 85.9570349, 51.9714244 ], [ 85.9578001, 51.971247 ], [ 85.9586685, 51.9709693 ] ] ] } },
{ "type": "Feature", "properties": { "highway": "residential", "surface": null, "ref": null, "name": null, "Класс": "Прочие" }, "geometry": { "type": "MultiLineString", "coordinates": [ [ [ 85.9812503, 51.9681492 ], [ 85.9812778, 51.9682771 ], [ 85.981195, 51.9684906 ], [ 85.980957, 51.9687941 ], [ 85.9808136, 51.9688486 ], [ 85.9806619, 51.9688456 ], [ 85.9804416, 51.9689233 ], [ 85.9801507, 51.969083 ], [ 85.9799086, 51.9691463 ], [ 85.9796009, 51.9691712 ], [ 85.9786003, 51.9692585 ], [ 85.9782502, 51.969272 ], [ 85.9776491, 51.9693081 ], [ 85.977257, 51.969326 ], [ 85.9770088, 51.9693566 ], [ 85.9765966, 51.9694074 ], [ 85.9760562, 51.96947 ], [ 85.9759124, 51.969481 ] ] ] } },
{ "type": "Feature", "properties": { "highway": "service", "surface": null, "ref": null, "name": null, "Класс": "Проезды" }, "geometry": { "type": "MultiLineString", "coordinates": [ [ [ 85.9842817, 51.957747 ], [ 85.9843179, 51.9578235 ], [ 85.9844894, 51.9581224 ], [ 85.9847312, 51.9582945 ], [ 85.9849988, 51.958673 ], [ 85.9851486, 51.9588159 ], [ 85.9853944, 51.9588373 ], [ 85.9864639, 51.9585838 ], [ 85.9873195, 51.9583252 ] ] ] } },
{ "type": "Feature", "properties": { "highway": "residential", "surface": null, "ref": null, "name": null, "Класс": "Прочие" }, "geometry": { "type": "MultiLineString", "coordinates": [ [ [ 85.9521856, 51.9741539 ], [ 85.9521811, 51.9742958 ], [ 85.9518406, 51.9748039 ], [ 85.9518311, 51.9748292 ], [ 85.9517532, 51.9749799 ], [ 85.9513515, 51.9753172 ] ] ] } },
{ "type": "Feature", "properties": { "highway": "residential", "surface": null, "ref": null, "name": "Сосновая улица", "Класс": "Прочие" }, "geometry": { "type": "MultiLineString", "coordinates": [ [ [ 86.0079948, 51.9659641 ], [ 86.0069736, 51.9662471 ], [ 86.005142, 51.9667813 ], [ 86.0049483, 51.9668762 ], [ 86.0046453, 51.9672203 ], [ 86.004249, 51.9675642 ], [ 86.0038966, 51.9677526 ], [ 86.0033675, 51.9677371 ], [ 86.0024181, 51.967656 ], [ 86.002091, 51.9677104 ], [ 86.0015886, 51.9680482 ], [ 86.0013996, 51.9682458 ], [ 86.0010897, 51.9685562 ] ] ] } },
{ "type": "Feature", "properties": { "highway": "service", "surface": null, "ref": null, "name": null, "Класс": "Проезды" }, "geometry": { "type": "MultiLineString", "coordinates": [ [ [ 85.9816504, 51.9638284 ], [ 85.9822429, 51.9635466 ] ] ] } },
{ "type": "Feature", "properties": { "highway": "service", "surface": null, "ref": null, "name": "Тенистая улица", "Класс": "Проезды" }, "geometry": { "type": "MultiLineString", "coordinates": [ [ [ 85.9563843, 51.9760299 ], [ 85.9576256, 51.9761663 ] ] ] } },
{ "type": "Feature", "properties": { "highway": "service", "surface": null, "ref": null, "name": null, "Класс": "Проезды" }, "geometry": { "type": "MultiLineString", "coordinates": [ [ [ 85.9834677, 51.9648361 ], [ 85.983872, 51.9643648 ] ] ] } },
{ "type": "Feature", "properties": { "highway": "service", "surface": null, "ref": null, "name": null, "Класс": "Проезды" }, "geometry": { "type": "MultiLineString", "coordinates": [ [ [ 85.9755349, 51.9594975 ], [ 85.9755812, 51.9588431 ] ] ] } },
{ "type": "Feature", "properties": { "highway": "service", "surface": null, "ref": null, "name": null, "Класс": "Проезды" }, "geometry": { "type": "MultiLineString", "coordinates": [ [ [ 85.9678108, 51.9611083 ], [ 85.9678764, 51.960759 ] ] ] } },
{ "type": "Feature", "properties": { "highway": "service", "surface": "gravel", "ref": null, "name": null, "Класс": "Проезды" }, "geometry": { "type": "MultiLineString", "coordinates": [ [ [ 85.9769071, 51.9647222 ], [ 85.9764884, 51.9650454 ] ] ] } },
{ "type": "Feature", "properties": { "highway": "service", "surface": null, "ref": null, "name": null, "Класс": "Проезды" }, "geometry": { "type": "MultiLineString", "coordinates": [ [ [ 85.9836805, 51.9604752 ], [ 85.9826939, 51.9608956 ] ] ] } },
{ "type": "Feature", "properties": { "highway": "service", "surface": null, "ref": null, "name": null, "Класс": "Проезды" }, "geometry": { "type": "MultiLineString", "coordinates": [ [ [ 85.959287, 51.968489 ], [ 85.9585981, 51.9684795 ], [ 85.9580222, 51.9685758 ], [ 85.9575121, 51.9686468 ], [ 85.9567881, 51.9686924 ], [ 85.9560394, 51.9688698 ], [ 85.9551015, 51.9689915 ], [ 85.9539909, 51.9691334 ], [ 85.9535302, 51.9691891 ], [ 85.9526169, 51.9695186 ], [ 85.9520739, 51.9697416 ], [ 85.952041, 51.9698835 ], [ 85.9527403, 51.9698582 ], [ 85.9541966, 51.9696605 ], [ 85.9545585, 51.9695997 ], [ 85.9558996, 51.9693919 ], [ 85.9562287, 51.9693311 ], [ 85.957183, 51.9692449 ], [ 85.9583184, 51.9691435 ], [ 85.9590874, 51.9691347 ], [ 85.9595717, 51.9691247 ] ] ] } },
{ "type": "Feature", "properties": { "highway": "service", "surface": "ground", "ref": null, "name": null, "Класс": "Проезды" }, "geometry": { "type": "MultiLineString", "coordinates": [ [ [ 85.9820233, 51.9589826 ], [ 85.9825852, 51.9595798 ], [ 85.9830367, 51.9599524 ] ] ] } },
{ "type": "Feature", "properties": { "highway": "service", "surface": null, "ref": null, "name": null, "Класс": "Проезды" }, "geometry": { "type": "MultiLineString", "coordinates": [ [ [ 85.9741833, 51.9501369 ], [ 85.9742431, 51.9499895 ], [ 85.9743523, 51.9498399 ] ] ] } },
{ "type": "Feature", "properties": { "highway": "residential", "surface": null, "ref": null, "name": "Сосновая улица", "Класс": "Прочие" }, "geometry": { "type": "MultiLineString", "coordinates": [ [ [ 86.0108821, 51.9652118 ], [ 86.0110082, 51.9655406 ], [ 86.0110554, 51.965736 ] ] ] } },
{ "type": "Feature", "properties": { "highway": "residential", "surface": null, "ref": null, "name": null, "Класс": "Прочие" }, "geometry": { "type": "MultiLineString", "coordinates": [ [ [ 85.9783827, 51.9654293 ], [ 85.9786236, 51.9650295 ], [ 85.9790644, 51.9645101 ] ] ] } },
{ "type": "Feature", "properties": { "highway": "service", "surface": null, "ref": null, "name": null, "Класс": "Проезды" }, "geometry": { "type": "MultiLineString", "coordinates": [ [ [ 85.959067, 51.967851 ], [ 85.9591329, 51.9674607 ], [ 85.959281, 51.9671211 ] ] ] } },
{ "type": "Feature", "properties": { "highway": "track", "surface": null, "ref": null, "name": null, "Класс": "Прочие" }, "geometry": { "type": "MultiLineString", "coordinates": [ [ [ 85.9498691, 51.9733604 ], [ 85.9506365, 51.9735849 ], [ 85.9512004, 51.9737471 ] ] ] } },
{ "type": "Feature", "properties": { "highway": "service", "surface": null, "ref": null, "name": null, "Класс": "Проезды" }, "geometry": { "type": "MultiLineString", "coordinates": [ [ [ 85.9844038, 51.9611184 ], [ 85.9845909, 51.9610378 ], [ 85.9850506, 51.9608644 ], [ 85.9868037, 51.9601894 ] ] ] } },
{ "type": "Feature", "properties": { "highway": "service", "surface": null, "ref": null, "name": null, "Класс": "Проезды" }, "geometry": { "type": "MultiLineString", "coordinates": [ [ [ 85.9659927, 51.9608751 ], [ 85.9661109, 51.9610177 ], [ 85.9661699, 51.9611169 ], [ 85.9662101, 51.9612502 ], [ 85.9662944, 51.9618866 ] ] ] } },
{ "type": "Feature", "properties": { "highway": "service", "surface": null, "ref": null, "name": null, "Класс": "Проезды" }, "geometry": { "type": "MultiLineString", "coordinates": [ [ [ 85.973823, 51.9631003 ], [ 85.9742789, 51.9627958 ], [ 85.9748532, 51.9624772 ] ] ] } },
{ "type": "Feature", "properties": { "highway": "service", "surface": null, "ref": null, "name": null, "Класс": "Проезды" }, "geometry": { "type": "MultiLineString", "coordinates": [ [ [ 85.9878711, 51.967937 ], [ 85.9881515, 51.9681338 ], [ 85.9886399, 51.9685256 ] ] ] } },
{ "type": "Feature", "properties": { "highway": "service", "surface": null, "ref": null, "name": null, "Класс": "Проезды" }, "geometry": { "type": "MultiLineString", "coordinates": [ [ [ 85.9635703, 51.9643961 ], [ 85.9642889, 51.9643589 ], [ 85.9646437, 51.9643398 ] ] ] } },
{ "type": "Feature", "properties": { "highway": "service", "surface": null, "ref": null, "name": null, "Класс": "Проезды" }, "geometry": { "type": "MultiLineString", "coordinates": [ [ [ 85.9716461, 51.9629519 ], [ 85.9720195, 51.9626371 ], [ 85.9723714, 51.9624117 ] ] ] } },
{ "type": "Feature", "properties": { "highway": "service", "surface": null, "ref": null, "name": null, "Класс": "Проезды" }, "geometry": { "type": "MultiLineString", "coordinates": [ [ [ 85.9853151, 51.9694657 ], [ 85.9859833, 51.9697041 ], [ 85.9863864, 51.9698859 ] ] ] } },
{ "type": "Feature", "properties": { "highway": "residential", "surface": null, "ref": null, "name": "Сосновая улица", "Класс": "Прочие" }, "geometry": { "type": "MultiLineString", "coordinates": [ [ [ 86.0090441, 51.965967 ], [ 86.0101923, 51.9658319 ], [ 86.0110554, 51.965736 ] ] ] } },
{ "type": "Feature", "properties": { "highway": "service", "surface": null, "ref": null, "name": null, "Класс": "Проезды" }, "geometry": { "type": "MultiLineString", "coordinates": [ [ [ 85.9792301, 51.9612662 ], [ 85.9797439, 51.9610696 ], [ 85.9801343, 51.9609684 ] ] ] } },
{ "type": "Feature", "properties": { "highway": "service", "surface": null, "ref": null, "name": null, "Класс": "Проезды" }, "geometry": { "type": "MultiLineString", "coordinates": [ [ [ 85.9716851, 51.9613171 ], [ 85.9715961, 51.9618807 ], [ 85.9715212, 51.9620682 ] ] ] } },
{ "type": "Feature", "properties": { "highway": "service", "surface": null, "ref": null, "name": null, "Класс": "Проезды" }, "geometry": { "type": "MultiLineString", "coordinates": [ [ [ 85.9862625, 51.9673832 ], [ 85.9864354, 51.9669721 ], [ 85.9866863, 51.9665857 ] ] ] } },
{ "type": "Feature", "properties": { "highway": "service", "surface": null, "ref": null, "name": null, "Класс": "Проезды" }, "geometry": { "type": "MultiLineString", "coordinates": [ [ [ 85.9634336, 51.9513303 ], [ 85.9636532, 51.9512474 ], [ 85.9637463, 51.9512079 ] ] ] } },
{ "type": "Feature", "properties": { "highway": "service", "surface": null, "ref": null, "name": null, "Класс": "Проезды" }, "geometry": { "type": "MultiLineString", "coordinates": [ [ [ 85.983266, 51.9612743 ], [ 85.9840037, 51.9609628 ], [ 85.9853146, 51.9604479 ], [ 85.9872252, 51.9596881 ] ] ] } },
{ "type": "Feature", "properties": { "highway": "residential", "surface": null, "ref": null, "name": "Сосновая улица", "Класс": "Прочие" }, "geometry": { "type": "MultiLineString", "coordinates": [ [ [ 86.0118144, 51.9656897 ], [ 86.0120848, 51.9656283 ], [ 86.0122763, 51.9655108 ], [ 86.0125235, 51.9653842 ], [ 86.0131581, 51.9652595 ], [ 86.0148442, 51.9649626 ] ] ] } },
{ "type": "Feature", "properties": { "highway": "service", "surface": null, "ref": null, "name": null, "Класс": "Проезды" }, "geometry": { "type": "MultiLineString", "coordinates": [ [ [ 85.9856272, 51.9613098 ], [ 85.9855778, 51.9615126 ], [ 85.9851912, 51.9618319 ], [ 85.9852654, 51.9619754 ] ] ] } },
{ "type": "Feature", "properties": { "highway": "residential", "surface": null, "ref": null, "name": "Дубовая роща улица", "Класс": "Прочие" }, "geometry": { "type": "MultiLineString", "coordinates": [ [ [ 85.9959679, 51.9670361 ], [ 85.9962888, 51.9668587 ], [ 85.9966097, 51.9668891 ], [ 85.9992017, 51.967313 ] ] ] } },
{ "type": "Feature", "properties": { "highway": "residential", "surface": null, "ref": null, "name": "Тенистый переулок", "Класс": "Прочие" }, "geometry": { "type": "MultiLineString", "coordinates": [ [ [ 85.9574175, 51.976705 ], [ 85.9575046, 51.9764545 ], [ 85.9576256, 51.9761663 ], [ 85.9578383, 51.9757208 ] ] ] } },
{ "type": "Feature", "properties": { "highway": "service", "surface": null, "ref": null, "name": null, "Класс": "Проезды" }, "geometry": { "type": "MultiLineString", "coordinates": [ [ [ 85.9750284, 51.9623479 ], [ 85.9755842, 51.9618751 ], [ 85.9757487, 51.9616271 ], [ 85.9760674, 51.9611001 ] ] ] } },
{ "type": "Feature", "properties": { "highway": "service", "surface": null, "ref": null, "name": null, "Класс": "Проезды" }, "geometry": { "type": "MultiLineString", "coordinates": [ [ [ 85.9840037, 51.9609628 ], [ 85.9840465, 51.9610271 ], [ 85.9844038, 51.9611184 ], [ 85.9850523, 51.9612502 ], [ 85.9856272, 51.9613098 ], [ 85.9861493, 51.961004 ], [ 85.9880624, 51.9600829 ] ] ] } },
{ "type": "Feature", "properties": { "highway": "service", "surface": null, "ref": null, "name": null, "Класс": "Проезды" }, "geometry": { "type": "MultiLineString", "coordinates": [ [ [ 85.9588874, 51.9697085 ], [ 85.9588449, 51.9698987 ], [ 85.9588367, 51.9701015 ], [ 85.9588861, 51.9702533 ] ] ] } },
{ "type": "Feature", "properties": { "highway": "service", "surface": null, "ref": null, "name": null, "Класс": "Проезды" }, "geometry": { "type": "MultiLineString", "coordinates": [ [ [ 85.9859915, 51.9683513 ], [ 85.9863179, 51.9680552 ], [ 85.9865157, 51.9678044 ], [ 85.9867885, 51.967509 ] ] ] } },
{ "type": "Feature", "properties": { "highway": "service", "surface": null, "ref": null, "name": null, "Класс": "Проезды" }, "geometry": { "type": "MultiLineString", "coordinates": [ [ [ 85.9796151, 51.9712745 ], [ 85.9796818, 51.9709584 ], [ 85.9797964, 51.9707696 ], [ 85.9801918, 51.9702336 ] ] ] } },
{ "type": "Feature", "properties": { "highway": "service", "surface": null, "ref": null, "name": null, "Класс": "Проезды" }, "geometry": { "type": "MultiLineString", "coordinates": [ [ [ 85.9746913, 51.964104 ], [ 85.9745481, 51.9642647 ], [ 85.9743503, 51.9644511 ], [ 85.9741639, 51.9646323 ] ] ] } },
{ "type": "Feature", "properties": { "highway": "service", "surface": null, "ref": null, "name": null, "Класс": "Проезды" }, "geometry": { "type": "MultiLineString", "coordinates": [ [ [ 85.9763783, 51.9653729 ], [ 85.9762817, 51.965487 ], [ 85.9763224, 51.9656447 ], [ 85.9763176, 51.9657668 ] ] ] } },
{ "type": "Feature", "properties": { "highway": "service", "surface": null, "ref": null, "name": null, "Класс": "Проезды" }, "geometry": { "type": "MultiLineString", "coordinates": [ [ [ 85.982275, 51.9659301 ], [ 85.982548, 51.9656429 ], [ 85.9829347, 51.9653742 ], [ 85.9832226, 51.9652019 ] ] ] } },
{ "type": "Feature", "properties": { "highway": "track", "surface": null, "ref": null, "name": null, "Класс": "Прочие" }, "geometry": { "type": "MultiLineString", "coordinates": [ [ [ 85.9518311, 51.9748292 ], [ 85.9524114, 51.9750306 ], [ 85.9531683, 51.9751827 ], [ 85.9537854, 51.9751472 ] ] ] } },
{ "type": "Feature", "properties": { "highway": "residential", "surface": null, "ref": null, "name": "Ткацкая улица", "Класс": "Прочие" }, "geometry": { "type": "MultiLineString", "coordinates": [ [ [ 85.9861184, 51.9568144 ], [ 85.985271, 51.9569918 ], [ 85.9846448, 51.9571512 ], [ 85.9839135, 51.9573416 ], [ 85.9836091, 51.9573923 ], [ 85.9821689, 51.9577314 ], [ 85.9818953, 51.9577644 ], [ 85.9817129, 51.9577545 ], [ 85.9813609, 51.9576922 ] ] ] } },
{ "type": "Feature", "properties": { "highway": "service", "surface": null, "ref": null, "name": null, "Класс": "Проезды" }, "geometry": { "type": "MultiLineString", "coordinates": [ [ [ 85.9792923, 51.9645956 ], [ 85.9795862, 51.9642641 ], [ 85.9798989, 51.963965 ], [ 85.9802691, 51.9636862 ], [ 85.9807402, 51.9633259 ] ] ] } },
{ "type": "Feature", "properties": { "highway": "unclassified", "surface": null, "ref": null, "name": null, "Класс": "Прочие" }, "geometry": { "type": "MultiLineString", "coordinates": [ [ [ 85.9974439, 51.969575 ], [ 85.9975742, 51.9691981 ], [ 85.9977152, 51.9688714 ], [ 85.9978249, 51.9686718 ], [ 85.9979443, 51.9682566 ] ] ] } },
{ "type": "Feature", "properties": { "highway": "residential", "surface": null, "ref": null, "name": "Радужная улица", "Класс": "Прочие" }, "geometry": { "type": "MultiLineString", "coordinates": [ [ [ 85.9551484, 51.9766646 ], [ 85.9574175, 51.976705 ], [ 85.9584545, 51.9768234 ], [ 85.9595833, 51.9770305 ], [ 85.9613011, 51.9775082 ], [ 85.9616055, 51.9775707 ] ] ] } },
{ "type": "Feature", "properties": { "highway": "service", "surface": null, "ref": null, "name": null, "Класс": "Проезды" }, "geometry": { "type": "MultiLineString", "coordinates": [ [ [ 85.998687, 51.9635476 ], [ 85.9989522, 51.9632994 ], [ 85.9991168, 51.9630712 ], [ 85.9991343, 51.9629604 ], [ 85.9989495, 51.9628418 ], [ 85.9985307, 51.9626551 ] ] ] } },
{ "type": "Feature", "properties": { "highway": "residential", "surface": null, "ref": null, "name": "Брусничный переулок", "Класс": "Прочие" }, "geometry": { "type": "MultiLineString", "coordinates": [ [ [ 85.9783623, 51.9564947 ], [ 85.9788254, 51.9563741 ], [ 85.9791298, 51.9562372 ], [ 85.9794506, 51.9560952 ], [ 85.9797139, 51.9559735 ] ] ] } },
{ "type": "Feature", "properties": { "highway": "service", "surface": null, "ref": null, "name": null, "Класс": "Проезды" }, "geometry": { "type": "MultiLineString", "coordinates": [ [ [ 85.9788254, 51.9563741 ], [ 85.9792121, 51.9566174 ], [ 85.9796399, 51.9567188 ], [ 85.9802158, 51.9567188 ], [ 85.9805252, 51.9567876 ] ] ] } },
{ "type": "Feature", "properties": { "highway": "residential", "surface": null, "ref": null, "name": "Чётный переулок", "Класс": "Прочие" }, "geometry": { "type": "MultiLineString", "coordinates": [ [ [ 85.9792121, 51.9590611 ], [ 85.9796728, 51.9589394 ], [ 85.980267, 51.9588319 ], [ 85.9805531, 51.9587468 ], [ 85.9814087, 51.9586707 ] ] ] } },
{ "type": "Feature", "properties": { "highway": "service", "surface": null, "ref": null, "name": null, "Класс": "Проезды" }, "geometry": { "type": "MultiLineString", "coordinates": [ [ [ 85.9760053, 51.9631587 ], [ 85.9764207, 51.9628272 ], [ 85.9767725, 51.9625 ], [ 85.9771529, 51.9621632 ], [ 85.9776421, 51.9617524 ], [ 85.9778813, 51.9615351 ], [ 85.978084, 51.9612927 ], [ 85.978224, 51.9610723 ], [ 85.9783254, 51.9608446 ] ] ] } },
{ "type": "Feature", "properties": { "highway": "service", "surface": null, "ref": null, "name": null, "Класс": "Проезды" }, "geometry": { "type": "MultiLineString", "coordinates": [ [ [ 85.962323, 51.9519599 ], [ 85.9620534, 51.9523123 ], [ 85.9617834, 51.9526367 ], [ 85.9617654, 51.952774 ], [ 85.9617317, 51.9528955 ], [ 85.9617557, 51.9529437 ] ] ] } },
{ "type": "Feature", "properties": { "highway": "service", "surface": null, "ref": null, "name": null, "Класс": "Проезды" }, "geometry": { "type": "MultiLineString", "coordinates": [ [ [ 85.9605584, 51.9679404 ], [ 85.9606055, 51.967775 ], [ 85.9608112, 51.9675418 ], [ 85.9608441, 51.9673492 ], [ 85.9607948, 51.9670197 ] ] ] } },
{ "type": "Feature", "properties": { "highway": "service", "surface": null, "ref": null, "name": null, "Класс": "Проезды" }, "geometry": { "type": "MultiLineString", "coordinates": [ [ [ 85.9830367, 51.9599524 ], [ 85.9832177, 51.9600453 ], [ 85.9836805, 51.9604752 ], [ 85.984253, 51.9602767 ], [ 85.9846885, 51.960051 ], [ 85.9848043, 51.9599279 ], [ 85.9855968, 51.9596586 ], [ 85.9877619, 51.9589742 ] ] ] } },
{ "type": "Feature", "properties": { "highway": "service", "surface": null, "ref": null, "name": null, "Класс": "Проезды" }, "geometry": { "type": "MultiLineString", "coordinates": [ [ [ 85.9905984, 51.9704783 ], [ 85.9907335, 51.9704751 ], [ 85.9912716, 51.9707026 ], [ 85.9916231, 51.9707353 ], [ 85.9917524, 51.9706721 ], [ 85.9917617, 51.9704948 ], [ 85.9917903, 51.9702908 ] ] ] } },
{ "type": "Feature", "properties": { "highway": "track", "surface": null, "ref": null, "name": null, "Класс": "Прочие" }, "geometry": { "type": "MultiLineString", "coordinates": [ [ [ 85.9481784, 51.9728585 ], [ 85.9484152, 51.9731314 ], [ 85.9493486, 51.9734487 ], [ 85.9502722, 51.9738166 ], [ 85.950519, 51.9738774 ], [ 85.9508469, 51.9739424 ], [ 85.9509882, 51.9738987 ], [ 85.9512004, 51.9737471 ], [ 85.9514741, 51.9736467 ] ] ] } },
{ "type": "Feature", "properties": { "highway": "service", "surface": null, "ref": null, "name": null, "Класс": "Проезды" }, "geometry": { "type": "MultiLineString", "coordinates": [ [ [ 85.9514073, 51.9728218 ], [ 85.9518787, 51.9729618 ], [ 85.9522852, 51.9731527 ], [ 85.9532374, 51.9735163 ], [ 85.953958, 51.9738014 ], [ 85.954255, 51.9739528 ] ] ] } },
{ "type": "Feature", "properties": { "highway": "residential", "surface": null, "ref": null, "name": null, "Класс": "Прочие" }, "geometry": { "type": "MultiLineString", "coordinates": [ [ [ 86.0088863, 51.9675151 ], [ 86.0086138, 51.9674475 ], [ 86.0083714, 51.9673634 ], [ 86.0082116, 51.9672691 ], [ 86.0081515, 51.9672229 ], [ 86.0081309, 51.9671282 ], [ 86.0081515, 51.966836 ], [ 86.0081193, 51.9664957 ], [ 86.0079948, 51.9659641 ], [ 86.0079204, 51.9656802 ], [ 86.007828, 51.9654621 ] ] ] } },
{ "type": "Feature", "properties": { "highway": "residential", "surface": null, "ref": null, "name": "улица Фрунзе", "Класс": "Прочие" }, "geometry": { "type": "MultiLineString", "coordinates": [ [ [ 85.9874512, 51.9573721 ], [ 85.9867601, 51.9577472 ], [ 85.9862171, 51.9579754 ], [ 85.9858467, 51.958079 ], [ 85.9847312, 51.9582945 ], [ 85.9838699, 51.9584115 ], [ 85.9831708, 51.958546 ], [ 85.9825062, 51.9588124 ], [ 85.9820233, 51.9589826 ], [ 85.9813964, 51.9591065 ], [ 85.980982, 51.9591745 ], [ 85.9803673, 51.9592547 ], [ 85.9801504, 51.9592802 ], [ 85.9791889, 51.9593462 ], [ 85.9785903, 51.959409 ] ] ] } },
{ "type": "Feature", "properties": { "highway": "service", "surface": null, "ref": null, "name": null, "Класс": "Проезды" }, "geometry": { "type": "MultiLineString", "coordinates": [ [ [ 86.0043775, 51.9649587 ], [ 86.0049602, 51.9652515 ], [ 86.00512, 51.9653519 ], [ 86.0056256, 51.9656266 ], [ 86.0060531, 51.9659658 ] ] ] } },
{ "type": "Feature", "properties": { "highway": "service", "surface": null, "ref": null, "name": "Ткацкий переулок", "Класс": "Проезды" }, "geometry": { "type": "MultiLineString", "coordinates": [ [ [ 85.9867125, 51.9570676 ], [ 85.9864285, 51.9571498 ], [ 85.9858147, 51.9573463 ], [ 85.9846531, 51.9576611 ], [ 85.9842817, 51.957747 ], [ 85.9842022, 51.9576537 ], [ 85.9840369, 51.9574228 ], [ 85.9839135, 51.9573416 ] ] ] } },
{ "type": "Feature", "properties": { "highway": "service", "surface": null, "ref": null, "name": null, "Класс": "Проезды" }, "geometry": { "type": "MultiLineString", "coordinates": [ [ [ 85.9544598, 51.9733756 ], [ 85.9546175, 51.9731597 ], [ 85.9547728, 51.9730444 ], [ 85.9551237, 51.9728324 ], [ 85.9552664, 51.9726479 ], [ 85.9553977, 51.972362 ], [ 85.9556034, 51.9719363 ], [ 85.955853, 51.9713776 ] ] ] } },
{ "type": "Feature", "properties": { "highway": "service", "surface": null, "ref": null, "name": null, "Класс": "Проезды" }, "geometry": { "type": "MultiLineString", "coordinates": [ [ [ 85.9813443, 51.967475 ], [ 85.9814456, 51.9673613 ], [ 85.9816608, 51.9672889 ], [ 85.9818405, 51.9671129 ], [ 85.9821284, 51.9668797 ], [ 85.9822662, 51.9666668 ] ] ] } },
{ "type": "Feature", "properties": { "highway": "service", "surface": null, "ref": null, "name": null, "Класс": "Проезды" }, "geometry": { "type": "MultiLineString", "coordinates": [ [ [ 85.9539497, 51.9732489 ], [ 85.9540896, 51.9730411 ], [ 85.9545585, 51.9725445 ], [ 85.9548547, 51.9721745 ], [ 85.9550522, 51.9717234 ], [ 85.9552617, 51.9713996 ] ] ] } },
{ "type": "Feature", "properties": { "highway": "service", "surface": null, "ref": null, "name": "Ягодный переулок", "Класс": "Проезды" }, "geometry": { "type": "MultiLineString", "coordinates": [ [ [ 85.9542045, 51.970719 ], [ 85.9545816, 51.9707122 ], [ 85.9547486, 51.9706521 ], [ 85.9548959, 51.9706742 ], [ 85.9567963, 51.97073 ], [ 85.9580918, 51.9707666 ] ] ] } },
{ "type": "Feature", "properties": { "highway": "service", "surface": null, "ref": null, "name": null, "Класс": "Проезды" }, "geometry": { "type": "MultiLineString", "coordinates": [ [ [ 85.987376, 51.9688459 ], [ 85.9876675, 51.9685965 ], [ 85.9878246, 51.9683707 ], [ 85.9879002, 51.968109 ], [ 85.9878711, 51.967937 ], [ 85.9877367, 51.9677779 ] ] ] } },
{ "type": "Feature", "properties": { "highway": "service", "surface": null, "ref": null, "name": null, "Класс": "Проезды" }, "geometry": { "type": "MultiLineString", "coordinates": [ [ [ 85.9789032, 51.9554961 ], [ 85.978642, 51.9553745 ], [ 85.978293, 51.9552669 ], [ 85.978037, 51.9552526 ], [ 85.9775251, 51.9552454 ], [ 85.9767212, 51.9552554 ] ] ] } },
{ "type": "Feature", "properties": { "highway": "service", "surface": null, "ref": null, "name": null, "Класс": "Проезды" }, "geometry": { "type": "MultiLineString", "coordinates": [ [ [ 85.9508153, 51.9756439 ], [ 85.9494414, 51.9754057 ], [ 85.9481004, 51.9751776 ], [ 85.9468745, 51.9749293 ], [ 85.9466984, 51.9748631 ], [ 85.9465261, 51.9747983 ] ] ] } },
{ "type": "Feature", "properties": { "highway": "residential", "surface": null, "ref": null, "name": null, "Класс": "Прочие" }, "geometry": { "type": "MultiLineString", "coordinates": [ [ [ 85.9724765, 51.9688428 ], [ 85.9728779, 51.9686319 ], [ 85.9734561, 51.9682999 ], [ 85.9740297, 51.9679324 ], [ 85.9741813, 51.9678079 ], [ 85.974353, 51.967722 ], [ 85.9746076, 51.9676649 ] ] ] } },
{ "type": "Feature", "properties": { "highway": "service", "surface": null, "ref": null, "name": null, "Класс": "Проезды" }, "geometry": { "type": "MultiLineString", "coordinates": [ [ [ 85.9478618, 51.9775696 ], [ 85.9489577, 51.9774873 ], [ 85.9503771, 51.9773654 ], [ 85.9510403, 51.9773726 ], [ 85.9513778, 51.9774514 ], [ 85.9518082, 51.9773368 ] ] ] } },
{ "type": "Feature", "properties": { "highway": "service", "surface": null, "ref": null, "name": null, "Класс": "Проезды" }, "geometry": { "type": "MultiLineString", "coordinates": [ [ [ 85.9916138, 51.9661747 ], [ 85.9923907, 51.9665039 ], [ 85.9933596, 51.9669013 ], [ 85.9942067, 51.9672594 ], [ 85.9946516, 51.9673656 ], [ 85.9956059, 51.9674517 ], [ 85.9967166, 51.9675379 ] ] ] } },
{ "type": "Feature", "properties": { "highway": "residential", "surface": null, "ref": null, "name": null, "Класс": "Прочие" }, "geometry": { "type": "MultiLineString", "coordinates": [ [ [ 85.9932578, 51.9677603 ], [ 85.9938535, 51.9674568 ], [ 85.9942067, 51.9672594 ], [ 85.9949608, 51.9668458 ], [ 85.9952357, 51.96659 ], [ 85.9954496, 51.9662656 ], [ 85.995521, 51.9660152 ] ] ] } },
{ "type": "Feature", "properties": { "highway": "service", "surface": null, "ref": null, "name": null, "Класс": "Проезды" }, "geometry": { "type": "MultiLineString", "coordinates": [ [ [ 85.9489724, 51.9763128 ], [ 85.9496553, 51.9763635 ], [ 85.9507495, 51.9764294 ], [ 85.9514324, 51.9765155 ], [ 85.9519178, 51.9765713 ], [ 85.9525348, 51.9764699 ], [ 85.9532588, 51.9763077 ] ] ] } },
{ "type": "Feature", "properties": { "highway": "service", "surface": null, "ref": null, "name": null, "Класс": "Проезды" }, "geometry": { "type": "MultiLineString", "coordinates": [ [ [ 85.9647252, 51.9620817 ], [ 85.9649801, 51.962034 ], [ 85.965296, 51.961993 ], [ 85.9657567, 51.9619512 ], [ 85.9659281, 51.9619342 ], [ 85.9662944, 51.9618866 ], [ 85.9666174, 51.9618374 ], [ 85.9673974, 51.9616689 ] ] ] } },
{ "type": "Feature", "properties": { "highway": "service", "surface": null, "ref": null, "name": null, "Класс": "Проезды" }, "geometry": { "type": "MultiLineString", "coordinates": [ [ [ 85.9544598, 51.9700559 ], [ 85.9571912, 51.9699849 ], [ 85.9581785, 51.969767 ], [ 85.9587709, 51.9697011 ], [ 85.9588874, 51.9697085 ], [ 85.9590095, 51.9697163 ], [ 85.9595016, 51.969578 ] ] ] } },
{ "type": "Feature", "properties": { "highway": "track", "surface": null, "ref": null, "name": null, "Класс": "Прочие" }, "geometry": { "type": "MultiLineString", "coordinates": [ [ [ 85.9466984, 51.9748631 ], [ 85.9467182, 51.97461 ], [ 85.9469074, 51.9743769 ], [ 85.9475656, 51.9743769 ], [ 85.9496306, 51.9745188 ], [ 85.9508944, 51.9746871 ], [ 85.9518406, 51.9748039 ] ] ] } },
{ "type": "Feature", "properties": { "highway": "service", "surface": null, "ref": null, "name": null, "Класс": "Проезды" }, "geometry": { "type": "MultiLineString", "coordinates": [ [ [ 85.9703947, 51.9671035 ], [ 85.971216, 51.9670352 ], [ 85.972738, 51.9666145 ], [ 85.973824, 51.9663408 ], [ 85.97491, 51.966133 ], [ 85.9751013, 51.966114 ], [ 85.9752638, 51.9661431 ], [ 85.975419, 51.9661777 ], [ 85.9757343, 51.9666677 ], [ 85.9760192, 51.9669693 ] ] ] } },
{ "type": "Feature", "properties": { "highway": "service", "surface": null, "ref": null, "name": null, "Класс": "Проезды" }, "geometry": { "type": "MultiLineString", "coordinates": [ [ [ 85.9520163, 51.9722099 ], [ 85.9527403, 51.972438 ], [ 85.9531435, 51.9727117 ], [ 85.9532422, 51.9729246 ], [ 85.9536206, 51.9731678 ], [ 85.9539497, 51.9732489 ], [ 85.9544598, 51.9733756 ], [ 85.9547725, 51.9735581 ], [ 85.9549607, 51.9738088 ] ] ] } },
{ "type": "Feature", "properties": { "highway": "residential", "surface": null, "ref": null, "name": null, "Класс": "Прочие" }, "geometry": { "type": "MultiLineString", "coordinates": [ [ [ 85.9967782, 51.9681809 ], [ 85.9968328, 51.9679439 ], [ 85.9967906, 51.9676494 ], [ 85.9967166, 51.9675379 ], [ 85.9963793, 51.9672845 ], [ 85.9959679, 51.9670361 ], [ 85.9956471, 51.9668485 ], [ 85.9955401, 51.9667421 ], [ 85.9954496, 51.9662656 ] ] ] } },
{ "type": "Feature", "properties": { "highway": "service", "surface": null, "ref": null, "name": null, "Класс": "Проезды" }, "geometry": { "type": "MultiLineString", "coordinates": [ [ [ 85.9704973, 51.9666291 ], [ 85.9713476, 51.9665081 ], [ 85.9725982, 51.9662191 ], [ 85.9736924, 51.9659708 ], [ 85.9745822, 51.9657764 ], [ 85.974766, 51.9657075 ], [ 85.9749055, 51.9656685 ], [ 85.9750529, 51.9657063 ], [ 85.9753371, 51.9659465 ], [ 85.975419, 51.9661777 ] ] ] } },
{ "type": "Feature", "properties": { "highway": "residential", "surface": null, "ref": null, "name": "переулок Трофимова", "Класс": "Прочие" }, "geometry": { "type": "MultiLineString", "coordinates": [ [ [ 85.9832277, 51.9615038 ], [ 85.9844815, 51.9617717 ], [ 85.9848243, 51.9618237 ], [ 85.9849669, 51.9618781 ], [ 85.9850702, 51.9619761 ] ] ] } },
{ "type": "Feature", "properties": { "highway": "residential", "surface": null, "ref": null, "name": "переулок Фрунзе", "Класс": "Прочие" }, "geometry": { "type": "MultiLineString", "coordinates": [ [ [ 85.9775229, 51.9601806 ], [ 85.9776387, 51.960052 ], [ 85.9776874, 51.959922 ], [ 85.9777811, 51.9596976 ], [ 85.9778173, 51.9594488 ] ] ] } },
{ "type": "Feature", "properties": { "highway": "residential", "surface": null, "ref": null, "name": "переулок Юннатов", "Класс": "Прочие" }, "geometry": { "type": "MultiLineString", "coordinates": [ [ [ 85.9555608, 51.9618012 ], [ 85.955495, 51.9611523 ], [ 85.9555064, 51.9608118 ] ] ] } },
{ "type": "Feature", "properties": { "highway": "residential", "surface": null, "ref": null, "name": "улица Афганцев", "Класс": "Прочие" }, "geometry": { "type": "MultiLineString", "coordinates": [ [ [ 85.9616055, 51.9775707 ], [ 85.9618128, 51.9772443 ], [ 85.9619148, 51.9769238 ], [ 85.9618987, 51.9765372 ], [ 85.9618665, 51.9758267 ], [ 85.961845, 51.9756186 ], [ 85.9618505, 51.9754467 ], [ 85.9618397, 51.9753046 ], [ 85.9618129, 51.9749576 ], [ 85.9618988, 51.9748155 ], [ 85.9621884, 51.9746536 ], [ 85.9624298, 51.9745148 ] ] ] } },
{ "type": "Feature", "properties": { "highway": "residential", "surface": null, "ref": null, "name": "улица Гагарина", "Класс": "Прочие" }, "geometry": { "type": "MultiLineString", "coordinates": [ [ [ 85.9808136, 51.9688486 ], [ 85.9810392, 51.9691996 ], [ 85.9811925, 51.9693299 ], [ 85.981265, 51.9694571 ], [ 85.9812757, 51.9696596 ], [ 85.9812285, 51.970117 ], [ 85.9811658, 51.9702618 ], [ 85.9810417, 51.9705134 ], [ 85.9808829, 51.9707506 ], [ 85.9808278, 51.9709525 ], [ 85.9806454, 51.9711237 ], [ 85.980237, 51.9713101 ], [ 85.9801028, 51.9713416 ], [ 85.9799267, 51.9713001 ], [ 85.9796151, 51.9712745 ], [ 85.9795018, 51.9713028 ], [ 85.9791311, 51.9714937 ] ] ] } },
{ "type": "Feature", "properties": { "highway": "residential", "surface": null, "ref": null, "name": "улица Гагарина", "Класс": "Прочие" }, "geometry": { "type": "MultiLineString", "coordinates": [ [ [ 85.9806619, 51.9688456 ], [ 85.9804, 51.9687118 ], [ 85.9797894, 51.9684866 ], [ 85.9786438, 51.9679647 ], [ 85.9780454, 51.9677382 ], [ 85.9778389, 51.9677043 ], [ 85.9776843, 51.9676476 ], [ 85.9772572, 51.9674004 ], [ 85.976901, 51.9671975 ], [ 85.976724, 51.9671056 ], [ 85.9765637, 51.9670555 ], [ 85.9762395, 51.9669744 ], [ 85.9760192, 51.9669693 ], [ 85.9759063, 51.9669829 ], [ 85.9756947, 51.9670753 ], [ 85.9753172, 51.9672794 ], [ 85.9748455, 51.9675293 ], [ 85.9746076, 51.9676649 ] ] ] } },
{ "type": "Feature", "properties": { "highway": "residential", "surface": null, "ref": null, "name": "улица Достоевского", "Класс": "Прочие" }, "geometry": { "type": "MultiLineString", "coordinates": [ [ [ 85.9742304, 51.9588686 ], [ 85.9744146, 51.9588289 ], [ 85.9745952, 51.958817 ], [ 85.9749994, 51.958814 ], [ 85.9753636, 51.9588235 ], [ 85.9755812, 51.9588431 ] ] ] } },
{ "type": "Feature", "properties": { "highway": "residential", "surface": null, "ref": null, "name": "улица Г.А.Калкина", "Класс": "Прочие" }, "geometry": { "type": "MultiLineString", "coordinates": [ [ [ 85.9979342, 51.9644255 ], [ 85.9981879, 51.964802 ], [ 85.998501, 51.9651046 ], [ 85.9990689, 51.9653932 ], [ 85.999716, 51.9655426 ], [ 86.0003704, 51.965648 ], [ 86.0005776, 51.9656579 ], [ 86.0011593, 51.9656066 ], [ 86.0018092, 51.9656066 ], [ 86.0021194, 51.9656406 ], [ 86.0026449, 51.9657554 ], [ 86.003041, 51.9658152 ], [ 86.0034013, 51.9658116 ], [ 86.0037839, 51.9657752 ], [ 86.0044419, 51.965632 ], [ 86.00512, 51.9653519 ], [ 86.0058899, 51.9649831 ], [ 86.0065975, 51.9646182 ], [ 86.0067648, 51.9644879 ], [ 86.0069841, 51.9642684 ], [ 86.0073214, 51.9640859 ], [ 86.0080537, 51.9638172 ], [ 86.0086524, 51.9635398 ] ] ] } },
{ "type": "Feature", "properties": { "highway": "residential", "surface": null, "ref": null, "name": "улица Г.А.Калкина", "Класс": "Прочие" }, "geometry": { "type": "MultiLineString", "coordinates": [ [ [ 85.9972237, 51.9636902 ], [ 85.9978786, 51.9640053 ], [ 85.9981871, 51.9641865 ], [ 85.998257, 51.9642668 ] ] ] } },
{ "type": "Feature", "properties": { "highway": "residential", "surface": null, "ref": null, "name": "улица Космонавтов", "Класс": "Прочие" }, "geometry": { "type": "MultiLineString", "coordinates": [ [ [ 85.9717869, 51.9613239 ], [ 85.9726918, 51.9613239 ], [ 85.9737202, 51.9613441 ], [ 85.9743866, 51.9614506 ], [ 85.9750284, 51.9616686 ], [ 85.9755842, 51.9618751 ], [ 85.9767725, 51.9625 ], [ 85.9775952, 51.9628751 ], [ 85.9785496, 51.9633314 ], [ 85.979504, 51.9637775 ], [ 85.9798989, 51.963965 ], [ 85.9806311, 51.9643097 ], [ 85.9812646, 51.9646595 ], [ 85.9817829, 51.9649636 ], [ 85.982005, 51.9651411 ], [ 85.9821037, 51.9653489 ], [ 85.9820297, 51.9654756 ], [ 85.9817936, 51.9657125 ] ] ] } },
{ "type": "Feature", "properties": { "highway": "tertiary", "surface": null, "ref": null, "name": "улица Ленина", "Класс": "Прочие" }, "geometry": { "type": "MultiLineString", "coordinates": [ [ [ 85.9687177, 51.9558707 ], [ 85.9687042, 51.9553702 ] ] ] } },
{ "type": "Feature", "properties": { "highway": "tertiary", "surface": "asphalt", "ref": null, "name": "улица Ленина", "Класс": "Прочие" }, "geometry": { "type": "MultiLineString", "coordinates": [ [ [ 85.9687042, 51.9553702 ], [ 85.968687, 51.9547245 ], [ 85.9686741, 51.9541068 ], [ 85.9686433, 51.9537449 ], [ 85.9686164, 51.953176 ], [ 85.9685243, 51.952173 ], [ 85.968504, 51.9520754 ] ] ] } },
{ "type": "Feature", "properties": { "highway": "tertiary", "surface": "asphalt", "ref": null, "name": "улица Ленкина", "Класс": "Прочие" }, "geometry": { "type": "MultiLineString", "coordinates": [ [ [ 85.9729165, 51.9594724 ], [ 85.9727155, 51.9594676 ], [ 85.971893, 51.9594376 ], [ 85.9710066, 51.9594012 ], [ 85.970727, 51.9593587 ], [ 85.9706694, 51.9593499 ], [ 85.9705624, 51.959323 ], [ 85.9704476, 51.9592779 ], [ 85.9691528, 51.9587392 ], [ 85.9688273, 51.9586623 ] ] ] } },
{ "type": "Feature", "properties": { "highway": "residential", "surface": null, "ref": null, "name": "улица Мира", "Класс": "Прочие" }, "geometry": { "type": "MultiLineString", "coordinates": [ [ [ 85.9749034, 51.9570636 ], [ 85.975436, 51.9571255 ], [ 85.9764603, 51.9572231 ], [ 85.9768555, 51.9572582 ] ] ] } },
{ "type": "Feature", "properties": { "highway": "residential", "surface": null, "ref": null, "name": "улица Мира", "Класс": "Прочие" }, "geometry": { "type": "MultiLineString", "coordinates": [ [ [ 85.9728028, 51.9569842 ], [ 85.9730101, 51.9568961 ], [ 85.9735046, 51.9567813 ], [ 85.9739642, 51.9568136 ], [ 85.9746041, 51.9569068 ], [ 85.9749299, 51.957018 ] ] ] } },
{ "type": "Feature", "properties": { "highway": "residential", "surface": null, "ref": null, "name": "улица Новосёлов", "Класс": "Прочие" }, "geometry": { "type": "MultiLineString", "coordinates": [ [ [ 85.9803673, 51.9592547 ], [ 85.9802878, 51.9590244 ], [ 85.980267, 51.9588319 ], [ 85.9802413, 51.9585942 ], [ 85.9802238, 51.9582967 ], [ 85.9801253, 51.9580877 ], [ 85.9801829, 51.9578748 ], [ 85.9803227, 51.9577277 ], [ 85.9803145, 51.9575047 ], [ 85.980298, 51.9571802 ], [ 85.9804379, 51.9569115 ], [ 85.9805252, 51.9567876 ], [ 85.9806271, 51.9566428 ], [ 85.9808575, 51.9561814 ], [ 85.9810623, 51.9558845 ], [ 85.9809809, 51.9557707 ], [ 85.9808657, 51.9555476 ], [ 85.9807094, 51.9554462 ], [ 85.9803556, 51.95536 ], [ 85.9801829, 51.9553245 ], [ 85.9799196, 51.9551319 ], [ 85.9796598, 51.9549439 ] ] ] } },
{ "type": "Feature", "properties": { "highway": "residential", "surface": null, "ref": null, "name": "улица Потанина", "Класс": "Прочие" }, "geometry": { "type": "MultiLineString", "coordinates": [ [ [ 86.0143175, 51.9646519 ], [ 86.0148442, 51.9649626 ], [ 86.0149026, 51.9650299 ], [ 86.0149885, 51.965291 ], [ 86.0151064, 51.9655984 ], [ 86.0150731, 51.9656635 ], [ 86.0145279, 51.9657732 ], [ 86.0135631, 51.9659861 ], [ 86.0128127, 51.9659567 ], [ 86.0127946, 51.965959 ] ] ] } },
{ "type": "Feature", "properties": { "highway": "residential", "surface": null, "ref": null, "name": "улица С.Савицкой", "Класс": "Прочие" }, "geometry": { "type": "MultiLineString", "coordinates": [ [ [ 85.9797964, 51.9707696 ], [ 85.9794533, 51.9706499 ], [ 85.9792964, 51.9705605 ], [ 85.9787721, 51.9704169 ], [ 85.9784627, 51.9703165 ], [ 85.9784463, 51.9702252 ], [ 85.9785711, 51.9698687 ], [ 85.978615, 51.9696653 ], [ 85.9786263, 51.9694014 ], [ 85.9786003, 51.9692585 ], [ 85.978387, 51.9691382 ], [ 85.9782105, 51.9689901 ], [ 85.9780285, 51.9688712 ], [ 85.9776192, 51.9687892 ], [ 85.9768829, 51.9686631 ], [ 85.976358, 51.9685103 ], [ 85.9761125, 51.968378 ], [ 85.9758561, 51.9681757 ], [ 85.9755626, 51.9680112 ], [ 85.975196, 51.9678765 ], [ 85.9747606, 51.9677368 ], [ 85.9746076, 51.9676649 ] ] ] } },
{ "type": "Feature", "properties": { "highway": "residential", "surface": null, "ref": null, "name": "улица Стяжкина", "Класс": "Прочие" }, "geometry": { "type": "MultiLineString", "coordinates": [ [ [ 85.9746463, 51.9575056 ], [ 85.976234, 51.9576887 ] ] ] } },
{ "type": "Feature", "properties": { "highway": "residential", "surface": null, "ref": null, "name": "улица С.С.Суразакова", "Класс": "Прочие" }, "geometry": { "type": "MultiLineString", "coordinates": [ [ [ 86.007822, 51.9632214 ], [ 86.0074366, 51.9632393 ], [ 86.0069183, 51.9633863 ], [ 86.006326, 51.963579 ], [ 86.0060791, 51.9636753 ], [ 86.0055279, 51.9640859 ], [ 86.0049438, 51.9645176 ], [ 86.004619, 51.9647457 ], [ 86.0043775, 51.9649587 ], [ 86.0036357, 51.9652315 ], [ 86.0034656, 51.9652663 ], [ 86.0031501, 51.9652681 ], [ 86.0026601, 51.9651462 ], [ 86.0021675, 51.9649647 ], [ 86.0019001, 51.9649142 ], [ 86.0016766, 51.9649076 ], [ 86.0013896, 51.9649223 ], [ 86.0009293, 51.9649649 ], [ 86.0004864, 51.9650043 ], [ 86.0002334, 51.9649329 ], [ 85.999931, 51.9647705 ], [ 85.9996537, 51.9645776 ], [ 85.999668, 51.9642484 ], [ 85.9997427, 51.9640912 ], [ 85.9999005, 51.9639303 ], [ 85.9999646, 51.9638048 ], [ 85.9999895, 51.9636847 ], [ 85.9998636, 51.9635073 ] ] ] } },
{ "type": "Feature", "properties": { "highway": "residential", "surface": null, "ref": null, "name": "улица С.С.Суразакова", "Класс": "Прочие" }, "geometry": { "type": "MultiLineString", "coordinates": [ [ [ 85.9990621, 51.9638631 ], [ 85.998687, 51.9635476 ], [ 85.9982005, 51.9633525 ], [ 85.9978594, 51.9631428 ] ] ] } },
{ "type": "Feature", "properties": { "highway": "residential", "surface": null, "ref": null, "name": "улица Суремея", "Класс": "Прочие" }, "geometry": { "type": "MultiLineString", "coordinates": [ [ [ 85.996569, 51.9616961 ], [ 85.9979365, 51.9618139 ], [ 85.9989215, 51.9619377 ], [ 85.9997532, 51.9620193 ], [ 86.0001799, 51.9620915 ], [ 86.000365, 51.9621708 ], [ 86.0006739, 51.962337 ], [ 86.001077, 51.962702 ], [ 86.0011913, 51.9629056 ], [ 86.0011428, 51.9631481 ], [ 86.0010101, 51.9636385 ], [ 86.0009125, 51.9641822 ] ] ] } },
{ "type": "Feature", "properties": { "highway": "residential", "surface": null, "ref": null, "name": "улица Терешковой", "Класс": "Прочие" }, "geometry": { "type": "MultiLineString", "coordinates": [ [ [ 85.9753172, 51.9672794 ], [ 85.9758657, 51.9674691 ], [ 85.9761498, 51.9675837 ], [ 85.9766953, 51.9679122 ], [ 85.9771971, 51.9681403 ], [ 85.9774771, 51.9681817 ], [ 85.9777927, 51.9681423 ], [ 85.9780335, 51.9680609 ] ] ] } },
{ "type": "Feature", "properties": { "highway": "residential", "surface": null, "ref": null, "name": "улица Терешковой", "Класс": "Прочие" }, "geometry": { "type": "MultiLineString", "coordinates": [ [ [ 85.9780681, 51.96814 ], [ 85.9788673, 51.9685001 ], [ 85.9793444, 51.9687536 ], [ 85.9796009, 51.9691712 ], [ 85.9797064, 51.9692604 ], [ 85.9797805, 51.9695544 ], [ 85.9797723, 51.9698433 ], [ 85.9796745, 51.97009 ], [ 85.9794679, 51.9703147 ], [ 85.9792964, 51.9705605 ] ] ] } },
{ "type": "Feature", "properties": { "highway": "residential", "surface": "ground", "ref": null, "name": "улица Трофимова", "Класс": "Прочие" }, "geometry": { "type": "MultiLineString", "coordinates": [ [ [ 85.9830367, 51.9599524 ], [ 85.9841242, 51.9596074 ], [ 85.9844483, 51.9595608 ], [ 85.9876961, 51.9586649 ] ] ] } },
{ "type": "Feature", "properties": { "highway": "residential", "surface": null, "ref": null, "name": "Айская улица", "Класс": "Прочие" }, "geometry": { "type": "MultiLineString", "coordinates": [ [ [ 85.9102049, 51.9471026 ], [ 85.9097351, 51.9470269 ], [ 85.9088473, 51.9469137 ], [ 85.9084725, 51.9468507 ], [ 85.9080035, 51.9467117 ], [ 85.9076008, 51.9466407 ], [ 85.9072943, 51.9465884 ], [ 85.9070211, 51.9465529 ], [ 85.9067124, 51.9465419 ], [ 85.9064609, 51.9465663 ], [ 85.9061568, 51.9466803 ], [ 85.9058896, 51.9467713 ], [ 85.9053761, 51.9468539 ], [ 85.9049937, 51.9468871 ], [ 85.9047531, 51.9468922 ], [ 85.9043071, 51.9469334 ], [ 85.9040657, 51.9469367 ], [ 85.9036965, 51.9469226 ], [ 85.9026269, 51.9468819 ], [ 85.9024642, 51.9468769 ], [ 85.9017296, 51.9469014 ], [ 85.9014715, 51.9469137 ], [ 85.9015238, 51.9467092 ], [ 85.9016114, 51.946644 ], [ 85.901911, 51.9465323 ], [ 85.9021854, 51.9463994 ], [ 85.9024003, 51.9462559 ], [ 85.9024376, 51.9461728 ], [ 85.9024098, 51.9461055 ], [ 85.90229, 51.946034 ], [ 85.9017954, 51.9458707 ], [ 85.9014914, 51.945751 ], [ 85.9012757, 51.9455974 ], [ 85.9011219, 51.9454287 ], [ 85.9010661, 51.9452839 ], [ 85.9010966, 51.9451308 ], [ 85.9011506, 51.9449683 ], [ 85.9011439, 51.9449037 ], [ 85.9010983, 51.9448288 ], [ 85.9009175, 51.9447444 ], [ 85.9004528, 51.9445934 ], [ 85.9001132, 51.9444403 ], [ 85.8999425, 51.9442861 ], [ 85.8998563, 51.9441819 ], [ 85.8997972, 51.944058 ], [ 85.8997645, 51.9438703 ], [ 85.8996865, 51.943742 ], [ 85.8995306, 51.9434317 ], [ 85.8992677, 51.9431993 ], [ 85.8987528, 51.9429909 ] ] ] } },
{ "type": "Feature", "properties": { "highway": "residential", "surface": null, "ref": null, "name": "Антоновский переулок", "Класс": "Прочие" }, "geometry": { "type": "MultiLineString", "coordinates": [ [ [ 85.9898266, 51.946459 ], [ 85.9899446, 51.9461107 ], [ 85.9900101, 51.9456492 ], [ 85.989982, 51.9452972 ], [ 85.9898791, 51.9451184 ], [ 85.9897106, 51.9451415 ], [ 85.9891771, 51.9453549 ], [ 85.9885874, 51.9455742 ], [ 85.9879603, 51.9456953 ], [ 85.9873612, 51.9457877 ] ] ] } },
{ "type": "Feature", "properties": { "highway": "residential", "surface": null, "ref": null, "name": "Ануйский переулок", "Класс": "Прочие" }, "geometry": { "type": "MultiLineString", "coordinates": [ [ [ 85.9026269, 51.9468819 ], [ 85.9029096, 51.9467102 ], [ 85.9030201, 51.9466383 ], [ 85.9032385, 51.9464486 ], [ 85.903396, 51.9462952 ] ] ] } },
{ "type": "Feature", "properties": { "highway": "residential", "surface": null, "ref": null, "name": "Багряный переулок", "Класс": "Прочие" }, "geometry": { "type": "MultiLineString", "coordinates": [ [ [ 85.9111133, 51.9469783 ], [ 85.91098, 51.946736 ], [ 85.9109168, 51.9465586 ], [ 85.9109128, 51.9463746 ], [ 85.9109294, 51.9462985 ], [ 85.9109385, 51.9462031 ], [ 85.9110823, 51.9458855 ], [ 85.9112995, 51.9452991 ] ] ] } },
{ "type": "Feature", "properties": { "highway": "residential", "surface": null, "ref": null, "name": "Васильковый переулок", "Класс": "Прочие" }, "geometry": { "type": "MultiLineString", "coordinates": [ [ [ 85.9121272, 51.9468733 ], [ 85.9118504, 51.9468787 ], [ 85.9114503, 51.9469523 ], [ 85.9111133, 51.9469783 ], [ 85.9109402, 51.9470706 ], [ 85.9108676, 51.9470908 ], [ 85.9106451, 51.947085 ], [ 85.9104609, 51.947063 ], [ 85.9102049, 51.9471026 ], [ 85.9099972, 51.9474758 ], [ 85.9098954, 51.9478027 ], [ 85.9099762, 51.9479734 ], [ 85.9099551, 51.9481638 ], [ 85.9096462, 51.9487738 ], [ 85.9095749, 51.9489239 ], [ 85.9094676, 51.949038 ], [ 85.9093165, 51.9491801 ], [ 85.9093144, 51.94935 ] ] ] } },
{ "type": "Feature", "properties": { "highway": "residential", "surface": "gravel", "ref": null, "name": "Вековой переулок", "Класс": "Прочие" }, "geometry": { "type": "MultiLineString", "coordinates": [ [ [ 85.9105299, 51.952598 ], [ 85.9099035, 51.9526327 ], [ 85.9091243, 51.9526137 ], [ 85.9083259, 51.9526141 ] ] ] } },
{ "type": "Feature", "properties": { "highway": "residential", "surface": null, "ref": null, "name": "Гаражный переулок", "Класс": "Прочие" }, "geometry": { "type": "MultiLineString", "coordinates": [ [ [ 85.9228639, 51.952159 ], [ 85.9229881, 51.9522477 ], [ 85.923356, 51.9526162 ], [ 85.9235786, 51.9529756 ], [ 85.9238242, 51.9534676 ], [ 85.9239701, 51.9537004 ] ] ] } },
{ "type": "Feature", "properties": { "highway": "residential", "surface": null, "ref": null, "name": "Гардинный переулок", "Класс": "Прочие" }, "geometry": { "type": "MultiLineString", "coordinates": [ [ [ 85.9798778, 51.932543 ], [ 85.979846, 51.9324825 ], [ 85.9794518, 51.9322894 ], [ 85.9791495, 51.9320721 ], [ 85.9788867, 51.9319022 ], [ 85.9787626, 51.9318236 ], [ 85.9787652, 51.9317701 ], [ 85.978918, 51.9314458 ], [ 85.9792838, 51.9307806 ], [ 85.9793661, 51.9305551 ], [ 85.979238, 51.9304592 ], [ 85.978662, 51.9303352 ], [ 85.9783272, 51.9302906 ] ] ] } },
{ "type": "Feature", "properties": { "highway": "residential", "surface": null, "ref": null, "name": "Гардинный переулок", "Класс": "Прочие" }, "geometry": { "type": "MultiLineString", "coordinates": [ [ [ 85.979238, 51.9304592 ], [ 85.9795721, 51.9299148 ], [ 85.9799754, 51.9293772 ] ] ] } },
{ "type": "Feature", "properties": { "highway": "residential", "surface": null, "ref": null, "name": "переулок Громовой", "Класс": "Прочие" }, "geometry": { "type": "MultiLineString", "coordinates": [ [ [ 85.9216925, 51.9526746 ], [ 85.9218926, 51.9528346 ], [ 85.9219883, 51.9531035 ], [ 85.9221474, 51.9537336 ] ] ] } },
{ "type": "Feature", "properties": { "highway": "residential", "surface": null, "ref": null, "name": "Западная улица", "Класс": "Прочие" }, "geometry": { "type": "MultiLineString", "coordinates": [ [ [ 85.9157221, 51.956049 ], [ 85.9153422, 51.9554995 ], [ 85.9151444, 51.9552402 ], [ 85.9148535, 51.9550635 ], [ 85.9139768, 51.9542195 ], [ 85.9135902, 51.953354 ] ] ] } },
{ "type": "Feature", "properties": { "highway": "residential", "surface": null, "ref": null, "name": "Западная улица", "Класс": "Прочие" }, "geometry": { "type": "MultiLineString", "coordinates": [ [ [ 85.9148261, 51.9517849 ], [ 85.9150998, 51.9515124 ], [ 85.9153034, 51.9513912 ], [ 85.9154883, 51.9514284 ], [ 85.9166503, 51.9514955 ], [ 85.9178479, 51.9517608 ] ] ] } },
{ "type": "Feature", "properties": { "highway": "residential", "surface": null, "ref": null, "name": "Западный переулок", "Класс": "Прочие" }, "geometry": { "type": "MultiLineString", "coordinates": [ [ [ 85.9154883, 51.9514284 ], [ 85.9149576, 51.9521984 ], [ 85.9146966, 51.9525079 ], [ 85.9146392, 51.9528298 ], [ 85.9146792, 51.9533146 ], [ 85.9148478, 51.9537247 ], [ 85.9151995, 51.9542635 ], [ 85.9161216, 51.9551419 ], [ 85.9164146, 51.9554305 ], [ 85.9164613, 51.9557732 ], [ 85.9166212, 51.9558542 ], [ 85.916967, 51.9565162 ], [ 85.9172135, 51.9568754 ], [ 85.9174199, 51.9571787 ], [ 85.9174526, 51.9572867 ], [ 85.9173531, 51.9573784 ], [ 85.9172267, 51.957439 ], [ 85.9168516, 51.9574887 ] ] ] } },
{ "type": "Feature", "properties": { "highway": "residential", "surface": null, "ref": null, "name": "Фабричный переулок", "Класс": "Прочие" }, "geometry": { "type": "MultiLineString", "coordinates": [ [ [ 85.9341543, 51.9524053 ], [ 85.9342579, 51.9519852 ], [ 85.9341602, 51.9513865 ], [ 85.9342253, 51.950373 ], [ 85.9343013, 51.9502192 ], [ 85.9342306, 51.9495333 ] ] ] } },
{ "type": "Feature", "properties": { "highway": "residential", "surface": null, "ref": null, "name": "Заречный переулок", "Класс": "Прочие" }, "geometry": { "type": "MultiLineString", "coordinates": [ [ [ 85.9351572, 51.9495879 ], [ 85.935213, 51.9497843 ], [ 85.9352618, 51.9501957 ], [ 85.9352293, 51.9504867 ], [ 85.9354029, 51.951052 ], [ 85.935658, 51.9513564 ], [ 85.9357611, 51.9515571 ], [ 85.9357727, 51.9519552 ], [ 85.9358806, 51.9523782 ] ] ] } },
{ "type": "Feature", "properties": { "highway": "residential", "surface": null, "ref": null, "name": "Зыбкий переулок", "Класс": "Прочие" }, "geometry": { "type": "MultiLineString", "coordinates": [ [ [ 85.9118133, 51.94436 ], [ 85.9122673, 51.9440519 ], [ 85.9125686, 51.9437467 ], [ 85.9126639, 51.9436696 ], [ 85.9125902, 51.9433076 ], [ 85.9124358, 51.9423643 ], [ 85.9124639, 51.9418624 ], [ 85.9123095, 51.9417455 ], [ 85.9120316, 51.9416491 ] ] ] } },
{ "type": "Feature", "properties": { "highway": "tertiary", "surface": "asphalt", "ref": null, "name": "Каясинская улица", "Класс": "Прочие" }, "geometry": { "type": "MultiLineString", "coordinates": [ [ [ 85.9148503, 51.9442209 ], [ 85.914754, 51.944322 ], [ 85.9147019, 51.9443767 ], [ 85.9146431, 51.9444721 ], [ 85.9145343, 51.9446683 ], [ 85.9144663, 51.9449131 ], [ 85.9144559, 51.9455876 ], [ 85.9143545, 51.9464295 ], [ 85.9142839, 51.9471501 ], [ 85.9142434, 51.9478348 ], [ 85.9143105, 51.949433 ] ] ] } },
{ "type": "Feature", "properties": { "highway": "residential", "surface": null, "ref": null, "name": "Каясинская улица", "Класс": "Прочие" }, "geometry": { "type": "MultiLineString", "coordinates": [ [ [ 85.9135902, 51.953354 ], [ 85.9144858, 51.9520947 ], [ 85.9148261, 51.9517849 ], [ 85.9146757, 51.9512688 ], [ 85.9145843, 51.9509156 ], [ 85.914486, 51.9508069 ], [ 85.9144405, 51.9507374 ], [ 85.914422, 51.950567 ], [ 85.9143843, 51.9502642 ], [ 85.9143347, 51.9495655 ], [ 85.9143105, 51.949433 ] ] ] } },
{ "type": "Feature", "properties": { "highway": "residential", "surface": null, "ref": null, "name": "Каясинский переулок", "Класс": "Прочие" }, "geometry": { "type": "MultiLineString", "coordinates": [ [ [ 85.9121333, 51.9462457 ], [ 85.9126372, 51.9459388 ], [ 85.9132224, 51.9455839 ], [ 85.9132951, 51.9455264 ], [ 85.9133619, 51.9454248 ], [ 85.9134611, 51.9449781 ], [ 85.9134413, 51.944562 ], [ 85.9134512, 51.9443417 ], [ 85.9135902, 51.9439745 ], [ 85.9136398, 51.9437236 ], [ 85.9135003, 51.9434473 ], [ 85.9135661, 51.9433357 ], [ 85.9136894, 51.9432585 ], [ 85.9143149, 51.9429648 ], [ 85.9148074, 51.9426446 ], [ 85.9148608, 51.9426099 ], [ 85.9154862, 51.9420652 ], [ 85.9158138, 51.9418327 ], [ 85.9161535, 51.9416963 ] ] ] } },
{ "type": "Feature", "properties": { "highway": "residential", "surface": null, "ref": null, "name": "Красная улица", "Класс": "Прочие" }, "geometry": { "type": "MultiLineString", "coordinates": [ [ [ 85.9781357, 51.9351791 ], [ 85.9780452, 51.9357669 ], [ 85.9780128, 51.9365003 ], [ 85.9781357, 51.9367993 ], [ 85.9782068, 51.9370783 ], [ 85.9780322, 51.9373772 ], [ 85.9779143, 51.9374998 ], [ 85.9778383, 51.9376921 ], [ 85.9776314, 51.9379472 ], [ 85.9773017, 51.9383657 ], [ 85.977153, 51.9386128 ] ] ] } },
{ "type": "Feature", "properties": { "highway": "residential", "surface": null, "ref": null, "name": "Мостовая улица", "Класс": "Прочие" }, "geometry": { "type": "MultiLineString", "coordinates": [ [ [ 85.9184691, 51.9538788 ], [ 85.9194562, 51.9533531 ], [ 85.9199658, 51.9532473 ], [ 85.9202343, 51.9530719 ], [ 85.9207716, 51.9528922 ], [ 85.9213165, 51.9528023 ], [ 85.9216925, 51.9526746 ], [ 85.9219535, 51.9524854 ], [ 85.9228639, 51.952159 ], [ 85.9230439, 51.9520141 ], [ 85.9234424, 51.9517995 ], [ 85.9238415, 51.9515961 ], [ 85.9243864, 51.9514116 ], [ 85.9246677, 51.9512681 ], [ 85.9248392, 51.9511278 ], [ 85.9251999, 51.9509481 ], [ 85.9258292, 51.9507542 ], [ 85.9267041, 51.9505129 ], [ 85.9278257, 51.950154 ] ] ] } },
{ "type": "Feature", "properties": { "highway": "residential", "surface": null, "ref": null, "name": "Мостовой переулок", "Класс": "Прочие" }, "geometry": { "type": "MultiLineString", "coordinates": [ [ [ 85.9238415, 51.9515961 ], [ 85.9244458, 51.9521148 ], [ 85.9250675, 51.9526304 ], [ 85.9254611, 51.9529561 ], [ 85.9257572, 51.9531823 ] ] ] } },
{ "type": "Feature", "properties": { "highway": "residential", "surface": null, "ref": null, "name": "Нагорная улица", "Класс": "Прочие" }, "geometry": { "type": "MultiLineString", "coordinates": [ [ [ 85.9288869, 51.9505024 ], [ 85.9295518, 51.9501494 ], [ 85.9299839, 51.9500299 ], [ 85.9303091, 51.9499758 ], [ 85.9310514, 51.9498976 ], [ 85.9317577, 51.9498151 ], [ 85.9330818, 51.9496345 ], [ 85.9333691, 51.9496151 ], [ 85.9334337, 51.9495984 ], [ 85.9338036, 51.9495709 ], [ 85.9342306, 51.9495333 ], [ 85.9345168, 51.949524 ], [ 85.9347282, 51.9495206 ], [ 85.934962, 51.9495389 ], [ 85.9351572, 51.9495879 ] ] ] } },
{ "type": "Feature", "properties": { "highway": "residential", "surface": null, "ref": null, "name": "Нагорный переулок", "Класс": "Прочие" }, "geometry": { "type": "MultiLineString", "coordinates": [ [ [ 85.9367729, 51.9525893 ], [ 85.9369297, 51.9523939 ], [ 85.9370372, 51.9519634 ], [ 85.937229, 51.9517033 ], [ 85.9376493, 51.9511918 ] ] ] } },
{ "type": "Feature", "properties": { "highway": "residential", "surface": null, "ref": null, "name": "Насыпная улица", "Класс": "Прочие" }, "geometry": { "type": "MultiLineString", "coordinates": [ [ [ 85.9869476, 51.9504638 ], [ 85.986369, 51.950777 ], [ 85.9858168, 51.9510885 ], [ 85.9851148, 51.9512385 ], [ 85.9845719, 51.9513885 ], [ 85.9838512, 51.9515212 ], [ 85.9835592, 51.9515967 ], [ 85.9832164, 51.9515687 ], [ 85.9828795, 51.9513495 ], [ 85.9826267, 51.9510207 ], [ 85.982243, 51.9508996 ], [ 85.981906, 51.9508188 ] ] ] } },
{ "type": "Feature", "properties": { "highway": "residential", "surface": null, "ref": null, "name": "Новая улица", "Класс": "Прочие" }, "geometry": { "type": "MultiLineString", "coordinates": [ [ [ 85.97215, 51.9333015 ], [ 85.9716933, 51.9331098 ], [ 85.9714682, 51.9329956 ], [ 85.9712564, 51.9329711 ], [ 85.970899, 51.9331017 ], [ 85.9701909, 51.933522 ], [ 85.9697143, 51.9339505 ], [ 85.9694562, 51.9342239 ], [ 85.9692113, 51.9345952 ], [ 85.9691385, 51.9348442 ], [ 85.9690988, 51.9354277 ], [ 85.9690922, 51.935746 ], [ 85.969251, 51.9358154 ], [ 85.9696496, 51.9359301 ] ] ] } },
{ "type": "Feature", "properties": { "highway": "residential", "surface": null, "ref": null, "name": "Новый переулок", "Класс": "Прочие" }, "geometry": { "type": "MultiLineString", "coordinates": [ [ [ 85.9690922, 51.935746 ], [ 85.9688663, 51.935722 ], [ 85.9687704, 51.9356725 ], [ 85.9686024, 51.9353583 ], [ 85.9684583, 51.9350119 ], [ 85.9683992, 51.9347825 ], [ 85.9682119, 51.9344239 ], [ 85.9681656, 51.9342933 ], [ 85.9675224, 51.9341788 ] ] ] } },
{ "type": "Feature", "properties": { "highway": "residential", "surface": null, "ref": null, "name": "Околичный переулок", "Класс": "Прочие" }, "geometry": { "type": "MultiLineString", "coordinates": [ [ [ 85.9751066, 51.9293826 ], [ 85.9748966, 51.9295308 ], [ 85.9745789, 51.9299389 ], [ 85.9744829, 51.9301218 ], [ 85.9742811, 51.9305062 ], [ 85.9739965, 51.9308939 ], [ 85.9736523, 51.9310939 ], [ 85.973156, 51.9312693 ], [ 85.972739, 51.931351 ], [ 85.9723353, 51.9313387 ], [ 85.9715906, 51.9312392 ] ] ] } },
{ "type": "Feature", "properties": { "highway": "residential", "surface": null, "ref": null, "name": "Пикетный переулок", "Класс": "Прочие" }, "geometry": { "type": "MultiLineString", "coordinates": [ [ [ 85.9914047, 51.9526634 ], [ 85.9917885, 51.9527038 ], [ 85.9923033, 51.9526749 ], [ 85.9929116, 51.9526057 ], [ 85.9932486, 51.9526057 ], [ 85.9933746, 51.9526292 ] ] ] } },
{ "type": "Feature", "properties": { "highway": "residential", "surface": null, "ref": null, "name": "Пикетный переулок", "Класс": "Прочие" }, "geometry": { "type": "MultiLineString", "coordinates": [ [ [ 85.9912673, 51.9528935 ], [ 85.9914047, 51.9527615 ], [ 85.9914047, 51.9526634 ], [ 85.9914047, 51.9525653 ], [ 85.9914314, 51.9524094 ], [ 85.9915092, 51.9522699 ], [ 85.9916387, 51.9521327 ], [ 85.9918914, 51.9519654 ], [ 85.9919382, 51.9517231 ], [ 85.9919382, 51.9515674 ] ] ] } },
{ "type": "Feature", "properties": { "highway": "residential", "surface": null, "ref": null, "name": "Пионерская улица", "Класс": "Прочие" }, "geometry": { "type": "MultiLineString", "coordinates": [ [ [ 85.9729183, 51.9330917 ], [ 85.9726789, 51.9332769 ], [ 85.9723082, 51.9337054 ], [ 85.9716398, 51.9345134 ], [ 85.9714057, 51.9348131 ], [ 85.9713401, 51.9348952 ], [ 85.9708654, 51.9354805 ], [ 85.9697408, 51.9367661 ], [ 85.9691612, 51.9376076 ], [ 85.9687607, 51.9384062 ], [ 85.9682445, 51.9394957 ], [ 85.9677084, 51.9405892 ], [ 85.967576, 51.9409034 ] ] ] } },
{ "type": "Feature", "properties": { "highway": "residential", "surface": null, "ref": null, "name": "Плесовый переулок", "Класс": "Прочие" }, "geometry": { "type": "MultiLineString", "coordinates": [ [ [ 85.9784171, 51.92836 ], [ 85.9798232, 51.9283958 ], [ 85.9805455, 51.9283958 ], [ 85.9810118, 51.9281872 ], [ 85.9813867, 51.9279109 ], [ 85.9815055, 51.927691 ], [ 85.9820175, 51.9268115 ], [ 85.9821638, 51.9263886 ] ] ] } },
{ "type": "Feature", "properties": { "highway": "residential", "surface": null, "ref": null, "name": "Подлесный переулок", "Класс": "Прочие" }, "geometry": { "type": "MultiLineString", "coordinates": [ [ [ 85.9811016, 51.9529337 ], [ 85.9813725, 51.9523706 ], [ 85.9815367, 51.9520147 ], [ 85.9816627, 51.9517418 ], [ 85.9818499, 51.9510957 ], [ 85.981906, 51.9508188 ], [ 85.9820183, 51.9503573 ] ] ] } },
{ "type": "Feature", "properties": { "highway": "residential", "surface": null, "ref": null, "name": "Полевая улица", "Класс": "Прочие" }, "geometry": { "type": "MultiLineString", "coordinates": [ [ [ 85.914426, 51.9350506 ], [ 85.9160044, 51.9347785 ], [ 85.9161598, 51.9347563 ], [ 85.916913, 51.9345652 ], [ 85.9173087, 51.9343291 ], [ 85.9175777, 51.934198 ], [ 85.9181393, 51.9340768 ], [ 85.9186517, 51.9340811 ], [ 85.9188974, 51.9342023 ], [ 85.9190518, 51.9342932 ] ] ] } },
{ "type": "Feature", "properties": { "highway": "residential", "surface": null, "ref": null, "name": "Полевая улица", "Класс": "Прочие" }, "geometry": { "type": "MultiLineString", "coordinates": [ [ [ 85.9099826, 51.9355743 ], [ 85.9118638, 51.93528 ], [ 85.9134853, 51.9351372 ], [ 85.914426, 51.9350506 ] ] ] } },
{ "type": "Feature", "properties": { "highway": "residential", "surface": null, "ref": null, "name": "Полярный переулок", "Класс": "Прочие" }, "geometry": { "type": "MultiLineString", "coordinates": [ [ [ 85.9102696, 51.9469003 ], [ 85.910271, 51.9465196 ], [ 85.9103591, 51.9459177 ], [ 85.9103447, 51.9458372 ], [ 85.9103265, 51.9457811 ], [ 85.910283, 51.9457066 ], [ 85.9102953, 51.9455877 ], [ 85.9103152, 51.9453296 ], [ 85.910334, 51.9451641 ], [ 85.9106264, 51.9449223 ] ] ] } },
{ "type": "Feature", "properties": { "highway": "residential", "surface": null, "ref": null, "name": "Продольная улица", "Класс": "Прочие" }, "geometry": { "type": "MultiLineString", "coordinates": [ [ [ 85.9174494, 51.9382404 ], [ 85.917578, 51.9383379 ], [ 85.9178301, 51.9385072 ], [ 85.9180078, 51.9386463 ], [ 85.9180635, 51.9387652 ], [ 85.9181062, 51.9391656 ], [ 85.9181239, 51.9393481 ], [ 85.9181285, 51.939612 ], [ 85.9180536, 51.939868 ], [ 85.9178795, 51.9404519 ], [ 85.9179006, 51.9406074 ], [ 85.9179723, 51.9407356 ], [ 85.9181526, 51.9409084 ], [ 85.9183941, 51.941075 ], [ 85.9184537, 51.9411292 ], [ 85.9185827, 51.9412464 ], [ 85.9184635, 51.9416197 ], [ 85.9183149, 51.9417645 ], [ 85.9181746, 51.9418666 ], [ 85.9178282, 51.9422316 ], [ 85.9174311, 51.942403 ], [ 85.9172822, 51.942556 ], [ 85.9168653, 51.9431129 ], [ 85.9166568, 51.9436208 ], [ 85.9163888, 51.9440614 ] ] ] } },
{ "type": "Feature", "properties": { "highway": "residential", "surface": null, "ref": null, "name": "Рабочая улица", "Класс": "Прочие" }, "geometry": { "type": "MultiLineString", "coordinates": [ [ [ 85.9271768, 51.945682 ], [ 85.9274572, 51.9457298 ], [ 85.9275375, 51.9457672 ], [ 85.9275553, 51.945905 ], [ 85.9275643, 51.9460688 ], [ 85.9274518, 51.9463216 ], [ 85.9273533, 51.9464863 ], [ 85.9272265, 51.9467383 ], [ 85.9271715, 51.9469764 ], [ 85.9270802, 51.947578 ], [ 85.9270748, 51.9480876 ], [ 85.9270604, 51.9482166 ], [ 85.9272459, 51.9486812 ], [ 85.9273054, 51.9488078 ], [ 85.9275109, 51.9492777 ], [ 85.9275682, 51.9493671 ], [ 85.927998, 51.9497929 ], [ 85.9282791, 51.9499898 ], [ 85.9285086, 51.9500993 ], [ 85.9286374, 51.9502002 ], [ 85.9288869, 51.9505024 ], [ 85.9291806, 51.9508188 ], [ 85.9296404, 51.9513917 ], [ 85.9296941, 51.9515998 ], [ 85.9296756, 51.9517081 ], [ 85.9296064, 51.9520339 ], [ 85.929579, 51.9521627 ], [ 85.9295329, 51.9524796 ], [ 85.9295606, 51.9526806 ] ] ] } },
{ "type": "Feature", "properties": { "highway": "residential", "surface": null, "ref": null, "name": "Рабочий переулок", "Класс": "Прочие" }, "geometry": { "type": "MultiLineString", "coordinates": [ [ [ 85.9273054, 51.9488078 ], [ 85.9277523, 51.9487453 ], [ 85.9278989, 51.9487483 ], [ 85.9280661, 51.9488082 ], [ 85.9283354, 51.9489609 ], [ 85.928506, 51.9490413 ], [ 85.9288489, 51.94914 ], [ 85.9294045, 51.9492363 ], [ 85.9298172, 51.9492607 ], [ 85.9302538, 51.9491987 ], [ 85.9312614, 51.9491541 ], [ 85.9325003, 51.9490257 ], [ 85.9328594, 51.9489942 ], [ 85.9332937, 51.9489851 ], [ 85.9334675, 51.9490325 ], [ 85.9335136, 51.9491157 ], [ 85.9334989, 51.9492746 ], [ 85.9334337, 51.9495984 ] ] ] } },
{ "type": "Feature", "properties": { "highway": "tertiary", "surface": "asphalt", "ref": null, "name": "Рассветная улица", "Класс": "Прочие" }, "geometry": { "type": "MultiLineString", "coordinates": [ [ [ 85.9121779, 51.9413701 ], [ 85.9120316, 51.9416491 ], [ 85.9117835, 51.9420775 ], [ 85.9117835, 51.942414 ], [ 85.9118121, 51.9427566 ], [ 85.9119031, 51.9430834 ], [ 85.9118985, 51.9435827 ], [ 85.9118133, 51.94436 ], [ 85.911856, 51.9444932 ], [ 85.9118926, 51.9448618 ], [ 85.9119692, 51.9451183 ], [ 85.9120209, 51.9454785 ], [ 85.9120515, 51.9459082 ], [ 85.9121333, 51.9462457 ], [ 85.9122004, 51.9465813 ], [ 85.9121901, 51.9467151 ], [ 85.9121272, 51.9468733 ] ] ] } },
{ "type": "Feature", "properties": { "highway": "residential", "surface": null, "ref": null, "name": "Ремесленная улица", "Класс": "Прочие" }, "geometry": { "type": "MultiLineString", "coordinates": [ [ [ 85.9274972, 51.9513665 ], [ 85.9267041, 51.9505129 ], [ 85.9264125, 51.9502054 ], [ 85.9259673, 51.9496142 ], [ 85.9258139, 51.9493398 ], [ 85.9255836, 51.9487248 ], [ 85.9253502, 51.9478725 ], [ 85.9253227, 51.9476368 ] ] ] } },
{ "type": "Feature", "properties": { "highway": "residential", "surface": "dirt", "ref": null, "name": "Ремесленный переулок", "Класс": "Прочие" }, "geometry": { "type": "MultiLineString", "coordinates": [ [ [ 85.9183855, 51.9519021 ], [ 85.9184449, 51.9517067 ], [ 85.9184838, 51.9515004 ], [ 85.9188344, 51.9510606 ], [ 85.9191209, 51.95103 ], [ 85.9193747, 51.9510322 ], [ 85.9200711, 51.9511019 ], [ 85.9204945, 51.9510659 ], [ 85.920826, 51.9508585 ], [ 85.9211534, 51.9505249 ], [ 85.9215231, 51.9503846 ], [ 85.9225058, 51.9500252 ], [ 85.9233127, 51.9498079 ], [ 85.9236937, 51.9496645 ], [ 85.9243129, 51.9494672 ], [ 85.9246684, 51.949376 ], [ 85.9249177, 51.9492931 ], [ 85.9249796, 51.9492141 ], [ 85.9249788, 51.9491272 ], [ 85.9248917, 51.9488556 ], [ 85.9249735, 51.9487949 ], [ 85.9255836, 51.9487248 ] ] ] } },
{ "type": "Feature", "properties": { "highway": "residential", "surface": null, "ref": null, "name": "Рябиновая улица", "Класс": "Прочие" }, "geometry": { "type": "MultiLineString", "coordinates": [ [ [ 85.9041271, 51.9476532 ], [ 85.9054982, 51.9475037 ], [ 85.9065244, 51.9473481 ], [ 85.9067854, 51.9473467 ], [ 85.9069239, 51.9473731 ], [ 85.9072414, 51.9474475 ], [ 85.9073867, 51.947488 ], [ 85.9081028, 51.9478376 ], [ 85.9084006, 51.9481007 ], [ 85.9084269, 51.9482394 ], [ 85.9084022, 51.948302 ], [ 85.9080035, 51.948578 ], [ 85.9075831, 51.9488631 ], [ 85.9075579, 51.9489586 ], [ 85.9076282, 51.9490658 ], [ 85.9077537, 51.9491382 ], [ 85.9085699, 51.9493876 ] ] ] } },
{ "type": "Feature", "properties": { "highway": "residential", "surface": null, "ref": null, "name": "Рябиновый переулок", "Класс": "Прочие" }, "geometry": { "type": "MultiLineString", "coordinates": [ [ [ 85.9053027, 51.9490787 ], [ 85.9054026, 51.9488044 ], [ 85.9056309, 51.9485413 ], [ 85.9057004, 51.9483761 ], [ 85.9056524, 51.9482719 ], [ 85.9053398, 51.9481288 ], [ 85.9041271, 51.9476532 ], [ 85.903807, 51.9475826 ], [ 85.9036204, 51.9475533 ], [ 85.9034407, 51.9475352 ], [ 85.9032485, 51.9475623 ], [ 85.9030813, 51.9475848 ], [ 85.9028265, 51.9475567 ], [ 85.902226, 51.9474827 ], [ 85.9014356, 51.9474179 ] ] ] } },
{ "type": "Feature", "properties": { "highway": "residential", "surface": null, "ref": null, "name": "Сиреневая улица", "Класс": "Прочие" }, "geometry": { "type": "MultiLineString", "coordinates": [ [ [ 85.9708715, 51.932037 ], [ 85.9709971, 51.9316796 ], [ 85.971038, 51.9315632 ], [ 85.9711026, 51.931508 ], [ 85.9712101, 51.9314163 ], [ 85.9712962, 51.9313428 ], [ 85.9715906, 51.9312392 ], [ 85.9719131, 51.9309073 ], [ 85.9720308, 51.9306694 ], [ 85.9723088, 51.9303348 ], [ 85.9724875, 51.9299063 ], [ 85.9726265, 51.9295716 ], [ 85.9728052, 51.9295471 ], [ 85.9733611, 51.9297063 ], [ 85.9735597, 51.9298287 ], [ 85.9740097, 51.9299756 ], [ 85.9744829, 51.9301218 ] ] ] } },
{ "type": "Feature", "properties": { "highway": "residential", "surface": null, "ref": null, "name": "Сиреневый переулок", "Класс": "Прочие" }, "geometry": { "type": "MultiLineString", "coordinates": [ [ [ 85.9693256, 51.9296343 ], [ 85.9702331, 51.9299112 ], [ 85.9710447, 51.9302042 ], [ 85.9712357, 51.9302626 ], [ 85.9718323, 51.930445 ], [ 85.9720043, 51.9305307 ], [ 85.9720308, 51.9306694 ] ] ] } },
{ "type": "Feature", "properties": { "highway": "residential", "surface": "asphalt", "ref": null, "name": "Смородиновая улица", "Класс": "Прочие" }, "geometry": { "type": "MultiLineString", "coordinates": [ [ [ 85.9102427, 51.9366604 ], [ 85.9110875, 51.93654 ], [ 85.9121727, 51.9364615 ], [ 85.9138717, 51.9363416 ], [ 85.9145032, 51.936297 ], [ 85.9155015, 51.9362131 ], [ 85.9162019, 51.9361542 ], [ 85.9171706, 51.936072 ], [ 85.9175917, 51.9359205 ], [ 85.9180059, 51.9356738 ], [ 85.918413, 51.935518 ], [ 85.9186984, 51.9353996 ] ] ] } },
{ "type": "Feature", "properties": { "highway": "residential", "surface": null, "ref": null, "name": "Снежная улица", "Класс": "Прочие" }, "geometry": { "type": "MultiLineString", "coordinates": [ [ [ 85.8991089, 51.9427036 ], [ 85.8992203, 51.9427057 ], [ 85.899367, 51.9427403 ], [ 85.8995924, 51.9428285 ], [ 85.8996829, 51.9428942 ], [ 85.8998278, 51.9429587 ], [ 85.9000283, 51.9430005 ], [ 85.9003106, 51.9430381 ], [ 85.9008637, 51.9430838 ], [ 85.901287, 51.9431566 ], [ 85.9015377, 51.9432023 ], [ 85.902124, 51.9433157 ], [ 85.9024444, 51.9434074 ], [ 85.9026826, 51.9435726 ], [ 85.9028479, 51.9436316 ], [ 85.9029903, 51.9436705 ], [ 85.9035363, 51.9437439 ], [ 85.9037736, 51.9438296 ], [ 85.904122, 51.94404 ], [ 85.9044, 51.9442274 ], [ 85.9048961, 51.9446147 ], [ 85.9051419, 51.9448047 ], [ 85.9054229, 51.9450072 ], [ 85.9056463, 51.945237 ], [ 85.9061869, 51.9456592 ], [ 85.9064367, 51.9457827 ], [ 85.9066931, 51.9458734 ], [ 85.9075866, 51.9461427 ], [ 85.907928, 51.9462605 ], [ 85.9086496, 51.9464572 ], [ 85.909009, 51.9465101 ], [ 85.9092772, 51.9465911 ], [ 85.9095478, 51.9466957 ], [ 85.9102696, 51.9469003 ], [ 85.9104609, 51.947063 ] ] ] } },
{ "type": "Feature", "properties": { "highway": "residential", "surface": null, "ref": null, "name": "Студенческая улица", "Класс": "Прочие" }, "geometry": { "type": "MultiLineString", "coordinates": [ [ [ 85.9783351, 51.9300705 ], [ 85.9777227, 51.9299593 ], [ 85.9773058, 51.9298736 ], [ 85.9763593, 51.9296287 ], [ 85.9753268, 51.9294369 ], [ 85.9751066, 51.9293826 ], [ 85.974665, 51.9292737 ], [ 85.9739303, 51.9290492 ], [ 85.9733283, 51.9288427 ], [ 85.9732044, 51.9287427 ], [ 85.9729508, 51.9285431 ], [ 85.9725073, 51.928233 ], [ 85.9721433, 51.9278942 ] ] ] } },
{ "type": "Feature", "properties": { "highway": "residential", "surface": null, "ref": null, "name": "Татанакский переулок", "Класс": "Прочие" }, "geometry": { "type": "MultiLineString", "coordinates": [ [ [ 85.9924437, 51.9493463 ], [ 85.9929487, 51.9496996 ], [ 85.9933997, 51.9500416 ], [ 85.9943646, 51.9508179 ] ] ] } },
{ "type": "Feature", "properties": { "highway": "residential", "surface": "gravel", "ref": null, "name": "Улаганская улица", "Класс": "Прочие" }, "geometry": { "type": "MultiLineString", "coordinates": [ [ [ 85.9341602, 51.9513865 ], [ 85.9333581, 51.9514417 ], [ 85.9326878, 51.9514574 ], [ 85.9321511, 51.9514896 ], [ 85.93182, 51.9514905 ], [ 85.9314899, 51.9514772 ], [ 85.9311811, 51.9514852 ], [ 85.93105, 51.9515028 ], [ 85.9309189, 51.9515331 ], [ 85.9305605, 51.9515409 ], [ 85.9303553, 51.9515102 ], [ 85.9302024, 51.9513526 ], [ 85.9299984, 51.9511056 ], [ 85.9296802, 51.9507415 ] ] ] } },
{ "type": "Feature", "properties": { "highway": "residential", "surface": null, "ref": null, "name": "Университетский переулок", "Класс": "Прочие" }, "geometry": { "type": "MultiLineString", "coordinates": [ [ [ 85.9732044, 51.9287427 ], [ 85.9734803, 51.9285309 ], [ 85.9733876, 51.9283309 ], [ 85.9734078, 51.9282203 ], [ 85.9734678, 51.9281745 ], [ 85.9738668, 51.928154 ], [ 85.9741518, 51.9281018 ], [ 85.9743804, 51.9280126 ], [ 85.9745971, 51.9279818 ], [ 85.9747526, 51.9280124 ], [ 85.974804, 51.9280779 ], [ 85.9748384, 51.9281216 ], [ 85.9748288, 51.9281853 ], [ 85.9749483, 51.9282642 ], [ 85.975056, 51.9283468 ] ] ] } },
{ "type": "Feature", "properties": { "highway": "residential", "surface": null, "ref": null, "name": "Усть-Канская улица", "Класс": "Прочие" }, "geometry": { "type": "MultiLineString", "coordinates": [ [ [ 85.9835592, 51.9515967 ], [ 85.9834094, 51.9511792 ], [ 85.9833044, 51.9508383 ], [ 85.9833738, 51.9506732 ], [ 85.9836734, 51.9504367 ], [ 85.9838793, 51.9502463 ], [ 85.984132, 51.950154 ], [ 85.9846374, 51.9500444 ], [ 85.9856015, 51.9498598 ], [ 85.9860227, 51.9496405 ], [ 85.9866966, 51.9492886 ], [ 85.9871927, 51.949104 ], [ 85.9874137, 51.9490366 ], [ 85.9879916, 51.9490455 ], [ 85.9887028, 51.949109 ], [ 85.9894431, 51.9491438 ], [ 85.9898229, 51.9491271 ], [ 85.9904014, 51.9491237 ] ] ] } },
{ "type": "Feature", "properties": { "highway": "residential", "surface": null, "ref": null, "name": "Фабричная улица", "Класс": "Прочие" }, "geometry": { "type": "MultiLineString", "coordinates": [ [ [ 85.9291806, 51.9508188 ], [ 85.9296802, 51.9507415 ], [ 85.9302052, 51.9506603 ], [ 85.9313449, 51.9505468 ], [ 85.9321466, 51.9504878 ], [ 85.9334631, 51.9504144 ], [ 85.9342253, 51.950373 ] ] ] } },
{ "type": "Feature", "properties": { "highway": "residential", "surface": null, "ref": null, "name": "Хребтовый переулок", "Класс": "Прочие" }, "geometry": { "type": "MultiLineString", "coordinates": [ [ [ 85.9712357, 51.9302626 ], [ 85.9714153, 51.9298042 ], [ 85.9715278, 51.929539 ], [ 85.9715212, 51.9294329 ], [ 85.9713822, 51.9293635 ], [ 85.9702968, 51.9292247 ], [ 85.9691385, 51.9291472 ], [ 85.9685038, 51.929074 ], [ 85.9683642, 51.929037 ], [ 85.967014, 51.9287799 ], [ 85.9667426, 51.9287146 ], [ 85.9666367, 51.928588 ], [ 85.9665772, 51.9283228 ], [ 85.9665176, 51.9282085 ], [ 85.9662131, 51.9281881 ], [ 85.9650946, 51.9282493 ], [ 85.9641482, 51.9282534 ], [ 85.9631025, 51.9282493 ], [ 85.9623281, 51.9281881 ], [ 85.9612294, 51.9279799 ] ] ] } },
{ "type": "Feature", "properties": { "highway": "residential", "surface": null, "ref": null, "name": "Цветочная улица", "Класс": "Прочие" }, "geometry": { "type": "MultiLineString", "coordinates": [ [ [ 85.8991089, 51.9427036 ], [ 85.8990124, 51.9427487 ], [ 85.8987528, 51.9429909 ], [ 85.8985839, 51.9431977 ], [ 85.8985975, 51.9432955 ], [ 85.8985814, 51.9435801 ], [ 85.8986047, 51.9437011 ], [ 85.8988805, 51.9441784 ], [ 85.8989373, 51.9442996 ], [ 85.89895, 51.9443865 ], [ 85.8988422, 51.9446916 ], [ 85.8988112, 51.944784 ], [ 85.8988264, 51.9448411 ], [ 85.8989131, 51.9448832 ], [ 85.8991282, 51.9449389 ], [ 85.8998305, 51.9451147 ], [ 85.8999328, 51.9451636 ], [ 85.9002325, 51.9454785 ], [ 85.9007468, 51.9458367 ], [ 85.900906, 51.9459629 ], [ 85.9009567, 51.9460534 ], [ 85.9009156, 51.9461549 ], [ 85.9006776, 51.9463949 ], [ 85.9005573, 51.9465647 ], [ 85.9004885, 51.9468013 ], [ 85.9004796, 51.947102 ], [ 85.9005091, 51.9471843 ], [ 85.9005861, 51.9472833 ], [ 85.9006727, 51.9473219 ], [ 85.9011394, 51.9473883 ], [ 85.9014356, 51.9474179 ], [ 85.9019778, 51.9476908 ], [ 85.9023491, 51.9478873 ], [ 85.9024417, 51.9479463 ], [ 85.9032584, 51.9481435 ], [ 85.9040128, 51.9483026 ], [ 85.9046634, 51.9485967 ], [ 85.9051445, 51.9489696 ], [ 85.9053027, 51.9490787 ], [ 85.9058096, 51.9494285 ], [ 85.9064053, 51.9496304 ], [ 85.9067825, 51.9496977 ], [ 85.9071597, 51.9496855 ], [ 85.9075043, 51.9495842 ], [ 85.908073, 51.9494958 ], [ 85.9085699, 51.9493876 ], [ 85.9089097, 51.9494149 ], [ 85.9093144, 51.94935 ] ] ] } },
{ "type": "Feature", "properties": { "highway": "residential", "surface": null, "ref": null, "name": "Черноплодная улица", "Класс": "Прочие" }, "geometry": { "type": "MultiLineString", "coordinates": [ [ [ 85.9091083, 51.9522639 ], [ 85.9091377, 51.9521508 ], [ 85.909294, 51.9519432 ], [ 85.9093759, 51.951788 ], [ 85.9094366, 51.951673 ], [ 85.9095841, 51.9513933 ], [ 85.9096833, 51.9512073 ], [ 85.9096847, 51.9510244 ], [ 85.9095481, 51.9505589 ], [ 85.9095234, 51.9503453 ], [ 85.9094379, 51.9497681 ], [ 85.9093144, 51.94935 ] ] ] } },
{ "type": "Feature", "properties": { "highway": "residential", "surface": null, "ref": null, "name": "Земляничная улица", "Класс": "Прочие" }, "geometry": { "type": "MultiLineString", "coordinates": [ [ [ 85.9222879, 51.9358468 ], [ 85.921104, 51.9358436 ], [ 85.9207087, 51.9358865 ], [ 85.920171, 51.9358668 ], [ 85.919496, 51.9358179 ], [ 85.9190297, 51.9358715 ], [ 85.9187664, 51.9359742 ] ] ] } },
{ "type": "Feature", "properties": { "highway": "service", "surface": null, "ref": null, "name": null, "Класс": "Проезды" }, "geometry": { "type": "MultiLineString", "coordinates": [ [ [ 85.9786428, 51.9239472 ], [ 85.9794209, 51.9239528 ], [ 85.9797501, 51.9245223 ], [ 85.9803078, 51.925306 ], [ 85.9806095, 51.9254752 ], [ 85.9811398, 51.925509 ], [ 85.9822553, 51.9254188 ], [ 85.982685, 51.9254639 ], [ 85.9826575, 51.9257233 ], [ 85.9823924, 51.9261123 ], [ 85.9821638, 51.9263886 ] ] ] } },
{ "type": "Feature", "properties": { "highway": "service", "surface": null, "ref": null, "name": null, "Класс": "Проезды" }, "geometry": { "type": "MultiLineString", "coordinates": [ [ [ 85.9296064, 51.9520339 ], [ 85.9292751, 51.9516576 ], [ 85.9287215, 51.9509836 ], [ 85.928527, 51.9509007 ], [ 85.9279397, 51.9502717 ], [ 85.9278257, 51.950154 ], [ 85.9275867, 51.9499074 ], [ 85.9273239, 51.9495372 ], [ 85.9270626, 51.9492156 ], [ 85.9268578, 51.948852 ], [ 85.9267017, 51.948555 ], [ 85.9266142, 51.9482246 ], [ 85.926846, 51.9482256 ], [ 85.9270604, 51.9482166 ] ] ] } },
{ "type": "Feature", "properties": { "highway": "residential", "surface": null, "ref": null, "name": null, "Класс": "Прочие" }, "geometry": { "type": "MultiLineString", "coordinates": [ [ [ 85.9109104, 51.9340499 ], [ 85.9122276, 51.9337258 ], [ 85.9130825, 51.9335155 ], [ 85.9136901, 51.9333661 ], [ 85.9147948, 51.9331338 ], [ 85.9158802, 51.93289 ], [ 85.9164699, 51.9336604 ], [ 85.9166506, 51.9336789 ], [ 85.9167226, 51.9336863 ], [ 85.9173824, 51.9334093 ], [ 85.9178738, 51.9333574 ], [ 85.9183932, 51.9335825 ], [ 85.919053, 51.9341105 ] ] ] } },
{ "type": "Feature", "properties": { "highway": "service", "surface": "dirt", "ref": null, "name": null, "Класс": "Проезды" }, "geometry": { "type": "MultiLineString", "coordinates": [ [ [ 85.9183855, 51.9519021 ], [ 85.9190398, 51.9516231 ], [ 85.9194609, 51.9515461 ], [ 85.920015, 51.9515662 ], [ 85.9203993, 51.9515836 ], [ 85.9208229, 51.9515359 ], [ 85.9210414, 51.95144 ], [ 85.9217012, 51.951202 ], [ 85.9222125, 51.9509464 ], [ 85.9232562, 51.9505775 ], [ 85.9240052, 51.950356 ] ] ] } },
{ "type": "Feature", "properties": { "highway": "service", "surface": null, "ref": null, "name": "Черёмуховая улица", "Класс": "Проезды" }, "geometry": { "type": "MultiLineString", "coordinates": [ [ [ 85.9159031, 51.9474594 ], [ 85.9161909, 51.9473382 ], [ 85.9165138, 51.9473512 ], [ 85.9166077, 51.9473946 ], [ 85.9166261, 51.947481 ], [ 85.9165559, 51.9476714 ], [ 85.9162991, 51.9481262 ], [ 85.9162584, 51.9482707 ], [ 85.9163014, 51.9485219 ], [ 85.9163749, 51.9486955 ], [ 85.916921, 51.9492769 ], [ 85.9171947, 51.9496746 ], [ 85.9172112, 51.9497505 ], [ 85.9171525, 51.9499342 ], [ 85.9172326, 51.9501119 ], [ 85.9177352, 51.9513705 ], [ 85.9178479, 51.9517608 ] ] ] } },
{ "type": "Feature", "properties": { "highway": "service", "surface": null, "ref": null, "name": null, "Класс": "Проезды" }, "geometry": { "type": "MultiLineString", "coordinates": [ [ [ 85.9158608, 51.9353743 ], [ 85.9162019, 51.9361542 ] ] ] } },
{ "type": "Feature", "properties": { "highway": "service", "surface": null, "ref": null, "name": null, "Класс": "Проезды" }, "geometry": { "type": "MultiLineString", "coordinates": [ [ [ 85.9274972, 51.9513665 ], [ 85.9287215, 51.9509836 ] ] ] } },
{ "type": "Feature", "properties": { "highway": "service", "surface": null, "ref": null, "name": null, "Класс": "Проезды" }, "geometry": { "type": "MultiLineString", "coordinates": [ [ [ 85.9713401, 51.9348952 ], [ 85.9706456, 51.9346999 ] ] ] } },
{ "type": "Feature", "properties": { "highway": "service", "surface": null, "ref": null, "name": null, "Класс": "Проезды" }, "geometry": { "type": "MultiLineString", "coordinates": [ [ [ 85.9160044, 51.9347785 ], [ 85.9161318, 51.9352395 ], [ 85.9161597, 51.9353405 ] ] ] } },
{ "type": "Feature", "properties": { "highway": "service", "surface": null, "ref": null, "name": null, "Класс": "Проезды" }, "geometry": { "type": "MultiLineString", "coordinates": [ [ [ 85.9038682, 51.9460588 ], [ 85.9042025, 51.9461778 ], [ 85.9045109, 51.9462522 ], [ 85.9047282, 51.946315 ], [ 85.9051942, 51.9464792 ] ] ] } },
{ "type": "Feature", "properties": { "highway": "residential", "surface": null, "ref": null, "name": null, "Класс": "Прочие" }, "geometry": { "type": "MultiLineString", "coordinates": [ [ [ 85.9126798, 51.9392809 ], [ 85.9125744, 51.938709 ], [ 85.9124737, 51.9381455 ], [ 85.9123744, 51.9375899 ], [ 85.9122777, 51.937049 ], [ 85.9121727, 51.9364615 ] ] ] } },
{ "type": "Feature", "properties": { "highway": "service", "surface": null, "ref": null, "name": null, "Класс": "Проезды" }, "geometry": { "type": "MultiLineString", "coordinates": [ [ [ 85.9157627, 51.9444695 ], [ 85.9158665, 51.9440844 ] ] ] } },
{ "type": "Feature", "properties": { "highway": "service", "surface": null, "ref": null, "name": null, "Класс": "Проезды" }, "geometry": { "type": "MultiLineString", "coordinates": [ [ [ 85.9105405, 51.9551278 ], [ 85.91056, 51.955432 ] ] ] } },
{ "type": "Feature", "properties": { "highway": "service", "surface": null, "ref": null, "name": null, "Класс": "Проезды" }, "geometry": { "type": "MultiLineString", "coordinates": [ [ [ 85.9722516, 51.9350567 ], [ 85.9714057, 51.9348131 ] ] ] } },
{ "type": "Feature", "properties": { "highway": "service", "surface": null, "ref": null, "name": null, "Класс": "Проезды" }, "geometry": { "type": "MultiLineString", "coordinates": [ [ [ 85.916913, 51.9345652 ], [ 85.9171636, 51.9350814 ] ] ] } },
{ "type": "Feature", "properties": { "highway": "service", "surface": null, "ref": null, "name": null, "Класс": "Проезды" }, "geometry": { "type": "MultiLineString", "coordinates": [ [ [ 85.9784794, 51.9271392 ], [ 85.9774981, 51.9271046 ] ] ] } },
{ "type": "Feature", "properties": { "highway": "service", "surface": null, "ref": null, "name": null, "Класс": "Проезды" }, "geometry": { "type": "MultiLineString", "coordinates": [ [ [ 85.9156208, 51.948124 ], [ 85.9162584, 51.9482707 ] ] ] } },
{ "type": "Feature", "properties": { "highway": "service", "surface": null, "ref": null, "name": null, "Класс": "Проезды" }, "geometry": { "type": "MultiLineString", "coordinates": [ [ [ 85.9106125, 51.9543156 ], [ 85.911635, 51.9541123 ] ] ] } },
{ "type": "Feature", "properties": { "highway": "service", "surface": null, "ref": null, "name": null, "Класс": "Проезды" }, "geometry": { "type": "MultiLineString", "coordinates": [ [ [ 85.9811398, 51.925509 ], [ 85.9817432, 51.9240317 ] ] ] } },
{ "type": "Feature", "properties": { "highway": "service", "surface": "gravel", "ref": null, "name": null, "Класс": "Проезды" }, "geometry": { "type": "MultiLineString", "coordinates": [ [ [ 85.9240052, 51.950356 ], [ 85.9241098, 51.9504151 ], [ 85.9244565, 51.9506816 ] ] ] } },
{ "type": "Feature", "properties": { "highway": "residential", "surface": null, "ref": null, "name": null, "Класс": "Прочие" }, "geometry": { "type": "MultiLineString", "coordinates": [ [ [ 85.9726231, 51.9378324 ], [ 85.9739334, 51.9381903 ], [ 85.9752032, 51.9385413 ] ] ] } },
{ "type": "Feature", "properties": { "highway": "service", "surface": null, "ref": null, "name": null, "Класс": "Проезды" }, "geometry": { "type": "MultiLineString", "coordinates": [ [ [ 85.9193752, 51.9548782 ], [ 85.9202152, 51.955371 ], [ 85.9203057, 51.955478 ], [ 85.9202796, 51.9555792 ], [ 85.9197622, 51.9559662 ] ] ] } },
{ "type": "Feature", "properties": { "highway": "service", "surface": null, "ref": null, "name": null, "Класс": "Проезды" }, "geometry": { "type": "MultiLineString", "coordinates": [ [ [ 85.9815367, 51.9520147 ], [ 85.9819341, 51.9518053 ], [ 85.9822898, 51.951736 ] ] ] } },
{ "type": "Feature", "properties": { "highway": "service", "surface": "gravel", "ref": null, "name": null, "Класс": "Проезды" }, "geometry": { "type": "MultiLineString", "coordinates": [ [ [ 85.9326878, 51.9514574 ], [ 85.9324007, 51.9509583 ], [ 85.9321466, 51.9504878 ] ] ] } },
{ "type": "Feature", "properties": { "highway": "service", "surface": null, "ref": null, "name": null, "Класс": "Проезды" }, "geometry": { "type": "MultiLineString", "coordinates": [ [ [ 85.9757534, 51.9373294 ], [ 85.9769135, 51.9374142 ], [ 85.9773222, 51.9374259 ], [ 85.9779143, 51.9374998 ] ] ] } },
{ "type": "Feature", "properties": { "highway": "residential", "surface": null, "ref": null, "name": null, "Класс": "Прочие" }, "geometry": { "type": "MultiLineString", "coordinates": [ [ [ 85.9750591, 51.9387406 ], [ 85.9759219, 51.9390481 ], [ 85.9766616, 51.9392785 ] ] ] } },
{ "type": "Feature", "properties": { "highway": "service", "surface": null, "ref": null, "name": null, "Класс": "Проезды" }, "geometry": { "type": "MultiLineString", "coordinates": [ [ [ 85.9731513, 51.9463635 ], [ 85.9734729, 51.9465428 ], [ 85.9737154, 51.9466191 ] ] ] } },
{ "type": "Feature", "properties": { "highway": "service", "surface": null, "ref": null, "name": null, "Класс": "Проезды" }, "geometry": { "type": "MultiLineString", "coordinates": [ [ [ 85.9711579, 51.9366255 ], [ 85.9720738, 51.9369069 ], [ 85.973128, 51.9371965 ] ] ] } },
{ "type": "Feature", "properties": { "highway": "service", "surface": null, "ref": null, "name": null, "Класс": "Проезды" }, "geometry": { "type": "MultiLineString", "coordinates": [ [ [ 85.9259673, 51.9496142 ], [ 85.926563, 51.9493701 ], [ 85.9270626, 51.9492156 ] ] ] } },
{ "type": "Feature", "properties": { "highway": "service", "surface": null, "ref": null, "name": null, "Класс": "Проезды" }, "geometry": { "type": "MultiLineString", "coordinates": [ [ [ 85.9762267, 51.9363252 ], [ 85.9770434, 51.9364359 ], [ 85.9780128, 51.9365003 ] ] ] } },
{ "type": "Feature", "properties": { "highway": "service", "surface": null, "ref": null, "name": null, "Класс": "Проезды" }, "geometry": { "type": "MultiLineString", "coordinates": [ [ [ 85.9783609, 51.9291909 ], [ 85.9792106, 51.9292753 ], [ 85.9799754, 51.9293772 ] ] ] } },
{ "type": "Feature", "properties": { "highway": "service", "surface": null, "ref": null, "name": null, "Класс": "Проезды" }, "geometry": { "type": "MultiLineString", "coordinates": [ [ [ 85.9093302, 51.9550671 ], [ 85.9092016, 51.9548823 ], [ 85.9091244, 51.9545102 ] ] ] } },
{ "type": "Feature", "properties": { "highway": "residential", "surface": null, "ref": null, "name": null, "Класс": "Прочие" }, "geometry": { "type": "MultiLineString", "coordinates": [ [ [ 85.9669673, 51.9408235 ], [ 85.967576, 51.9409034 ], [ 85.9684414, 51.941031 ] ] ] } },
{ "type": "Feature", "properties": { "highway": "service", "surface": null, "ref": null, "name": null, "Класс": "Проезды" }, "geometry": { "type": "MultiLineString", "coordinates": [ [ [ 85.9014356, 51.9474179 ], [ 85.9013659, 51.9471699 ], [ 85.9014715, 51.9469137 ] ] ] } },
{ "type": "Feature", "properties": { "highway": "residential", "surface": null, "ref": null, "name": null, "Класс": "Прочие" }, "geometry": { "type": "MultiLineString", "coordinates": [ [ [ 85.9126372, 51.9312539 ], [ 85.9137323, 51.9310288 ], [ 85.9148455, 51.9307669 ] ] ] } },
{ "type": "Feature", "properties": { "highway": "tertiary", "surface": "asphalt", "ref": null, "name": null, "Класс": "Прочие" }, "geometry": { "type": "MultiLineString", "coordinates": [ [ [ 85.9143105, 51.949433 ], [ 85.9139706, 51.9496443 ], [ 85.9133394, 51.9502861 ] ] ] } },
{ "type": "Feature", "properties": { "highway": "service", "surface": null, "ref": null, "name": "Сквозной переулок", "Класс": "Проезды" }, "geometry": { "type": "MultiLineString", "coordinates": [ [ [ 85.972739, 51.931351 ], [ 85.973242, 51.9306041 ], [ 85.9735597, 51.9298287 ] ] ] } },
{ "type": "Feature", "properties": { "highway": "service", "surface": null, "ref": null, "name": null, "Класс": "Проезды" }, "geometry": { "type": "MultiLineString", "coordinates": [ [ [ 85.9743617, 51.9356423 ], [ 85.9733025, 51.9353238 ], [ 85.9722816, 51.9350153 ] ] ] } },
{ "type": "Feature", "properties": { "highway": "service", "surface": null, "ref": null, "name": null, "Класс": "Проезды" }, "geometry": { "type": "MultiLineString", "coordinates": [ [ [ 85.902751, 51.9525327 ], [ 85.9032754, 51.9533895 ], [ 85.9033809, 51.9534381 ] ] ] } },
{ "type": "Feature", "properties": { "highway": "service", "surface": null, "ref": null, "name": null, "Класс": "Проезды" }, "geometry": { "type": "MultiLineString", "coordinates": [ [ [ 85.9334631, 51.9504144 ], [ 85.9333976, 51.9498816 ], [ 85.9333691, 51.9496151 ] ] ] } },
{ "type": "Feature", "properties": { "highway": "service", "surface": null, "ref": null, "name": null, "Класс": "Проезды" }, "geometry": { "type": "MultiLineString", "coordinates": [ [ [ 85.9737619, 51.936398 ], [ 85.9750324, 51.9367594 ], [ 85.9758567, 51.9370139 ] ] ] } },
{ "type": "Feature", "properties": { "highway": "service", "surface": null, "ref": null, "name": null, "Класс": "Проезды" }, "geometry": { "type": "MultiLineString", "coordinates": [ [ [ 85.9868306, 51.9500076 ], [ 85.9868651, 51.9501944 ], [ 85.9869476, 51.9504638 ] ] ] } },
{ "type": "Feature", "properties": { "highway": "residential", "surface": null, "ref": null, "name": null, "Класс": "Прочие" }, "geometry": { "type": "MultiLineString", "coordinates": [ [ [ 85.9110875, 51.93654 ], [ 85.911612, 51.9393374 ], [ 85.9117494, 51.9400466 ] ] ] } },
{ "type": "Feature", "properties": { "highway": "residential", "surface": null, "ref": null, "name": null, "Класс": "Прочие" }, "geometry": { "type": "MultiLineString", "coordinates": [ [ [ 85.9207087, 51.9358865 ], [ 85.9207125, 51.9363729 ], [ 85.9207277, 51.9365311 ], [ 85.9207674, 51.9370749 ] ] ] } },
{ "type": "Feature", "properties": { "highway": "residential", "surface": null, "ref": null, "name": "Восточный переулок", "Класс": "Прочие" }, "geometry": { "type": "MultiLineString", "coordinates": [ [ [ 85.9711026, 51.931508 ], [ 85.971819, 51.9316897 ], [ 85.9725537, 51.9319019 ] ] ] } },
{ "type": "Feature", "properties": { "highway": "residential", "surface": null, "ref": null, "name": "улица Знаменского", "Класс": "Прочие" }, "geometry": { "type": "MultiLineString", "coordinates": [ [ [ 85.9123711, 51.9344316 ], [ 85.9122276, 51.9337258 ], [ 85.9120195, 51.932587 ], [ 85.9117247, 51.9310029 ] ] ] } },
{ "type": "Feature", "properties": { "highway": "service", "surface": null, "ref": null, "name": null, "Класс": "Проезды" }, "geometry": { "type": "MultiLineString", "coordinates": [ [ [ 85.9153275, 51.9494107 ], [ 85.9156574, 51.9494496 ], [ 85.9158164, 51.9494694 ], [ 85.9160013, 51.9495405 ], [ 85.9161944, 51.949646 ] ] ] } },
{ "type": "Feature", "properties": { "highway": "residential", "surface": null, "ref": null, "name": "улица Стренина", "Класс": "Прочие" }, "geometry": { "type": "MultiLineString", "coordinates": [ [ [ 85.9158802, 51.93289 ], [ 85.9151279, 51.9318331 ], [ 85.9148455, 51.9307669 ], [ 85.9146145, 51.9299989 ], [ 85.9145994, 51.9299446 ] ] ] } },
{ "type": "Feature", "properties": { "highway": "service", "surface": "dirt", "ref": null, "name": null, "Класс": "Проезды" }, "geometry": { "type": "MultiLineString", "coordinates": [ [ [ 85.9243129, 51.9494672 ], [ 85.9249145, 51.9503655 ], [ 85.9249447, 51.9504829 ], [ 85.9244565, 51.9506816 ], [ 85.9248392, 51.9511278 ] ] ] } },
{ "type": "Feature", "properties": { "highway": "residential", "surface": null, "ref": null, "name": "Ленинградская улица", "Класс": "Прочие" }, "geometry": { "type": "MultiLineString", "coordinates": [ [ [ 85.9135505, 51.9520322 ], [ 85.9125173, 51.9520136 ], [ 85.91241, 51.9519806 ], [ 85.9123719, 51.9519161 ], [ 85.912351, 51.9517888 ], [ 85.9123572, 51.9513789 ], [ 85.912387, 51.9510217 ] ] ] } },
{ "type": "Feature", "properties": { "highway": "service", "surface": null, "ref": null, "name": null, "Класс": "Проезды" }, "geometry": { "type": "MultiLineString", "coordinates": [ [ [ 85.9155626, 51.9354081 ], [ 85.9155421, 51.9356089 ], [ 85.9154087, 51.935821 ], [ 85.9155015, 51.9362131 ] ] ] } },
{ "type": "Feature", "properties": { "highway": "service", "surface": null, "ref": null, "name": null, "Класс": "Проезды" }, "geometry": { "type": "MultiLineString", "coordinates": [ [ [ 85.911562, 51.9350116 ], [ 85.9116966, 51.9350711 ], [ 85.9118638, 51.93528 ], [ 85.9119882, 51.9357871 ], [ 85.9121727, 51.9364615 ] ] ] } },
{ "type": "Feature", "properties": { "highway": "residential", "surface": null, "ref": null, "name": "улица Гордополова", "Класс": "Прочие" }, "geometry": { "type": "MultiLineString", "coordinates": [ [ [ 85.915191, 51.9336976 ], [ 85.9147948, 51.9331338 ], [ 85.9141254, 51.9320763 ], [ 85.9137323, 51.9310288 ], [ 85.9134374, 51.9299641 ] ] ] } },
{ "type": "Feature", "properties": { "highway": "service", "surface": null, "ref": null, "name": null, "Класс": "Проезды" }, "geometry": { "type": "MultiLineString", "coordinates": [ [ [ 85.9627398, 51.9491761 ], [ 85.9629847, 51.9492781 ], [ 85.9630641, 51.9495229 ], [ 85.9631779, 51.949702 ] ] ] } },
{ "type": "Feature", "properties": { "highway": "service", "surface": null, "ref": null, "name": null, "Класс": "Проезды" }, "geometry": { "type": "MultiLineString", "coordinates": [ [ [ 85.989444, 51.9514621 ], [ 85.9896297, 51.9509253 ], [ 85.9897573, 51.9507309 ], [ 85.9904219, 51.9503905 ] ] ] } },
{ "type": "Feature", "properties": { "highway": "residential", "surface": null, "ref": null, "name": "Оконечный переулок", "Класс": "Прочие" }, "geometry": { "type": "MultiLineString", "coordinates": [ [ [ 85.9709971, 51.9316796 ], [ 85.9714749, 51.9318856 ], [ 85.9719249, 51.9321876 ], [ 85.9724087, 51.9323177 ] ] ] } },
{ "type": "Feature", "properties": { "highway": "service", "surface": "fine_gravel", "ref": null, "name": null, "Класс": "Проезды" }, "geometry": { "type": "MultiLineString", "coordinates": [ [ [ 85.9586287, 51.9494136 ], [ 85.9590405, 51.9493328 ], [ 85.959392, 51.9493103 ], [ 85.9595557, 51.9492868 ], [ 85.9597935, 51.9492053 ] ] ] } },
{ "type": "Feature", "properties": { "highway": "service", "surface": null, "ref": null, "name": null, "Класс": "Проезды" }, "geometry": { "type": "MultiLineString", "coordinates": [ [ [ 85.9133686, 51.9347628 ], [ 85.9134853, 51.9351372 ], [ 85.9136538, 51.9353968 ], [ 85.9136894, 51.9356203 ], [ 85.9138717, 51.9363416 ] ] ] } },
{ "type": "Feature", "properties": { "highway": "residential", "surface": null, "ref": null, "name": null, "Класс": "Прочие" }, "geometry": { "type": "MultiLineString", "coordinates": [ [ [ 85.911612, 51.9393374 ], [ 85.9126798, 51.9392809 ], [ 85.9140411, 51.9392086 ], [ 85.9142031, 51.9391722 ], [ 85.9142674, 51.9391358 ], [ 85.9143063, 51.9390804 ], [ 85.9142945, 51.9390145 ], [ 85.9142441, 51.9386193 ], [ 85.9141514, 51.938052 ], [ 85.9141016, 51.9377474 ], [ 85.9140608, 51.9374982 ], [ 85.9139695, 51.93694 ], [ 85.9138717, 51.9363416 ] ] ] } },
{ "type": "Feature", "properties": { "highway": "residential", "surface": null, "ref": null, "name": null, "Класс": "Прочие" }, "geometry": { "type": "MultiLineString", "coordinates": [ [ [ 85.9207087, 51.9358865 ], [ 85.9206574, 51.9357199 ], [ 85.9205961, 51.9352993 ], [ 85.9205482, 51.9351936 ], [ 85.9201348, 51.9351769 ], [ 85.9197986, 51.9352027 ], [ 85.9188902, 51.9353456 ], [ 85.9186984, 51.9353996 ] ] ] } },
{ "type": "Feature", "properties": { "highway": "service", "surface": null, "ref": null, "name": null, "Класс": "Проезды" }, "geometry": { "type": "MultiLineString", "coordinates": [ [ [ 85.9105405, 51.9551278 ], [ 85.9106156, 51.9550602 ], [ 85.9106686, 51.9549688 ], [ 85.9106827, 51.95464 ], [ 85.9106125, 51.9543156 ], [ 85.9103927, 51.9540698 ] ] ] } },
{ "type": "Feature", "properties": { "highway": "service", "surface": null, "ref": null, "name": null, "Класс": "Проезды" }, "geometry": { "type": "MultiLineString", "coordinates": [ [ [ 85.9119692, 51.9451183 ], [ 85.9121042, 51.945156 ], [ 85.9121969, 51.9451097 ], [ 85.9123725, 51.9448419 ], [ 85.9123697, 51.9446428 ], [ 85.9123161, 51.9445608 ], [ 85.9122028, 51.9445416 ], [ 85.911856, 51.9444932 ] ] ] } },
{ "type": "Feature", "properties": { "highway": "service", "surface": null, "ref": null, "name": null, "Класс": "Проезды" }, "geometry": { "type": "MultiLineString", "coordinates": [ [ [ 85.9783205, 51.9206195 ], [ 85.9781334, 51.9206856 ], [ 85.9781, 51.9207972 ], [ 85.9781309, 51.9209555 ], [ 85.9780254, 51.9210913 ], [ 85.977872, 51.9211528 ], [ 85.9777015, 51.9211732 ] ] ] } },
{ "type": "Feature", "properties": { "highway": "service", "surface": null, "ref": null, "name": "улица Макария Глухарева", "Класс": "Проезды" }, "geometry": { "type": "MultiLineString", "coordinates": [ [ [ 85.9627258, 51.9326959 ], [ 85.962786, 51.932806 ], [ 85.9633027, 51.9329438 ], [ 85.963636, 51.9329766 ], [ 85.9637307, 51.9329393 ], [ 85.9639655, 51.9320724 ], [ 85.964059, 51.9318748 ] ] ] } },
{ "type": "Feature", "properties": { "highway": "service", "surface": null, "ref": null, "name": null, "Класс": "Проезды" }, "geometry": { "type": "MultiLineString", "coordinates": [ [ [ 85.9734803, 51.9285309 ], [ 85.9739171, 51.928433 ], [ 85.974387, 51.9283717 ], [ 85.9746716, 51.9282371 ], [ 85.9748288, 51.9281853 ] ] ] } },
{ "type": "Feature", "properties": { "highway": "residential", "surface": null, "ref": null, "name": "улица Кандаракова", "Класс": "Прочие" }, "geometry": { "type": "MultiLineString", "coordinates": [ [ [ 85.9141254, 51.9339114 ], [ 85.9136901, 51.9333661 ], [ 85.9129882, 51.9323533 ], [ 85.9126372, 51.9312539 ], [ 85.9122722, 51.9301805 ] ] ] } },
{ "type": "Feature", "properties": { "highway": "service", "surface": null, "ref": null, "name": null, "Класс": "Проезды" }, "geometry": { "type": "MultiLineString", "coordinates": [ [ [ 85.9131027, 51.9420008 ], [ 85.9132147, 51.9421882 ], [ 85.9132641, 51.9423557 ], [ 85.9132501, 51.9425201 ], [ 85.9131658, 51.9428317 ], [ 85.913229, 51.9431389 ], [ 85.913215, 51.943537 ] ] ] } },
{ "type": "Feature", "properties": { "highway": "service", "surface": null, "ref": null, "name": null, "Класс": "Проезды" }, "geometry": { "type": "MultiLineString", "coordinates": [ [ [ 85.901287, 51.9431566 ], [ 85.9016502, 51.9435053 ], [ 85.9030698, 51.9441968 ], [ 85.9039433, 51.9446251 ], [ 85.9046879, 51.9447414 ], [ 85.9051419, 51.9448047 ] ] ] } },
{ "type": "Feature", "properties": { "highway": "residential", "surface": "gravel", "ref": null, "name": "Вишнёвая улица", "Класс": "Прочие" }, "geometry": { "type": "MultiLineString", "coordinates": [ [ [ 85.9176852, 51.9379134 ], [ 85.9178044, 51.9379199 ], [ 85.9178951, 51.9379171 ], [ 85.9180373, 51.9378526 ], [ 85.9184745, 51.9377236 ], [ 85.9193274, 51.9375285 ], [ 85.9195158, 51.9375071 ], [ 85.9201777, 51.9375119 ], [ 85.9204705, 51.9375382 ], [ 85.9214519, 51.9376991 ], [ 85.9219587, 51.9377666 ], [ 85.9228835, 51.9378241 ] ] ] } },
{ "type": "Feature", "properties": { "highway": "service", "surface": null, "ref": null, "name": null, "Класс": "Проезды" }, "geometry": { "type": "MultiLineString", "coordinates": [ [ [ 85.9794209, 51.9239528 ], [ 85.9797043, 51.9235637 ], [ 85.9801066, 51.9229999 ], [ 85.9803901, 51.9228815 ], [ 85.9811764, 51.9228081 ], [ 85.9827764, 51.922639 ] ] ] } },
{ "type": "Feature", "properties": { "highway": "unclassified", "surface": null, "ref": null, "name": null, "Класс": "Прочие" }, "geometry": { "type": "MultiLineString", "coordinates": [ [ [ 85.9107841, 51.9328294 ], [ 85.9120195, 51.932587 ], [ 85.9124029, 51.9324945 ], [ 85.9129882, 51.9323533 ], [ 85.9141254, 51.9320763 ], [ 85.9151279, 51.9318331 ], [ 85.9168457, 51.9314379 ] ] ] } },
{ "type": "Feature", "properties": { "highway": "service", "surface": null, "ref": null, "name": null, "Класс": "Проезды" }, "geometry": { "type": "MultiLineString", "coordinates": [ [ [ 85.9941752, 51.9545843 ], [ 85.9945584, 51.9544437 ], [ 85.9948262, 51.9542898 ], [ 85.9950602, 51.9541744 ], [ 85.9952942, 51.9542379 ], [ 85.9956644, 51.9543434 ], [ 85.9959636, 51.9543588 ] ] ] } },
{ "type": "Feature", "properties": { "highway": "service", "surface": "gravel", "ref": null, "name": null, "Класс": "Проезды" }, "geometry": { "type": "MultiLineString", "coordinates": [ [ [ 85.9133394, 51.9502861 ], [ 85.9133118, 51.9506348 ], [ 85.913375, 51.9510069 ], [ 85.9134031, 51.9514828 ], [ 85.9135084, 51.9518072 ], [ 85.9135505, 51.9520322 ], [ 85.9137654, 51.9522441 ] ] ] } },
{ "type": "Feature", "properties": { "highway": "residential", "surface": null, "ref": null, "name": "Ленинградская улица", "Класс": "Прочие" }, "geometry": { "type": "MultiLineString", "coordinates": [ [ [ 85.9121053, 51.9504824 ], [ 85.9120624, 51.9506608 ], [ 85.9122028, 51.9510501 ], [ 85.912387, 51.9510217 ] ] ] } },
{ "type": "Feature", "properties": { "highway": "service", "surface": null, "ref": null, "name": null, "Класс": "Проезды" }, "geometry": { "type": "MultiLineString", "coordinates": [ [ [ 85.9099331, 51.9560334 ], [ 85.909707, 51.9558686 ], [ 85.9095126, 51.9555759 ], [ 85.9093762, 51.9553164 ], [ 85.9093302, 51.9550671 ], [ 85.9095044, 51.9550682 ], [ 85.9098214, 51.955048 ] ] ] } },
{ "type": "Feature", "properties": { "highway": "service", "surface": null, "ref": null, "name": null, "Класс": "Проезды" }, "geometry": { "type": "MultiLineString", "coordinates": [ [ [ 85.9046634, 51.9485967 ], [ 85.9051251, 51.9484494 ], [ 85.9056524, 51.9482719 ], [ 85.9060532, 51.9482014 ], [ 85.9063258, 51.9481741 ], [ 85.9067157, 51.9481518 ], [ 85.9070621, 51.948163 ], [ 85.9084006, 51.9481007 ], [ 85.9092841, 51.9479477 ], [ 85.9098954, 51.9478027 ] ] ] } },
{ "type": "Feature", "properties": { "highway": "residential", "surface": null, "ref": null, "name": "улица Тощаковой", "Класс": "Прочие" }, "geometry": { "type": "MultiLineString", "coordinates": [ [ [ 85.9925653, 51.9517462 ], [ 85.9933079, 51.9514642 ], [ 85.9938227, 51.9513142 ], [ 85.994203, 51.9513032 ], [ 85.9945527, 51.9513488 ], [ 85.9949779, 51.9513562 ], [ 85.99547, 51.9512565 ], [ 85.9959741, 51.9511931 ] ] ] } },
{ "type": "Feature", "properties": { "highway": "service", "surface": null, "ref": null, "name": null, "Класс": "Проезды" }, "geometry": { "type": "MultiLineString", "coordinates": [ [ [ 85.978533, 51.9265511 ], [ 85.9786712, 51.9265521 ], [ 85.9801341, 51.9265577 ], [ 85.9808198, 51.9265577 ], [ 85.9811947, 51.926445 ], [ 85.9816701, 51.9263942 ], [ 85.9821638, 51.9263886 ] ] ] } },
{ "type": "Feature", "properties": { "highway": "service", "surface": null, "ref": null, "name": null, "Класс": "Проезды" }, "geometry": { "type": "MultiLineString", "coordinates": [ [ [ 85.9142434, 51.9478348 ], [ 85.9139144, 51.9478355 ], [ 85.913727, 51.9478261 ], [ 85.9136097, 51.9477978 ], [ 85.9134773, 51.9476823 ], [ 85.9134266, 51.9476063 ], [ 85.9133783, 51.9474889 ], [ 85.9133037, 51.9473814 ], [ 85.9130791, 51.9472084 ], [ 85.9126088, 51.9470916 ], [ 85.9121272, 51.9468733 ] ] ] } },
{ "type": "Feature", "properties": { "highway": "service", "surface": null, "ref": null, "name": null, "Класс": "Проезды" }, "geometry": { "type": "MultiLineString", "coordinates": [ [ [ 85.9696177, 51.9315937 ], [ 85.9699989, 51.931404 ], [ 85.9702306, 51.9310775 ], [ 85.9703894, 51.9309755 ], [ 85.9707534, 51.9309714 ], [ 85.9710182, 51.9310816 ], [ 85.9711307, 51.9312408 ], [ 85.9712101, 51.9314163 ] ] ] } },
{ "type": "Feature", "properties": { "highway": "service", "surface": null, "ref": null, "name": null, "Класс": "Проезды" }, "geometry": { "type": "MultiLineString", "coordinates": [ [ [ 85.9047531, 51.9468922 ], [ 85.9047545, 51.9466978 ], [ 85.9048542, 51.9466176 ], [ 85.9049883, 51.9465267 ], [ 85.9051942, 51.9464792 ], [ 85.9056508, 51.946265 ], [ 85.9057997, 51.9461182 ], [ 85.9061792, 51.9461001 ], [ 85.9063854, 51.9461365 ], [ 85.9065869, 51.9461894 ], [ 85.9069016, 51.9463385 ], [ 85.9072943, 51.9465884 ] ] ] } },
{ "type": "Feature", "properties": { "highway": "service", "surface": null, "ref": null, "name": "переулок Толмачёва", "Класс": "Проезды" }, "geometry": { "type": "MultiLineString", "coordinates": [ [ [ 85.9057997, 51.9461182 ], [ 85.9049758, 51.9457816 ], [ 85.9045886, 51.9455822 ], [ 85.9042937, 51.9454619 ], [ 85.9041022, 51.9453716 ], [ 85.9038994, 51.9452751 ], [ 85.9037821, 51.9451501 ], [ 85.9036285, 51.9448965 ], [ 85.9034956, 51.9447888 ], [ 85.9032758, 51.9446352 ], [ 85.9032087, 51.9446129 ], [ 85.9029351, 51.9446022 ], [ 85.9025933, 51.9446741 ], [ 85.9019658, 51.9448604 ] ] ] } },
{ "type": "Feature", "properties": { "highway": "service", "surface": null, "ref": null, "name": null, "Класс": "Проезды" }, "geometry": { "type": "MultiLineString", "coordinates": [ [ [ 85.9758295, 51.9337932 ], [ 85.9759752, 51.9338153 ], [ 85.9768161, 51.9340307 ], [ 85.9771681, 51.934102 ], [ 85.977289, 51.9341265 ], [ 85.9776472, 51.9341888 ], [ 85.9779916, 51.9342307 ], [ 85.9781907, 51.9342073 ], [ 85.9785591, 51.934339 ], [ 85.9792211, 51.9344348 ] ] ] } },
{ "type": "Feature", "properties": { "highway": "service", "surface": null, "ref": null, "name": null, "Класс": "Проезды" }, "geometry": { "type": "MultiLineString", "coordinates": [ [ [ 85.9054982, 51.9475037 ], [ 85.9059188, 51.9476663 ], [ 85.9067726, 51.9479845 ], [ 85.9070621, 51.948163 ], [ 85.9067211, 51.9484941 ], [ 85.9065641, 51.9487187 ], [ 85.9065092, 51.9487966 ], [ 85.9064984, 51.9489123 ], [ 85.90661, 51.9490805 ], [ 85.9066996, 51.9492446 ], [ 85.9068689, 51.9493724 ], [ 85.9075043, 51.9495842 ] ] ] } },
{ "type": "Feature", "properties": { "highway": "residential", "surface": null, "ref": null, "name": "переулок Анохина А.В.", "Класс": "Прочие" }, "geometry": { "type": "MultiLineString", "coordinates": [ [ [ 85.990815, 51.9493809 ], [ 85.9911363, 51.9496643 ], [ 85.9927075, 51.9507954 ] ] ] } },
{ "type": "Feature", "properties": { "highway": "residential", "surface": null, "ref": null, "name": "переулок Вербицкого", "Класс": "Прочие" }, "geometry": { "type": "MultiLineString", "coordinates": [ [ [ 85.9934537, 51.9538193 ], [ 85.993754, 51.9536845 ], [ 85.9949334, 51.9532403 ], [ 85.995495, 51.9531826 ], [ 85.9958694, 51.9531941 ], [ 85.9961153, 51.9532924 ], [ 85.9964123, 51.9533153 ], [ 85.9969552, 51.9533672 ], [ 85.9971518, 51.9534159 ], [ 85.9973213, 51.9534422 ] ] ] } },
{ "type": "Feature", "properties": { "highway": "residential", "surface": null, "ref": null, "name": "переулок Гоголя", "Класс": "Прочие" }, "geometry": { "type": "MultiLineString", "coordinates": [ [ [ 85.9694364, 51.9328242 ], [ 85.9697342, 51.9326691 ], [ 85.9700329, 51.9322573 ], [ 85.9704416, 51.9318623 ] ] ] } },
{ "type": "Feature", "properties": { "highway": "residential", "surface": null, "ref": null, "name": "переулок Гоголя", "Класс": "Прочие" }, "geometry": { "type": "MultiLineString", "coordinates": [ [ [ 85.9683554, 51.9323644 ], [ 85.9691518, 51.9325385 ], [ 85.9694165, 51.9327018 ], [ 85.9694364, 51.9328242 ], [ 85.9691981, 51.9329752 ], [ 85.968662, 51.9335179 ] ] ] } },
{ "type": "Feature", "properties": { "highway": "residential", "surface": null, "ref": null, "name": "переулок Кокышева", "Класс": "Прочие" }, "geometry": { "type": "MultiLineString", "coordinates": [ [ [ 85.9149387, 51.9440611 ], [ 85.9155549, 51.9440981 ], [ 85.9158665, 51.9440844 ], [ 85.9163888, 51.9440614 ], [ 85.9172425, 51.9440981 ], [ 85.9180168, 51.9442021 ], [ 85.9185727, 51.944349 ] ] ] } },
{ "type": "Feature", "properties": { "highway": "residential", "surface": null, "ref": null, "name": "переулок Королёва", "Класс": "Прочие" }, "geometry": { "type": "MultiLineString", "coordinates": [ [ [ 85.9753268, 51.9294369 ], [ 85.9753605, 51.9288362 ], [ 85.9754312, 51.9287667 ], [ 85.9755452, 51.9287309 ], [ 85.9756753, 51.9286972 ], [ 85.9757209, 51.9286608 ], [ 85.9757743, 51.9284526 ], [ 85.9757853, 51.9280191 ], [ 85.9758343, 51.9279729 ], [ 85.975922, 51.9279546 ], [ 85.9763389, 51.9280034 ] ] ] } },
{ "type": "Feature", "properties": { "highway": "residential", "surface": null, "ref": null, "name": "переулок Чапаева", "Класс": "Прочие" }, "geometry": { "type": "MultiLineString", "coordinates": [ [ [ 85.9709172, 51.937034 ], [ 85.9697408, 51.9367661 ], [ 85.9690067, 51.9366455 ], [ 85.9688191, 51.9366095 ], [ 85.9680778, 51.9364596 ], [ 85.9674726, 51.9362481 ], [ 85.9670543, 51.9360344 ], [ 85.9668835, 51.9358381 ], [ 85.9663331, 51.9356946 ], [ 85.9661078, 51.9355623 ], [ 85.9658028, 51.9354889 ], [ 85.9655595, 51.9354601 ], [ 85.9650606, 51.9353257 ], [ 85.9646878, 51.9352254 ], [ 85.9636055, 51.9350482 ] ] ] } },
{ "type": "Feature", "properties": { "highway": "residential", "surface": null, "ref": null, "name": "улица Академика Радлова", "Класс": "Прочие" }, "geometry": { "type": "MultiLineString", "coordinates": [ [ [ 85.9838512, 51.9515212 ], [ 85.9839916, 51.9512097 ], [ 85.9841694, 51.9508809 ], [ 85.9844783, 51.9507251 ], [ 85.9853207, 51.9506328 ], [ 85.9859291, 51.9504943 ], [ 85.9865375, 51.9501367 ], [ 85.9868306, 51.9500076 ], [ 85.9869961, 51.9499347 ], [ 85.9878011, 51.9498309 ], [ 85.9885967, 51.9498194 ], [ 85.9895046, 51.9498424 ], [ 85.9898279, 51.9498561 ], [ 85.9904219, 51.9503905 ], [ 85.9909741, 51.9507828 ], [ 85.9911466, 51.9509711 ], [ 85.9912549, 51.9510828 ], [ 85.9915732, 51.9513654 ], [ 85.9919382, 51.9515674 ], [ 85.9925653, 51.9517462 ], [ 85.9930427, 51.9518673 ], [ 85.9934264, 51.9518846 ], [ 85.9936417, 51.9520115 ], [ 85.9937072, 51.9521961 ], [ 85.9935668, 51.9524211 ], [ 85.9933746, 51.9526292 ], [ 85.9934293, 51.9527741 ], [ 85.9934515, 51.9528922 ], [ 85.9934143, 51.9534364 ], [ 85.993434, 51.9536267 ], [ 85.9934537, 51.9538193 ] ] ] } },
{ "type": "Feature", "properties": { "highway": "residential", "surface": null, "ref": null, "name": "улица Вербицкого В.И.", "Класс": "Прочие" }, "geometry": { "type": "MultiLineString", "coordinates": [ [ [ 85.9898279, 51.9498561 ], [ 85.9903002, 51.949629 ], [ 85.990581, 51.9494732 ], [ 85.990815, 51.9493809 ], [ 85.9914141, 51.9493521 ], [ 85.9924437, 51.9493463 ], [ 85.9934452, 51.9493348 ], [ 85.993787, 51.9493986 ], [ 85.9944268, 51.9497515 ], [ 85.9949053, 51.9500501 ], [ 85.9953733, 51.9503847 ], [ 85.9958413, 51.9507886 ], [ 85.995963, 51.9510251 ], [ 85.9959741, 51.9511931 ], [ 85.9960004, 51.9515904 ], [ 85.9959724, 51.9521961 ], [ 85.995915, 51.9528156 ], [ 85.9958975, 51.9530038 ], [ 85.9958694, 51.9531941 ], [ 85.9961132, 51.9534108 ], [ 85.9962558, 51.9536937 ], [ 85.9962036, 51.9537928 ], [ 85.9960847, 51.954019 ], [ 85.9959636, 51.9543588 ], [ 85.9954201, 51.9552304 ] ] ] } },
{ "type": "Feature", "properties": { "highway": "residential", "surface": null, "ref": null, "name": "улица Заимка", "Класс": "Прочие" }, "geometry": { "type": "MultiLineString", "coordinates": [ [ [ 85.9101852, 51.9359814 ], [ 85.9119882, 51.9357871 ], [ 85.9136894, 51.9356203 ], [ 85.9155626, 51.9354081 ], [ 85.9158608, 51.9353743 ], [ 85.9161597, 51.9353405 ], [ 85.9164987, 51.9353021 ], [ 85.9169141, 51.9352439 ], [ 85.91864, 51.9350022 ] ] ] } },
{ "type": "Feature", "properties": { "highway": "residential", "surface": null, "ref": null, "name": "улица Калинина", "Класс": "Прочие" }, "geometry": { "type": "MultiLineString", "coordinates": [ [ [ 85.9765776, 51.9348182 ], [ 85.9758729, 51.9356593 ], [ 85.9750324, 51.9367594 ], [ 85.9739334, 51.9381903 ], [ 85.9728731, 51.9398484 ], [ 85.9726873, 51.9400753 ] ] ] } },
{ "type": "Feature", "properties": { "highway": "residential", "surface": null, "ref": null, "name": "улица Крылова", "Класс": "Прочие" }, "geometry": { "type": "MultiLineString", "coordinates": [ [ [ 85.9603864, 51.9339264 ], [ 85.9612029, 51.9337097 ], [ 85.9616861, 51.9335995 ], [ 85.9620379, 51.933556 ], [ 85.9622818, 51.9335832 ], [ 85.9629767, 51.9337791 ], [ 85.9640783, 51.9340121 ], [ 85.9643601, 51.9341096 ], [ 85.9645841, 51.9342495 ], [ 85.9650187, 51.9345917 ], [ 85.9652223, 51.9346777 ], [ 85.9657945, 51.9348124 ] ] ] } },
{ "type": "Feature", "properties": { "highway": "residential", "surface": null, "ref": null, "name": "улица Некорякова", "Класс": "Прочие" }, "geometry": { "type": "MultiLineString", "coordinates": [ [ [ 85.9769914, 51.9197366 ], [ 85.9770513, 51.9196127 ], [ 85.9771198, 51.9195435 ], [ 85.9772439, 51.9195417 ], [ 85.9773946, 51.9196193 ], [ 85.9775102, 51.9197883 ], [ 85.9776067, 51.9203378 ], [ 85.9777097, 51.9208458 ], [ 85.9777015, 51.9211732 ], [ 85.977822, 51.9218387 ], [ 85.9779156, 51.9227681 ], [ 85.9779624, 51.9232356 ], [ 85.9778782, 51.9238764 ], [ 85.9778688, 51.9246152 ], [ 85.977719, 51.9249442 ], [ 85.9775355, 51.9260831 ], [ 85.9774885, 51.9266098 ], [ 85.9774981, 51.9271046 ], [ 85.9774071, 51.9281929 ], [ 85.9773786, 51.929323 ], [ 85.9773058, 51.9298736 ] ] ] } },
{ "type": "Feature", "properties": { "highway": "residential", "surface": null, "ref": null, "name": "улица Некрасова", "Класс": "Прочие" }, "geometry": { "type": "MultiLineString", "coordinates": [ [ [ 85.9640783, 51.9340121 ], [ 85.96444, 51.9340291 ], [ 85.9650306, 51.9340698 ], [ 85.9652014, 51.9340109 ], [ 85.9654388, 51.9338648 ], [ 85.9656003, 51.9336924 ], [ 85.9657586, 51.9332845 ], [ 85.9660907, 51.9323978 ], [ 85.9661461, 51.9322337 ], [ 85.9663843, 51.9321262 ], [ 85.9665996, 51.9320125 ] ] ] } },
{ "type": "Feature", "properties": { "highway": "tertiary", "surface": "asphalt", "ref": null, "name": "улица Петра Сухова", "Класс": "Прочие" }, "geometry": { "type": "MultiLineString", "coordinates": [ [ [ 85.9126486, 51.9499573 ], [ 85.9131282, 51.9501115 ], [ 85.9132651, 51.9502002 ], [ 85.9133394, 51.9502861 ], [ 85.9136809, 51.9510288 ], [ 85.9137036, 51.9511145 ], [ 85.9138309, 51.9515957 ], [ 85.9137862, 51.9520758 ], [ 85.9137654, 51.9522441 ], [ 85.913716, 51.9526425 ], [ 85.9135902, 51.953354 ], [ 85.9135434, 51.9534409 ], [ 85.9133402, 51.9540096 ], [ 85.9132742, 51.9546031 ], [ 85.9135531, 51.9553961 ], [ 85.9139402, 51.9560437 ], [ 85.9142326, 51.9565058 ], [ 85.9143293, 51.9566319 ], [ 85.9148491, 51.9573094 ], [ 85.9155716, 51.9578512 ], [ 85.9156944, 51.9579455 ], [ 85.9165251, 51.9585677 ], [ 85.9165645, 51.9585933 ], [ 85.916702, 51.9586908 ] ] ] } },
{ "type": "Feature", "properties": { "highway": "residential", "surface": null, "ref": null, "name": "улица Старая окраинка", "Класс": "Прочие" }, "geometry": { "type": "MultiLineString", "coordinates": [ [ [ 85.9816296, 51.9540044 ], [ 85.9821102, 51.9539613 ], [ 85.9825595, 51.9538344 ], [ 85.9830275, 51.9535864 ], [ 85.9835049, 51.9534191 ], [ 85.9842162, 51.9533037 ], [ 85.9852926, 51.9530903 ], [ 85.9866311, 51.9528942 ], [ 85.9873799, 51.9527672 ], [ 85.9877917, 51.9527615 ], [ 85.9884095, 51.9526115 ], [ 85.988709, 51.9525423 ], [ 85.9891677, 51.952548 ], [ 85.9900288, 51.9526461 ], [ 85.9909086, 51.9528134 ], [ 85.9912673, 51.9528935 ], [ 85.9915545, 51.9529576 ], [ 85.9922471, 51.9532691 ], [ 85.9929023, 51.9536729 ], [ 85.9931872, 51.9538032 ], [ 85.9934537, 51.9538193 ], [ 85.9933977, 51.9539154 ], [ 85.9938757, 51.9542094 ], [ 85.9941752, 51.9545843 ], [ 85.9946152, 51.9549477 ], [ 85.9950925, 51.9551496 ], [ 85.9954201, 51.9552304 ], [ 85.9957571, 51.9554554 ], [ 85.996066, 51.9556746 ], [ 85.9961955, 51.9557433 ], [ 85.9963431, 51.9557697 ], [ 85.9965901, 51.9558015 ], [ 85.9972172, 51.9560033 ], [ 85.9974606, 51.956211 ] ] ] } },
{ "type": "Feature", "properties": { "highway": "residential", "surface": null, "ref": null, "name": "улица имени Ф.В.Троценко", "Класс": "Прочие" }, "geometry": { "type": "MultiLineString", "coordinates": [ [ [ 85.9036965, 51.9469226 ], [ 85.9040413, 51.9464999 ], [ 85.9040531, 51.9463993 ], [ 85.9039959, 51.9462935 ], [ 85.9038682, 51.9460588 ], [ 85.9037193, 51.9458638 ], [ 85.9036124, 51.9457761 ], [ 85.9034792, 51.9457221 ], [ 85.9032664, 51.9456537 ], [ 85.9028315, 51.9455491 ], [ 85.9025636, 51.9454818 ], [ 85.9024054, 51.9453859 ], [ 85.9020813, 51.9450089 ], [ 85.9019658, 51.9448604 ], [ 85.9018785, 51.9447169 ], [ 85.9017296, 51.9444048 ], [ 85.9014934, 51.9441987 ], [ 85.901228, 51.9440327 ], [ 85.9009354, 51.9439581 ], [ 85.9005734, 51.943954 ], [ 85.9000796, 51.9439434 ], [ 85.8997645, 51.9438703 ] ] ] } },
{ "type": "Feature", "properties": { "highway": "residential", "surface": null, "ref": null, "name": "улица Циолковского", "Класс": "Прочие" }, "geometry": { "type": "MultiLineString", "coordinates": [ [ [ 85.9763593, 51.9296287 ], [ 85.9763389, 51.9280034 ], [ 85.9763794, 51.927766 ] ] ] } },
{ "type": "Feature", "properties": { "highway": "residential", "surface": null, "ref": null, "name": "улица Шевченко", "Класс": "Прочие" }, "geometry": { "type": "MultiLineString", "coordinates": [ [ [ 85.9675858, 51.9369917 ], [ 85.9674397, 51.9372188 ], [ 85.9672482, 51.9376241 ], [ 85.9665996, 51.9388605 ], [ 85.9659211, 51.9403188 ], [ 85.9658669, 51.9404792 ], [ 85.9655407, 51.9410556 ], [ 85.9653686, 51.9414106 ], [ 85.9652693, 51.9416554 ], [ 85.9651899, 51.9420267 ], [ 85.9652435, 51.9422349 ], [ 85.9652764, 51.9424791 ], [ 85.965223, 51.9429569 ], [ 85.9651398, 51.9432108 ] ] ] } },
{ "type": "Feature", "properties": { "highway": "residential", "surface": null, "ref": null, "name": "Магистральный переулок", "Класс": "Прочие" }, "geometry": { "type": "MultiLineString", "coordinates": [ [ [ 85.899396, 51.9751131 ], [ 85.8987523, 51.97489 ], [ 85.8982068, 51.9746164 ], [ 85.8978969, 51.9744953 ], [ 85.8971157, 51.9741832 ], [ 85.8965309, 51.9739631 ] ] ] } },
{ "type": "Feature", "properties": { "highway": "residential", "surface": null, "ref": null, "name": null, "Класс": "Прочие" }, "geometry": { "type": "MultiLineString", "coordinates": [ [ [ 85.8946986, 51.9756832 ], [ 85.8953059, 51.9759353 ], [ 85.8955095, 51.9760198 ], [ 85.8958277, 51.9762934 ], [ 85.8965238, 51.9766887 ] ] ] } },
{ "type": "Feature", "properties": { "highway": "residential", "surface": null, "ref": null, "name": "Трактовый переулок", "Класс": "Прочие" }, "geometry": { "type": "MultiLineString", "coordinates": [ [ [ 85.8942039, 51.9775482 ], [ 85.893638, 51.9781228 ], [ 85.8933368, 51.978172 ] ] ] } },
{ "type": "Feature", "properties": { "highway": "residential", "surface": null, "ref": null, "name": "Трактовая улица", "Класс": "Прочие" }, "geometry": { "type": "MultiLineString", "coordinates": [ [ [ 85.8930842, 51.9778448 ], [ 85.8933485, 51.9777323 ], [ 85.8936004, 51.9775628 ], [ 85.8944274, 51.9767621 ], [ 85.8953059, 51.9759353 ], [ 85.8963587, 51.9749203 ], [ 85.8971157, 51.9741832 ] ] ] } },
{ "type": "Feature", "properties": { "highway": "residential", "surface": null, "ref": null, "name": "Магистральный переулок", "Класс": "Прочие" }, "geometry": { "type": "MultiLineString", "coordinates": [ [ [ 85.8978969, 51.9744953 ], [ 85.8981128, 51.9743057 ], [ 85.8994764, 51.9733501 ], [ 85.8995019, 51.9733005 ], [ 85.8995046, 51.9732576 ], [ 85.8994549, 51.9732121 ], [ 85.899239, 51.9731138 ], [ 85.8990043, 51.9730329 ], [ 85.8989214, 51.9729972 ] ] ] } },
{ "type": "Feature", "properties": { "highway": "residential", "surface": null, "ref": null, "name": "Катунская улица", "Класс": "Прочие" }, "geometry": { "type": "MultiLineString", "coordinates": [ [ [ 85.8948042, 51.9742166 ], [ 85.8936965, 51.9753005 ], [ 85.8936361, 51.975466 ], [ 85.8936992, 51.9755731 ], [ 85.8940228, 51.975744 ], [ 85.8941927, 51.975834 ], [ 85.8944159, 51.975937 ] ] ] } },
{ "type": "Feature", "properties": { "highway": "service", "surface": null, "ref": null, "name": null, "Класс": "Проезды" }, "geometry": { "type": "MultiLineString", "coordinates": [ [ [ 85.8932665, 51.9747184 ], [ 85.8933243, 51.9741398 ] ] ] } },
{ "type": "Feature", "properties": { "highway": "residential", "surface": null, "ref": null, "name": "Трактовый переулок", "Класс": "Прочие" }, "geometry": { "type": "MultiLineString", "coordinates": [ [ [ 85.8949193, 51.9773761 ], [ 85.8952862, 51.9771291 ], [ 85.8957293, 51.9767284 ], [ 85.8960178, 51.9768589 ], [ 85.8965238, 51.9766887 ] ] ] } },
{ "type": "Feature", "properties": { "highway": "service", "surface": null, "ref": null, "name": null, "Класс": "Проезды" }, "geometry": { "type": "MultiLineString", "coordinates": [ [ [ 85.8955118, 51.9764944 ], [ 85.8956589, 51.9763806 ], [ 85.8958277, 51.9762934 ] ] ] } },
{ "type": "Feature", "properties": { "highway": "residential", "surface": null, "ref": null, "name": "Заводской переулок", "Класс": "Прочие" }, "geometry": { "type": "MultiLineString", "coordinates": [ [ [ 85.8936992, 51.9741621 ], [ 85.8933243, 51.9741398 ], [ 85.8923984, 51.9741157 ] ] ] } },
{ "type": "Feature", "properties": { "highway": "residential", "surface": "asphalt", "ref": null, "name": "Заводская улица", "Класс": "Прочие" }, "geometry": { "type": "MultiLineString", "coordinates": [ [ [ 85.8924718, 51.9746578 ], [ 85.8923984, 51.9741157 ], [ 85.8922427, 51.9732137 ], [ 85.8922991, 51.9730963 ], [ 85.8924127, 51.9730521 ], [ 85.8925506, 51.9730446 ], [ 85.8929401, 51.9730236 ], [ 85.8942728, 51.973022 ], [ 85.896883, 51.9730269 ], [ 85.8974061, 51.9731294 ] ] ] } },
{ "type": "Feature", "properties": { "highway": "residential", "surface": null, "ref": null, "name": "Высокогорная улица", "Класс": "Прочие" }, "geometry": { "type": "MultiLineString", "coordinates": [ [ [ 85.8821067, 51.9756111 ], [ 85.8821415, 51.9757549 ], [ 85.882678, 51.9761828 ], [ 85.8843141, 51.9760275 ], [ 85.8845716, 51.9760357 ], [ 85.8854728, 51.9759729 ], [ 85.8857303, 51.9758969 ], [ 85.8860549, 51.9757929 ], [ 85.8864116, 51.9756128 ], [ 85.8878278, 51.9753881 ], [ 85.8893299, 51.9751981 ], [ 85.8894008, 51.9751894 ], [ 85.8900567, 51.9751088 ], [ 85.8910465, 51.9748296 ], [ 85.8924718, 51.9746578 ] ] ] } },
{ "type": "Feature", "properties": { "highway": "service", "surface": null, "ref": null, "name": null, "Класс": "Проезды" }, "geometry": { "type": "MultiLineString", "coordinates": [ [ [ 85.8942728, 51.973022 ], [ 85.8942284, 51.9729228 ], [ 85.8942208, 51.9723829 ], [ 85.89422, 51.972324 ], [ 85.8942396, 51.9720965 ], [ 85.8943844, 51.971967 ], [ 85.8944166, 51.9719382 ], [ 85.8946646, 51.971776 ] ] ] } },
{ "type": "Feature", "properties": { "highway": "service", "surface": null, "ref": null, "name": null, "Класс": "Проезды" }, "geometry": { "type": "MultiLineString", "coordinates": [ [ [ 85.8885166, 51.9667786 ], [ 85.8886862, 51.9672703 ], [ 85.8887291, 51.9675396 ], [ 85.8887345, 51.9676685 ] ] ] } },
{ "type": "Feature", "properties": { "highway": "residential", "surface": null, "ref": null, "name": "Берёзовая улица", "Класс": "Прочие" }, "geometry": { "type": "MultiLineString", "coordinates": [ [ [ 85.8864546, 51.9656739 ], [ 85.8866263, 51.9662688 ], [ 85.8866745, 51.9664688 ], [ 85.8867413, 51.9665668 ], [ 85.8869398, 51.9666908 ], [ 85.8869696, 51.9667663 ], [ 85.8871302, 51.9671238 ], [ 85.8871842, 51.9671959 ], [ 85.8878118, 51.9674636 ], [ 85.8880586, 51.9675165 ], [ 85.8883751, 51.9676322 ], [ 85.8887345, 51.9676685 ], [ 85.8890268, 51.9678024 ], [ 85.8899335, 51.9682139 ], [ 85.8903381, 51.9684392 ], [ 85.8904618, 51.968589 ], [ 85.8905155, 51.9688088 ], [ 85.8907351, 51.9689283 ], [ 85.890789, 51.9689839 ], [ 85.89073, 51.9690963 ], [ 85.8903813, 51.9693442 ], [ 85.890038, 51.9695359 ], [ 85.8898503, 51.9697176 ], [ 85.8896196, 51.9701539 ], [ 85.889207, 51.9711062 ], [ 85.8891034, 51.9714205 ] ] ] } },
{ "type": "Feature", "properties": { "highway": "service", "surface": null, "ref": null, "name": null, "Класс": "Проезды" }, "geometry": { "type": "MultiLineString", "coordinates": [ [ [ 85.8889676, 51.9741151 ], [ 85.8901882, 51.9741922 ], [ 85.8904135, 51.974146 ], [ 85.8908062, 51.9740199 ], [ 85.891156, 51.9738466 ], [ 85.8912592, 51.9737313 ], [ 85.8913153, 51.9735605 ], [ 85.8915105, 51.9725229 ], [ 85.8915562, 51.9723465 ], [ 85.8912061, 51.9723365 ] ] ] } },
{ "type": "Feature", "properties": { "highway": "service", "surface": null, "ref": null, "name": null, "Класс": "Проезды" }, "geometry": { "type": "MultiLineString", "coordinates": [ [ [ 85.8905155, 51.9688088 ], [ 85.8899975, 51.9691349 ], [ 85.8899549, 51.9692103 ], [ 85.8899077, 51.9694283 ] ] ] } },
{ "type": "Feature", "properties": { "highway": "service", "surface": null, "ref": null, "name": "Случайный переулок", "Класс": "Проезды" }, "geometry": { "type": "MultiLineString", "coordinates": [ [ [ 85.8885253, 51.9688435 ], [ 85.8892414, 51.9689855 ], [ 85.8895817, 51.9690588 ], [ 85.8896732, 51.9691112 ], [ 85.8899077, 51.9694283 ], [ 85.890038, 51.9695359 ] ] ] } },
{ "type": "Feature", "properties": { "highway": "residential", "surface": null, "ref": null, "name": "Берёзовый переулок", "Класс": "Прочие" }, "geometry": { "type": "MultiLineString", "coordinates": [ [ [ 85.888201, 51.9695781 ], [ 85.887723, 51.9692852 ], [ 85.8871946, 51.9688936 ], [ 85.8863363, 51.968183 ], [ 85.8863036, 51.9681053 ], [ 85.8863389, 51.968069 ], [ 85.8864519, 51.9680486 ], [ 85.8876857, 51.9682717 ], [ 85.8885092, 51.9684998 ], [ 85.8887345, 51.9685328 ], [ 85.888992, 51.9684865 ], [ 85.8891261, 51.9684056 ], [ 85.8891878, 51.9682667 ], [ 85.8890268, 51.9678024 ] ] ] } },
{ "type": "Feature", "properties": { "highway": "residential", "surface": null, "ref": null, "name": "Крутой переулок", "Класс": "Прочие" }, "geometry": { "type": "MultiLineString", "coordinates": [ [ [ 85.8843517, 51.966999 ], [ 85.8843729, 51.9673064 ], [ 85.8844496, 51.9674944 ], [ 85.8847969, 51.9678356 ], [ 85.8856219, 51.9684764 ], [ 85.8862163, 51.9689431 ], [ 85.8868693, 51.9693926 ], [ 85.8871356, 51.96961 ], [ 85.8871877, 51.9696745 ], [ 85.8874486, 51.9697781 ], [ 85.8876687, 51.9698347 ] ] ] } },
{ "type": "Feature", "properties": { "highway": "service", "surface": null, "ref": null, "name": null, "Класс": "Проезды" }, "geometry": { "type": "MultiLineString", "coordinates": [ [ [ 85.8917415, 51.9756269 ], [ 85.8913764, 51.9755533 ], [ 85.891143, 51.9754955 ], [ 85.8908802, 51.975355 ], [ 85.8905422, 51.9753401 ], [ 85.8902552, 51.9753187 ], [ 85.8901731, 51.9753081 ], [ 85.890134, 51.9752764 ], [ 85.8900567, 51.9751088 ] ] ] } },
{ "type": "Feature", "properties": { "highway": "service", "surface": null, "ref": null, "name": null, "Класс": "Проезды" }, "geometry": { "type": "MultiLineString", "coordinates": [ [ [ 85.8901989, 51.9706459 ], [ 85.8913789, 51.9709575 ], [ 85.8922587, 51.971136 ] ] ] } },
{ "type": "Feature", "properties": { "highway": "residential", "surface": null, "ref": null, "name": null, "Класс": "Прочие" }, "geometry": { "type": "MultiLineString", "coordinates": [ [ [ 85.8915881, 51.9706849 ], [ 85.8918403, 51.9709294 ], [ 85.8922587, 51.971136 ], [ 85.8928905, 51.9713215 ] ] ] } },
{ "type": "Feature", "properties": { "highway": "residential", "surface": null, "ref": null, "name": null, "Класс": "Прочие" }, "geometry": { "type": "MultiLineString", "coordinates": [ [ [ 85.8929722, 51.9700404 ], [ 85.8930848, 51.9699148 ], [ 85.8941364, 51.9701898 ], [ 85.893132, 51.9713879 ] ] ] } },
{ "type": "Feature", "properties": { "highway": "service", "surface": null, "ref": null, "name": null, "Класс": "Проезды" }, "geometry": { "type": "MultiLineString", "coordinates": [ [ [ 85.8976847, 51.9719291 ], [ 85.8980669, 51.9716161 ], [ 85.8981674, 51.9715338 ], [ 85.8993871, 51.970535 ], [ 85.899474, 51.9704638 ], [ 85.8996262, 51.9703392 ] ] ] } },
{ "type": "Feature", "properties": { "highway": "service", "surface": "asphalt", "ref": null, "name": null, "Класс": "Проезды" }, "geometry": { "type": "MultiLineString", "coordinates": [ [ [ 85.8987982, 51.9718225 ], [ 85.8981674, 51.9715338 ] ] ] } },
{ "type": "Feature", "properties": { "highway": "service", "surface": null, "ref": null, "name": null, "Класс": "Проезды" }, "geometry": { "type": "MultiLineString", "coordinates": [ [ [ 85.8984117, 51.9701082 ], [ 85.8993871, 51.970535 ] ] ] } },
{ "type": "Feature", "properties": { "highway": "service", "surface": null, "ref": null, "name": null, "Класс": "Проезды" }, "geometry": { "type": "MultiLineString", "coordinates": [ [ [ 85.8975447, 51.971398 ], [ 85.8980669, 51.9716161 ] ] ] } },
{ "type": "Feature", "properties": { "highway": "service", "surface": null, "ref": null, "name": null, "Класс": "Проезды" }, "geometry": { "type": "MultiLineString", "coordinates": [ [ [ 85.9004822, 51.9686358 ], [ 85.9006914, 51.968735 ], [ 85.8997615, 51.9694779 ] ] ] } },
{ "type": "Feature", "properties": { "highway": "service", "surface": null, "ref": null, "name": null, "Класс": "Проезды" }, "geometry": { "type": "MultiLineString", "coordinates": [ [ [ 85.8989848, 51.9695503 ], [ 85.8992512, 51.9693282 ], [ 85.8994097, 51.9693173 ], [ 85.8997615, 51.9694779 ], [ 85.9002193, 51.9696868 ], [ 85.9011758, 51.9689338 ], [ 85.9016206, 51.9691357 ], [ 85.9018336, 51.9692416 ] ] ] } },
{ "type": "Feature", "properties": { "highway": "service", "surface": "asphalt", "ref": null, "name": null, "Класс": "Проезды" }, "geometry": { "type": "MultiLineString", "coordinates": [ [ [ 85.9003023, 51.970153 ], [ 85.8997941, 51.9705946 ], [ 85.899474, 51.9704638 ] ] ] } },
{ "type": "Feature", "properties": { "highway": "residential", "surface": "gravel", "ref": null, "name": "Технологический переулок", "Класс": "Прочие" }, "geometry": { "type": "MultiLineString", "coordinates": [ [ [ 85.9030952, 51.9668386 ], [ 85.9027191, 51.9666396 ], [ 85.9023597, 51.9664066 ], [ 85.9019949, 51.9662182 ], [ 85.9016864, 51.9659835 ], [ 85.9015067, 51.9659008 ], [ 85.901386, 51.9658629 ], [ 85.9012921, 51.9658348 ], [ 85.9011714, 51.9657852 ], [ 85.9010135, 51.9656442 ] ] ] } },
{ "type": "Feature", "properties": { "highway": "service", "surface": "asphalt", "ref": null, "name": null, "Класс": "Проезды" }, "geometry": { "type": "MultiLineString", "coordinates": [ [ [ 85.9023302, 51.9642664 ], [ 85.9029089, 51.9642907 ], [ 85.9029526, 51.9642663 ], [ 85.902931, 51.9635508 ], [ 85.9023377, 51.96357 ], [ 85.9023302, 51.9642664 ] ] ] } },
{ "type": "Feature", "properties": { "highway": "service", "surface": "asphalt", "ref": null, "name": null, "Класс": "Проезды" }, "geometry": { "type": "MultiLineString", "coordinates": [ [ [ 85.9011553, 51.9635767 ], [ 85.9023377, 51.96357 ] ] ] } },
{ "type": "Feature", "properties": { "highway": "residential", "surface": "asphalt", "ref": null, "name": null, "Класс": "Прочие" }, "geometry": { "type": "MultiLineString", "coordinates": [ [ [ 85.8996171, 51.965716 ], [ 85.8999296, 51.9657141 ], [ 85.90034, 51.9657075 ], [ 85.9007932, 51.9656695 ], [ 85.9010135, 51.9656442 ], [ 85.9012117, 51.9655604 ], [ 85.9012979, 51.9654655 ], [ 85.9013795, 51.9651979 ], [ 85.9014471, 51.9650777 ], [ 85.9015584, 51.9649882 ], [ 85.9017271, 51.964887 ], [ 85.9019954, 51.9647931 ], [ 85.9021918, 51.9647668 ], [ 85.9024386, 51.9647556 ], [ 85.9028956, 51.9647709 ], [ 85.9033028, 51.9647664 ], [ 85.9034702, 51.9647732 ], [ 85.9041838, 51.9648577 ], [ 85.9046045, 51.964853 ], [ 85.9047437, 51.9648395 ], [ 85.9051924, 51.9647963 ], [ 85.9052719, 51.964788 ], [ 85.9056447, 51.964742 ], [ 85.9062432, 51.9646145 ], [ 85.9066523, 51.9645073 ] ] ] } },
{ "type": "Feature", "properties": { "highway": "service", "surface": "asphalt", "ref": null, "name": null, "Класс": "Проезды" }, "geometry": { "type": "MultiLineString", "coordinates": [ [ [ 85.9017271, 51.964887 ], [ 85.9017808, 51.9648124 ], [ 85.9018998, 51.9645474 ], [ 85.9020016, 51.9643631 ], [ 85.9021077, 51.9643042 ], [ 85.9023302, 51.9642664 ] ] ] } },
{ "type": "Feature", "properties": { "highway": "service", "surface": null, "ref": null, "name": null, "Класс": "Проезды" }, "geometry": { "type": "MultiLineString", "coordinates": [ [ [ 85.9151909, 51.962063 ], [ 85.9151028, 51.9621257 ], [ 85.91493, 51.9622423 ], [ 85.9147635, 51.9623563 ], [ 85.914647, 51.9624361 ], [ 85.914541, 51.9624904 ], [ 85.9140086, 51.9628162 ], [ 85.9139195, 51.9628907 ], [ 85.9138469, 51.9629513 ], [ 85.9135535, 51.9631442 ], [ 85.9132667, 51.963275 ], [ 85.9130935, 51.9633357 ], [ 85.9120691, 51.9633388 ] ] ] } },
{ "type": "Feature", "properties": { "highway": "service", "surface": null, "ref": null, "name": null, "Класс": "Проезды" }, "geometry": { "type": "MultiLineString", "coordinates": [ [ [ 85.9104037, 51.9639203 ], [ 85.9106818, 51.9640983 ], [ 85.9107665, 51.9641526 ], [ 85.9110422, 51.9643291 ], [ 85.9118859, 51.9643067 ], [ 85.91196, 51.964306 ], [ 85.912087, 51.9643051 ], [ 85.9123234, 51.9643032 ], [ 85.9132025, 51.9643047 ], [ 85.9132073, 51.9644198 ], [ 85.9138013, 51.9644007 ], [ 85.914158, 51.964409 ], [ 85.9141607, 51.9642966 ], [ 85.9138776, 51.9642931 ], [ 85.9138013, 51.9644007 ] ] ] } },
{ "type": "Feature", "properties": { "highway": "unclassified", "surface": "asphalt", "ref": null, "name": null, "Класс": "Прочие" }, "geometry": { "type": "MultiLineString", "coordinates": [ [ [ 85.916702, 51.9586908 ], [ 85.9169363, 51.9588435 ], [ 85.9172046, 51.9591121 ], [ 85.9173999, 51.9592928 ], [ 85.9175135, 51.9593979 ], [ 85.9177448, 51.9597313 ], [ 85.9179936, 51.9599417 ], [ 85.9182752, 51.9601089 ] ] ] } },
{ "type": "Feature", "properties": { "highway": "service", "surface": null, "ref": null, "name": null, "Класс": "Проезды" }, "geometry": { "type": "MultiLineString", "coordinates": [ [ [ 85.8994318, 51.967548 ], [ 85.8987307, 51.9681734 ], [ 85.8990296, 51.9683124 ] ] ] } },
{ "type": "Feature", "properties": { "highway": "unclassified", "surface": null, "ref": null, "name": null, "Класс": "Прочие" }, "geometry": { "type": "MultiLineString", "coordinates": [ [ [ 85.9183168, 51.9601355 ], [ 85.9184771, 51.9602288 ], [ 85.9182115, 51.9603925 ], [ 85.9179373, 51.960573 ], [ 85.9173532, 51.9602619 ], [ 85.9172271, 51.9602123 ], [ 85.9170045, 51.9601809 ], [ 85.9168597, 51.9601297 ], [ 85.9167873, 51.9600586 ], [ 85.9168141, 51.9599545 ], [ 85.9169428, 51.9598487 ], [ 85.9171997, 51.9596656 ], [ 85.9174276, 51.9595037 ], [ 85.9175135, 51.9593979 ] ] ] } },
{ "type": "Feature", "properties": { "highway": "unclassified", "surface": null, "ref": null, "name": null, "Класс": "Прочие" }, "geometry": { "type": "MultiLineString", "coordinates": [ [ [ 85.9182752, 51.9601089 ], [ 85.9183168, 51.9601355 ] ] ] } },
{ "type": "Feature", "properties": { "highway": "primary", "surface": "asphalt", "ref": "Р-256", "name": "Социалистическая улица", "Класс": "Главные" }, "geometry": { "type": "MultiLineString", "coordinates": [ [ [ 85.9684821, 51.9519928 ], [ 85.9688527, 51.9518504 ], [ 85.9689483, 51.9518138 ], [ 85.9690719, 51.9517708 ], [ 85.9706156, 51.9509355 ], [ 85.9707139, 51.9508832 ], [ 85.9711598, 51.9506195 ], [ 85.9714209, 51.9504224 ], [ 85.9719559, 51.950051 ], [ 85.9721248, 51.9499588 ], [ 85.9727701, 51.949678 ], [ 85.9730993, 51.949548 ], [ 85.9734128, 51.9493965 ], [ 85.9735229, 51.9493149 ], [ 85.973838, 51.9491024 ], [ 85.9741525, 51.948885 ], [ 85.9742993, 51.9487635 ], [ 85.9743905, 51.9486428 ], [ 85.9744416, 51.9485436 ], [ 85.9751021, 51.9470426 ], [ 85.9752089, 51.9467255 ], [ 85.9752422, 51.9466677 ], [ 85.9753327, 51.9464954 ], [ 85.9753716, 51.9464215 ], [ 85.9756007, 51.9458988 ], [ 85.9756041, 51.9457567 ], [ 85.9756029, 51.9454785 ], [ 85.9755787, 51.9453363 ], [ 85.9755278, 51.9452023 ], [ 85.9754634, 51.9450585 ], [ 85.9753627, 51.9448601 ], [ 85.9753328, 51.9448054 ], [ 85.9750798, 51.9444517 ], [ 85.975022, 51.9443434 ], [ 85.974986, 51.9441855 ], [ 85.9749719, 51.943898 ], [ 85.9749032, 51.9425659 ], [ 85.9749162, 51.9424197 ], [ 85.9749713, 51.9422311 ], [ 85.9750557, 51.942089 ], [ 85.9751903, 51.9419119 ], [ 85.9759521, 51.9411621 ] ] ] } },
{ "type": "Feature", "properties": { "highway": "tertiary", "surface": "asphalt", "ref": null, "name": "улица Ленина", "Класс": "Прочие" }, "geometry": { "type": "MultiLineString", "coordinates": [ [ [ 85.9684167, 51.951399 ], [ 85.9684173, 51.9513589 ], [ 85.9684399, 51.9509853 ], [ 85.9686112, 51.9498524 ] ] ] } },
{ "type": "Feature", "properties": { "highway": "residential", "surface": null, "ref": null, "name": null, "Класс": "Прочие" }, "geometry": { "type": "MultiLineString", "coordinates": [ [ [ 85.9859489, 51.9304083 ], [ 85.9857922, 51.9307269 ], [ 85.9856185, 51.9309568 ], [ 85.9855846, 51.9313303 ], [ 85.9853898, 51.931662 ], [ 85.9852346, 51.9319229 ], [ 85.9851408, 51.9321208 ], [ 85.9850948, 51.932498 ], [ 85.9850711, 51.9335298 ], [ 85.9849942, 51.9336138 ], [ 85.9847095, 51.933695 ], [ 85.9843039, 51.9337878 ], [ 85.9842083, 51.9338508 ], [ 85.9840947, 51.9341483 ] ] ] } },
{ "type": "Feature", "properties": { "highway": "residential", "surface": null, "ref": null, "name": "улица Долгих", "Класс": "Прочие" }, "geometry": { "type": "MultiLineString", "coordinates": [ [ [ 85.9803872, 51.9394851 ], [ 85.9807742, 51.9389175 ], [ 85.9811979, 51.9379783 ], [ 85.9820831, 51.9364999 ], [ 85.9823119, 51.9356035 ], [ 85.9825378, 51.9343474 ], [ 85.9825489, 51.9341098 ], [ 85.9827875, 51.9324324 ], [ 85.9829707, 51.9308522 ], [ 85.9830551, 51.9306773 ], [ 85.9831667, 51.9303313 ], [ 85.9832552, 51.9299683 ], [ 85.9834451, 51.9291149 ] ] ] } },
{ "type": "Feature", "properties": { "highway": "residential", "surface": "fine_gravel", "ref": null, "name": "Светлый переулок", "Класс": "Прочие" }, "geometry": { "type": "MultiLineString", "coordinates": [ [ [ 85.9904526, 51.9144379 ], [ 85.9895075, 51.9142941 ], [ 85.9889524, 51.9142656 ], [ 85.9885425, 51.914199 ], [ 85.9883648, 51.9141515 ], [ 85.9881734, 51.9141669 ], [ 85.987823, 51.9143319 ], [ 85.9876905, 51.9143687 ], [ 85.9875494, 51.9143666 ], [ 85.9873751, 51.9143087 ], [ 85.9872976, 51.914299 ] ] ] } },
{ "type": "Feature", "properties": { "highway": "residential", "surface": null, "ref": null, "name": "улица Шукшина", "Класс": "Прочие" }, "geometry": { "type": "MultiLineString", "coordinates": [ [ [ 85.9833386, 51.923474 ], [ 85.9829023, 51.9240514 ], [ 85.9827912, 51.9242379 ], [ 85.9827726, 51.9243918 ], [ 85.9828516, 51.9245303 ], [ 85.9831988, 51.9248716 ], [ 85.9832713, 51.9250352 ], [ 85.9833682, 51.9254724 ], [ 85.9835038, 51.9258277 ], [ 85.9833783, 51.9262574 ], [ 85.9832477, 51.9263538 ], [ 85.9829362, 51.9274028 ], [ 85.9826312, 51.9280193 ] ] ] } },
{ "type": "Feature", "properties": { "highway": "residential", "surface": null, "ref": null, "name": "Дорожная улица", "Класс": "Прочие" }, "geometry": { "type": "MultiLineString", "coordinates": [ [ [ 85.9858856, 51.9236603 ], [ 85.9856608, 51.9232168 ], [ 85.9854788, 51.9231296 ], [ 85.9853446, 51.9230171 ], [ 85.9852654, 51.9228916 ], [ 85.9853259, 51.9224018 ], [ 85.9853028, 51.9219496 ], [ 85.985169, 51.9215217 ], [ 85.9851128, 51.9211953 ], [ 85.9850913, 51.9209685 ], [ 85.985122, 51.9208236 ], [ 85.9852266, 51.9206904 ], [ 85.985413, 51.9205493 ] ] ] } },
{ "type": "Feature", "properties": { "highway": "residential", "surface": null, "ref": null, "name": null, "Класс": "Прочие" }, "geometry": { "type": "MultiLineString", "coordinates": [ [ [ 85.9830551, 51.9306773 ], [ 85.9831962, 51.9306521 ], [ 85.9834993, 51.9305132 ], [ 85.9837915, 51.9303115 ] ] ] } },
{ "type": "Feature", "properties": { "highway": "residential", "surface": null, "ref": null, "name": null, "Класс": "Прочие" }, "geometry": { "type": "MultiLineString", "coordinates": [ [ [ 85.9805068, 51.933786 ], [ 85.9815297, 51.9338972 ] ] ] } },
{ "type": "Feature", "properties": { "highway": "residential", "surface": null, "ref": null, "name": null, "Класс": "Прочие" }, "geometry": { "type": "MultiLineString", "coordinates": [ [ [ 85.9794612, 51.937 ], [ 85.98058, 51.9371616 ] ] ] } },
{ "type": "Feature", "properties": { "highway": "residential", "surface": null, "ref": null, "name": null, "Класс": "Прочие" }, "geometry": { "type": "MultiLineString", "coordinates": [ [ [ 85.9859775, 51.9274137 ], [ 85.9855178, 51.9273116 ] ] ] } },
{ "type": "Feature", "properties": { "highway": "residential", "surface": null, "ref": null, "name": null, "Класс": "Прочие" }, "geometry": { "type": "MultiLineString", "coordinates": [ [ [ 85.9891343, 51.9297945 ], [ 85.9894752, 51.9302387 ], [ 85.9896596, 51.9305833 ] ] ] } },
{ "type": "Feature", "properties": { "highway": "residential", "surface": null, "ref": null, "name": null, "Класс": "Прочие" }, "geometry": { "type": "MultiLineString", "coordinates": [ [ [ 85.987394, 51.9304664 ], [ 85.9874797, 51.9302188 ], [ 85.9875501, 51.9297474 ] ] ] } },
{ "type": "Feature", "properties": { "highway": "residential", "surface": null, "ref": null, "name": null, "Класс": "Прочие" }, "geometry": { "type": "MultiLineString", "coordinates": [ [ [ 85.9849897, 51.9242659 ], [ 85.9841967, 51.9241486 ], [ 85.9837318, 51.9240508 ] ] ] } },
{ "type": "Feature", "properties": { "highway": "residential", "surface": null, "ref": null, "name": null, "Класс": "Прочие" }, "geometry": { "type": "MultiLineString", "coordinates": [ [ [ 85.9818772, 51.9294611 ], [ 85.9823878, 51.9296059 ] ] ] } },
{ "type": "Feature", "properties": { "highway": "residential", "surface": "fine_gravel", "ref": null, "name": null, "Класс": "Прочие" }, "geometry": { "type": "MultiLineString", "coordinates": [ [ [ 85.9825378, 51.9343474 ], [ 85.9837246, 51.9344559 ] ] ] } },
{ "type": "Feature", "properties": { "highway": "residential", "surface": null, "ref": null, "name": null, "Класс": "Прочие" }, "geometry": { "type": "MultiLineString", "coordinates": [ [ [ 85.9817895, 51.9307969 ], [ 85.9829707, 51.9308522 ] ] ] } },
{ "type": "Feature", "properties": { "highway": "residential", "surface": null, "ref": null, "name": "Шелковичная улица", "Класс": "Прочие" }, "geometry": { "type": "MultiLineString", "coordinates": [ [ [ 85.9802153, 51.9381989 ], [ 85.9803443, 51.9378679 ], [ 85.98058, 51.9371616 ], [ 85.9810493, 51.9362311 ], [ 85.9812177, 51.935696 ], [ 85.981538, 51.9340044 ], [ 85.9815297, 51.9338972 ], [ 85.9816871, 51.9325284 ], [ 85.9816968, 51.9324019 ], [ 85.9817288, 51.9309729 ], [ 85.9817895, 51.9307969 ], [ 85.9818416, 51.9304717 ], [ 85.9819007, 51.9302519 ], [ 85.982011, 51.9300705 ], [ 85.9823878, 51.9296059 ], [ 85.9827724, 51.9290759 ], [ 85.9829253, 51.9289616 ], [ 85.9836482, 51.928347 ], [ 85.9839742, 51.9281218 ], [ 85.9842291, 51.9276086 ], [ 85.984495, 51.9269274 ], [ 85.9846475, 51.9263397 ], [ 85.9848211, 51.9255639 ], [ 85.9849394, 51.9247325 ], [ 85.9849897, 51.9242659 ], [ 85.9857409, 51.9242783 ] ] ] } },
{ "type": "Feature", "properties": { "highway": "residential", "surface": null, "ref": null, "name": "Алагызова улица", "Класс": "Прочие" }, "geometry": { "type": "MultiLineString", "coordinates": [ [ [ 85.9783414, 51.940048 ], [ 85.9781347, 51.9396903 ], [ 85.9781112, 51.939322 ], [ 85.9776368, 51.9393761 ], [ 85.9774728, 51.9392859 ], [ 85.9775607, 51.9391486 ], [ 85.9780058, 51.9387117 ], [ 85.9782743, 51.9383817 ], [ 85.9785144, 51.9379742 ], [ 85.9786094, 51.937747 ], [ 85.9789045, 51.9369509 ], [ 85.9791809, 51.936103 ], [ 85.9792429, 51.9359213 ], [ 85.9793258, 51.9356102 ], [ 85.979417, 51.9353969 ], [ 85.9796476, 51.9349256 ], [ 85.9797976, 51.9347617 ], [ 85.9798801, 51.9346708 ], [ 85.9801086, 51.9343422 ], [ 85.9803546, 51.9340497 ], [ 85.9805068, 51.933786 ], [ 85.9807939, 51.9334466 ], [ 85.9807411, 51.9329843 ], [ 85.9807001, 51.9324426 ], [ 85.9805771, 51.9323053 ], [ 85.9804776, 51.9316733 ], [ 85.98064, 51.930973 ], [ 85.9807119, 51.9309185 ] ] ] } },
{ "type": "Feature", "properties": { "highway": "residential", "surface": null, "ref": null, "name": null, "Класс": "Прочие" }, "geometry": { "type": "MultiLineString", "coordinates": [ [ [ 85.9864916, 51.930477 ], [ 85.9864276, 51.930915 ] ] ] } },
{ "type": "Feature", "properties": { "highway": "residential", "surface": null, "ref": null, "name": null, "Класс": "Прочие" }, "geometry": { "type": "MultiLineString", "coordinates": [ [ [ 85.9835038, 51.9258277 ], [ 85.9836602, 51.9257051 ], [ 85.983737, 51.925569 ], [ 85.9838185, 51.9253858 ], [ 85.9838845, 51.9250963 ] ] ] } },
{ "type": "Feature", "properties": { "highway": "residential", "surface": null, "ref": null, "name": "улица В.К.Плакаса", "Класс": "Прочие" }, "geometry": { "type": "MultiLineString", "coordinates": [ [ [ 85.9873048, 51.9201323 ], [ 85.9865759, 51.9199684 ], [ 85.9853757, 51.9197098 ] ] ] } },
{ "type": "Feature", "properties": { "highway": "residential", "surface": null, "ref": null, "name": null, "Класс": "Прочие" }, "geometry": { "type": "MultiLineString", "coordinates": [ [ [ 85.9829362, 51.9274028 ], [ 85.9837036, 51.9274983 ], [ 85.9842291, 51.9276086 ] ] ] } },
{ "type": "Feature", "properties": { "highway": "residential", "surface": null, "ref": null, "name": null, "Класс": "Прочие" }, "geometry": { "type": "MultiLineString", "coordinates": [ [ [ 85.9817288, 51.9309729 ], [ 85.9814366, 51.9309369 ], [ 85.9807119, 51.9309185 ] ] ] } },
{ "type": "Feature", "properties": { "highway": "residential", "surface": null, "ref": null, "name": "Холмистая улица", "Класс": "Прочие" }, "geometry": { "type": "MultiLineString", "coordinates": [ [ [ 85.991121, 51.9307766 ], [ 85.9907101, 51.9302594 ], [ 85.9902783, 51.9299354 ], [ 85.990011, 51.9297672 ], [ 85.9898182, 51.9297369 ], [ 85.9891343, 51.9297945 ], [ 85.9885159, 51.9297997 ], [ 85.9875501, 51.9297474 ], [ 85.9867791, 51.929678 ] ] ] } },
{ "type": "Feature", "properties": { "highway": "residential", "surface": null, "ref": null, "name": null, "Класс": "Прочие" }, "geometry": { "type": "MultiLineString", "coordinates": [ [ [ 85.981538, 51.9340044 ], [ 85.9820593, 51.9340328 ], [ 85.9825489, 51.9341098 ] ] ] } },
{ "type": "Feature", "properties": { "highway": "residential", "surface": null, "ref": null, "name": "Чойский переулок", "Класс": "Прочие" }, "geometry": { "type": "MultiLineString", "coordinates": [ [ [ 85.9864276, 51.930915 ], [ 85.9863132, 51.9314661 ], [ 85.98622, 51.9317795 ], [ 85.9862234, 51.9318783 ], [ 85.986202, 51.9322537 ] ] ] } },
{ "type": "Feature", "properties": { "highway": "residential", "surface": null, "ref": null, "name": null, "Класс": "Прочие" }, "geometry": { "type": "MultiLineString", "coordinates": [ [ [ 85.9811979, 51.9379783 ], [ 85.9810263, 51.9379336 ], [ 85.9803443, 51.9378679 ], [ 85.9791705, 51.9377653 ], [ 85.9786094, 51.937747 ] ] ] } },
{ "type": "Feature", "properties": { "highway": "residential", "surface": null, "ref": null, "name": null, "Класс": "Прочие" }, "geometry": { "type": "MultiLineString", "coordinates": [ [ [ 85.9829253, 51.9289616 ], [ 85.9834451, 51.9291149 ], [ 85.9840881, 51.929381 ], [ 85.9844985, 51.9295251 ], [ 85.9846649, 51.9296646 ] ] ] } },
{ "type": "Feature", "properties": { "highway": "residential", "surface": null, "ref": null, "name": null, "Класс": "Прочие" }, "geometry": { "type": "MultiLineString", "coordinates": [ [ [ 85.9875309, 51.9197708 ], [ 85.9872254, 51.9196921 ], [ 85.9871128, 51.9196138 ], [ 85.9871046, 51.9195274 ], [ 85.9871203, 51.9194374 ], [ 85.9870237, 51.919391 ], [ 85.9859604, 51.919131 ] ] ] } },
{ "type": "Feature", "properties": { "highway": "residential", "surface": null, "ref": null, "name": null, "Класс": "Прочие" }, "geometry": { "type": "MultiLineString", "coordinates": [ [ [ 85.9791705, 51.9377653 ], [ 85.9794612, 51.937 ], [ 85.979704, 51.9364718 ], [ 85.9799081, 51.9359899 ], [ 85.9802055, 51.9352232 ], [ 85.9802504, 51.9349883 ], [ 85.9802002, 51.9349338 ], [ 85.9797976, 51.9347617 ] ] ] } },
{ "type": "Feature", "properties": { "highway": "residential", "surface": null, "ref": null, "name": "Медовая улица", "Класс": "Прочие" }, "geometry": { "type": "MultiLineString", "coordinates": [ [ [ 85.9904095, 51.9145192 ], [ 85.9919628, 51.9146351 ], [ 85.9936415, 51.9148996 ], [ 85.995063, 51.9151717 ], [ 85.9956658, 51.9152981 ], [ 85.9965134, 51.9154255 ], [ 85.9980774, 51.9155874 ], [ 85.9988027, 51.9156705 ], [ 85.9990876, 51.9157627 ], [ 85.9993678, 51.915852 ] ] ] } },
{ "type": "Feature", "properties": { "highway": "residential", "surface": null, "ref": null, "name": null, "Класс": "Прочие" }, "geometry": { "type": "MultiLineString", "coordinates": [ [ [ 85.9792429, 51.9359213 ], [ 85.9799081, 51.9359899 ], [ 85.9810493, 51.9362311 ], [ 85.9820831, 51.9364999 ], [ 85.9832868, 51.9368124 ] ] ] } },
{ "type": "Feature", "properties": { "highway": "residential", "surface": null, "ref": null, "name": null, "Класс": "Прочие" }, "geometry": { "type": "MultiLineString", "coordinates": [ [ [ 85.9936415, 51.9148996 ], [ 85.994438, 51.9146502 ], [ 85.9948669, 51.9146199 ], [ 85.9963006, 51.9148316 ], [ 85.9989719, 51.9149903 ] ] ] } },
{ "type": "Feature", "properties": { "highway": "residential", "surface": null, "ref": null, "name": "Чойский переулок", "Класс": "Прочие" }, "geometry": { "type": "MultiLineString", "coordinates": [ [ [ 85.9816968, 51.9324019 ], [ 85.9827875, 51.9324324 ], [ 85.9839177, 51.932478 ], [ 85.9850948, 51.932498 ], [ 85.9855619, 51.9324829 ], [ 85.9858457, 51.9324225 ], [ 85.9860608, 51.9323192 ], [ 85.986202, 51.9322537 ] ] ] } },
{ "type": "Feature", "properties": { "highway": "residential", "surface": null, "ref": null, "name": null, "Класс": "Прочие" }, "geometry": { "type": "MultiLineString", "coordinates": [ [ [ 85.9851128, 51.9211953 ], [ 85.9859528, 51.9212903 ], [ 85.9862437, 51.9213084 ], [ 85.9863505, 51.9212339 ], [ 85.9864765, 51.9211826 ], [ 85.986652, 51.921183 ], [ 85.9868701, 51.9212286 ], [ 85.9871895, 51.9214129 ] ] ] } },
{ "type": "Feature", "properties": { "highway": "residential", "surface": null, "ref": null, "name": "Уральская улица", "Класс": "Прочие" }, "geometry": { "type": "MultiLineString", "coordinates": [ [ [ 85.9967008, 51.9169101 ], [ 85.9972872, 51.9171613 ], [ 85.997701, 51.9173879 ], [ 85.9980807, 51.9177715 ], [ 85.9982433, 51.9180778 ], [ 85.9986046, 51.9190094 ] ] ] } },
{ "type": "Feature", "properties": { "highway": "residential", "surface": null, "ref": null, "name": "улица Шишкова", "Класс": "Прочие" }, "geometry": { "type": "MultiLineString", "coordinates": [ [ [ 85.9832175, 51.9369384 ], [ 85.9839693, 51.9370227 ], [ 85.9841462, 51.93703 ], [ 85.9844032, 51.9365412 ], [ 85.9846312, 51.9361559 ], [ 85.984732, 51.9358615 ], [ 85.9848425, 51.9350577 ], [ 85.9849477, 51.9342856 ], [ 85.9849331, 51.9341828 ], [ 85.9848618, 51.9341615 ], [ 85.9840947, 51.9341483 ], [ 85.9837675, 51.9341549 ] ] ] } },
{ "type": "Feature", "properties": { "highway": "residential", "surface": null, "ref": null, "name": null, "Класс": "Прочие" }, "geometry": { "type": "MultiLineString", "coordinates": [ [ [ 85.9841761, 51.9201313 ], [ 85.9839445, 51.9209494 ], [ 85.9837503, 51.9219348 ], [ 85.9843652, 51.9219589 ], [ 85.9850281, 51.9219717 ], [ 85.9853028, 51.9219496 ], [ 85.9857497, 51.921841 ], [ 85.9859057, 51.9217354 ], [ 85.9861924, 51.9214585 ], [ 85.9862437, 51.9213084 ] ] ] } },
{ "type": "Feature", "properties": { "highway": "residential", "surface": null, "ref": null, "name": null, "Класс": "Прочие" }, "geometry": { "type": "MultiLineString", "coordinates": [ [ [ 85.9869188, 51.9261458 ], [ 85.9868965, 51.9261908 ], [ 85.9868553, 51.9262371 ], [ 85.9866995, 51.9263996 ], [ 85.9865972, 51.9264362 ], [ 85.9864299, 51.9264624 ], [ 85.986203, 51.9264808 ], [ 85.9857654, 51.9264333 ], [ 85.9856386, 51.926429 ], [ 85.9846475, 51.9263397 ], [ 85.9833783, 51.9262574 ] ] ] } },
{ "type": "Feature", "properties": { "highway": "residential", "surface": null, "ref": null, "name": "Светлая улица", "Класс": "Прочие" }, "geometry": { "type": "MultiLineString", "coordinates": [ [ [ 85.9890213, 51.9176926 ], [ 85.9891775, 51.9171924 ], [ 85.9892067, 51.917029 ], [ 85.9891266, 51.9168119 ], [ 85.9888262, 51.9162145 ], [ 85.988145, 51.9152617 ], [ 85.9877721, 51.9149147 ], [ 85.9881734, 51.9141669 ], [ 85.9882266, 51.9140555 ], [ 85.9882006, 51.9139219 ], [ 85.9883671, 51.9134835 ] ] ] } },
{ "type": "Feature", "properties": { "highway": "residential", "surface": null, "ref": null, "name": "переулок Шукшина", "Класс": "Прочие" }, "geometry": { "type": "MultiLineString", "coordinates": [ [ [ 85.9806149, 51.9304746 ], [ 85.9807801, 51.9300724 ], [ 85.9808309, 51.9294977 ], [ 85.9809749, 51.9290667 ], [ 85.9813604, 51.9286697 ], [ 85.9816315, 51.9282962 ], [ 85.9820765, 51.9279615 ], [ 85.9821514, 51.9279411 ], [ 85.9822599, 51.9279521 ], [ 85.9826312, 51.9280193 ] ] ] } },
{ "type": "Feature", "properties": { "highway": "residential", "surface": null, "ref": null, "name": "Бочкарёвка улица", "Класс": "Прочие" }, "geometry": { "type": "MultiLineString", "coordinates": [ [ [ 85.9899757, 51.9153246 ], [ 85.9915618, 51.9155514 ], [ 85.9926111, 51.9160273 ], [ 85.993111, 51.9163386 ], [ 85.9935091, 51.916515 ], [ 85.9943075, 51.9166092 ], [ 85.994959, 51.9168061 ], [ 85.9953325, 51.9168421 ], [ 85.9967008, 51.9169101 ], [ 85.9974404, 51.9168674 ], [ 85.9985675, 51.9168119 ], [ 85.9999958, 51.9167496 ] ] ] } },
{ "type": "Feature", "properties": { "highway": "residential", "surface": null, "ref": null, "name": "улица В.К.Плакаса", "Класс": "Прочие" }, "geometry": { "type": "MultiLineString", "coordinates": [ [ [ 85.9885099, 51.9196927 ], [ 85.9882683, 51.9196316 ], [ 85.9880859, 51.9197517 ], [ 85.9879594, 51.9197858 ], [ 85.9875309, 51.9197708 ], [ 85.9873048, 51.9201323 ], [ 85.9871578, 51.9204647 ], [ 85.9869459, 51.9208385 ], [ 85.9868958, 51.9208528 ], [ 85.9867248, 51.9208622 ], [ 85.9857688, 51.9206382 ], [ 85.985413, 51.9205493 ] ] ] } },
{ "type": "Feature", "properties": { "highway": "service", "surface": null, "ref": null, "name": null, "Класс": "Проезды" }, "geometry": { "type": "MultiLineString", "coordinates": [ [ [ 85.9012727, 51.9723039 ], [ 85.9011706, 51.972281 ], [ 85.9005945, 51.9721794 ], [ 85.9000183, 51.9719934 ], [ 85.8992957, 51.9716717 ], [ 85.8990765, 51.9715797 ] ] ] } },
{ "type": "Feature", "properties": { "highway": "residential", "surface": null, "ref": null, "name": null, "Класс": "Прочие" }, "geometry": { "type": "MultiLineString", "coordinates": [ [ [ 85.9184276, 51.9639005 ], [ 85.9183205, 51.9636975 ], [ 85.9181224, 51.9634646 ] ] ] } },
{ "type": "Feature", "properties": { "highway": "service", "surface": null, "ref": null, "name": null, "Класс": "Проезды" }, "geometry": { "type": "MultiLineString", "coordinates": [ [ [ 85.9120691, 51.9633388 ], [ 85.9120687, 51.9630916 ], [ 85.9132184, 51.9630906 ], [ 85.9135535, 51.9631442 ] ] ] } },
{ "type": "Feature", "properties": { "highway": "unclassified", "surface": "asphalt", "ref": null, "name": null, "Класс": "Прочие" }, "geometry": { "type": "MultiLineString", "coordinates": [ [ [ 85.9120348, 51.9612289 ], [ 85.9120938, 51.9610008 ], [ 85.9130111, 51.9602736 ], [ 85.9136226, 51.9600786 ], [ 85.9148881, 51.9598739 ], [ 85.9149745, 51.9598592 ], [ 85.9154853, 51.9599006 ] ] ] } },
{ "type": "Feature", "properties": { "highway": "unclassified", "surface": "asphalt", "ref": null, "name": "Гончарный переулок", "Класс": "Прочие" }, "geometry": { "type": "MultiLineString", "coordinates": [ [ [ 85.9148881, 51.9598739 ], [ 85.9144434, 51.9593216 ], [ 85.9140411, 51.9585877 ], [ 85.9143429, 51.9584678 ], [ 85.9156944, 51.9579455 ] ] ] } },
{ "type": "Feature", "properties": { "highway": "service", "surface": null, "ref": null, "name": null, "Класс": "Проезды" }, "geometry": { "type": "MultiLineString", "coordinates": [ [ [ 85.9156702, 51.9538316 ], [ 85.9157078, 51.9539772 ], [ 85.9161061, 51.9543759 ], [ 85.9165361, 51.9548645 ] ] ] } },
{ "type": "Feature", "properties": { "highway": "service", "surface": null, "ref": null, "name": null, "Класс": "Проезды" }, "geometry": { "type": "MultiLineString", "coordinates": [ [ [ 85.9134141, 51.9692851 ], [ 85.9131846, 51.9692976 ], [ 85.9131237, 51.9693049 ], [ 85.9130612, 51.9693143 ], [ 85.9128737, 51.9693569 ], [ 85.9128244, 51.9693627 ], [ 85.9127858, 51.9693632 ], [ 85.9127339, 51.969364 ], [ 85.912681, 51.9693611 ], [ 85.9126202, 51.969358 ], [ 85.9125493, 51.9693663 ], [ 85.9118209, 51.9695242 ] ] ] } },
{ "type": "Feature", "properties": { "highway": "track", "surface": null, "ref": null, "name": null, "Класс": "Прочие" }, "geometry": { "type": "MultiLineString", "coordinates": [ [ [ 85.915258, 51.9685056 ], [ 85.9154454, 51.9686893 ], [ 85.916047, 51.96933 ], [ 85.9160739, 51.9695911 ], [ 85.9156072, 51.9701661 ], [ 85.915515, 51.9703265 ] ] ] } },
{ "type": "Feature", "properties": { "highway": "residential", "surface": null, "ref": null, "name": "Садовый переулок", "Класс": "Прочие" }, "geometry": { "type": "MultiLineString", "coordinates": [ [ [ 85.8896699, 51.9639923 ], [ 85.8898598, 51.9640535 ], [ 85.8900484, 51.9640433 ], [ 85.8903274, 51.9639888 ], [ 85.8905309, 51.9640039 ], [ 85.8910006, 51.9641639 ], [ 85.8912957, 51.9642086 ], [ 85.8919654, 51.9644601 ], [ 85.8922054, 51.9646512 ], [ 85.8925545, 51.9650214 ], [ 85.8928736, 51.9652474 ], [ 85.8932796, 51.9655432 ], [ 85.8938463, 51.9660568 ] ] ] } },
{ "type": "Feature", "properties": { "highway": "residential", "surface": "asphalt", "ref": null, "name": "улица Ушакова", "Класс": "Прочие" }, "geometry": { "type": "MultiLineString", "coordinates": [ [ [ 85.9035474, 51.9629803 ], [ 85.9031563, 51.9628816 ], [ 85.9026053, 51.9624765 ], [ 85.9022391, 51.9623923 ], [ 85.902113, 51.9623906 ], [ 85.9019789, 51.9624138 ], [ 85.9017589, 51.9625335 ], [ 85.9007853, 51.9629112 ], [ 85.9005993, 51.9630271 ], [ 85.9004822, 51.9631145 ], [ 85.9003752, 51.9633389 ], [ 85.8998401, 51.9636635 ], [ 85.8988466, 51.964264 ], [ 85.8987381, 51.964361 ] ] ] } },
{ "type": "Feature", "properties": { "highway": "service", "surface": null, "ref": null, "name": null, "Класс": "Проезды" }, "geometry": { "type": "MultiLineString", "coordinates": [ [ [ 85.8916923, 51.9651327 ], [ 85.8922827, 51.9655522 ], [ 85.8932325, 51.9663331 ] ] ] } },
{ "type": "Feature", "properties": { "highway": "service", "surface": null, "ref": null, "name": "Белый переулок", "Класс": "Проезды" }, "geometry": { "type": "MultiLineString", "coordinates": [ [ [ 85.9077223, 51.9607765 ], [ 85.9076866, 51.9608695 ], [ 85.9075778, 51.9610127 ], [ 85.9072918, 51.9612595 ] ] ] } },
{ "type": "Feature", "properties": { "highway": "residential", "surface": null, "ref": null, "name": null, "Класс": "Прочие" }, "geometry": { "type": "MultiLineString", "coordinates": [ [ [ 85.9078394, 51.961675 ], [ 85.9076154, 51.9618077 ], [ 85.9076055, 51.9619462 ], [ 85.907604, 51.9619677 ], [ 85.9076196, 51.9620434 ], [ 85.9076571, 51.9621014 ], [ 85.9077988, 51.9622102 ] ] ] } },
{ "type": "Feature", "properties": { "highway": "service", "surface": null, "ref": null, "name": null, "Класс": "Проезды" }, "geometry": { "type": "MultiLineString", "coordinates": [ [ [ 85.8901259, 51.9651723 ], [ 85.8917964, 51.9659837 ], [ 85.8927548, 51.9666132 ] ] ] } },
{ "type": "Feature", "properties": { "highway": "residential", "surface": null, "ref": null, "name": "Коксинская улица", "Класс": "Прочие" }, "geometry": { "type": "MultiLineString", "coordinates": [ [ [ 85.9031369, 51.9602019 ], [ 85.9033251, 51.9600156 ], [ 85.9036425, 51.9599397 ], [ 85.903725, 51.9599397 ], [ 85.9045529, 51.9599286 ], [ 85.9049615, 51.9599231 ], [ 85.9050527, 51.9599693 ], [ 85.9051117, 51.9600371 ], [ 85.9051055, 51.9602224 ], [ 85.9051296, 51.9603546 ], [ 85.9050634, 51.960518 ], [ 85.9051189, 51.9605861 ], [ 85.9055209, 51.9608126 ], [ 85.9058304, 51.9610416 ], [ 85.9060907, 51.9614403 ], [ 85.9062352, 51.9615473 ], [ 85.9063486, 51.9616203 ] ] ] } },
{ "type": "Feature", "properties": { "highway": "service", "surface": null, "ref": null, "name": "переулок Строителей", "Класс": "Проезды" }, "geometry": { "type": "MultiLineString", "coordinates": [ [ [ 85.8871086, 51.9740464 ], [ 85.8872795, 51.9732942 ], [ 85.8875231, 51.9725893 ], [ 85.8876089, 51.9724151 ], [ 85.8877163, 51.9722854 ], [ 85.8879829, 51.9721576 ], [ 85.8882603, 51.9718142 ], [ 85.8883603, 51.9716812 ], [ 85.8884608, 51.9715518 ] ] ] } },
{ "type": "Feature", "properties": { "highway": "unclassified", "surface": null, "ref": null, "name": null, "Класс": "Прочие" }, "geometry": { "type": "MultiLineString", "coordinates": [ [ [ 85.9481784, 51.9728585 ], [ 85.9471913, 51.973298 ], [ 85.94673, 51.9735624 ], [ 85.9464779, 51.9737409 ], [ 85.9463867, 51.9739028 ], [ 85.9463116, 51.9741044 ], [ 85.9463116, 51.9742035 ], [ 85.9464028, 51.9744051 ], [ 85.9464993, 51.9745637 ], [ 85.9465147, 51.9746988 ], [ 85.9465261, 51.9747983 ], [ 85.9463813, 51.9749669 ], [ 85.9461077, 51.9750594 ], [ 85.9457483, 51.9751056 ], [ 85.9450402, 51.9751982 ], [ 85.9440961, 51.9753072 ], [ 85.94386, 51.9753997 ], [ 85.9437527, 51.9756112 ], [ 85.9437045, 51.9760111 ], [ 85.9435757, 51.976097 ], [ 85.9433665, 51.9761532 ], [ 85.9431197, 51.976206 ], [ 85.9427174, 51.9764241 ], [ 85.9422882, 51.9766653 ], [ 85.9421059, 51.9767546 ], [ 85.9419664, 51.976748 ], [ 85.9418913, 51.9766653 ], [ 85.9419235, 51.9765034 ], [ 85.9421863, 51.976206 ], [ 85.942476, 51.9759516 ], [ 85.9426155, 51.9759086 ], [ 85.942755, 51.9758392 ], [ 85.9427764, 51.9757137 ], [ 85.942771, 51.9756245 ], [ 85.9427389, 51.9754592 ], [ 85.9426745, 51.9749636 ], [ 85.9427227, 51.9746496 ], [ 85.942932, 51.9744513 ], [ 85.9432431, 51.9743523 ], [ 85.9433665, 51.9742597 ], [ 85.9434577, 51.9741903 ], [ 85.9434631, 51.9740515 ], [ 85.9433611, 51.9738598 ], [ 85.9433236, 51.9735723 ], [ 85.9433611, 51.9732518 ], [ 85.9431787, 51.9729742 ], [ 85.9429964, 51.9727032 ], [ 85.9429052, 51.9723926 ], [ 85.9429105, 51.9722207 ], [ 85.9430569, 51.9719919 ], [ 85.943175, 51.9717573 ], [ 85.9431763, 51.9714987 ], [ 85.9432179, 51.9712888 ], [ 85.9433417, 51.9709713 ], [ 85.9433906, 51.9708459 ] ] ] } },
{ "type": "Feature", "properties": { "highway": "service", "surface": null, "ref": null, "name": null, "Класс": "Проезды" }, "geometry": { "type": "MultiLineString", "coordinates": [ [ [ 85.9513515, 51.9753172 ], [ 85.9508153, 51.9756439 ], [ 85.9495154, 51.9761405 ], [ 85.9491091, 51.9762694 ], [ 85.9489724, 51.9763128 ], [ 85.9479506, 51.9770192 ], [ 85.9478947, 51.9770578 ], [ 85.9477613, 51.9771879 ], [ 85.9476972, 51.9772504 ], [ 85.9477602, 51.9773725 ], [ 85.9478618, 51.9775696 ], [ 85.94787, 51.9780612 ], [ 85.9479029, 51.9782476 ], [ 85.9479111, 51.9782943 ], [ 85.9480921, 51.9787453 ], [ 85.948888, 51.9789826 ] ] ] } },
{ "type": "Feature", "properties": { "highway": "service", "surface": null, "ref": null, "name": null, "Класс": "Проезды" }, "geometry": { "type": "MultiLineString", "coordinates": [ [ [ 85.9191695, 51.9659145 ], [ 85.9193665, 51.9663927 ], [ 85.9194535, 51.9666496 ], [ 85.9196573, 51.9669107 ], [ 85.9200436, 51.9670891 ], [ 85.9208313, 51.9676917 ], [ 85.9210405, 51.9678834 ], [ 85.9210888, 51.9682337 ] ] ] } },
{ "type": "Feature", "properties": { "highway": "service", "surface": null, "ref": null, "name": null, "Класс": "Проезды" }, "geometry": { "type": "MultiLineString", "coordinates": [ [ [ 85.9809949, 51.9743064 ], [ 85.9809429, 51.9741518 ], [ 85.9809351, 51.9729916 ], [ 85.9809225, 51.9728164 ], [ 85.9807096, 51.9725887 ], [ 85.9806559, 51.9722186 ], [ 85.9805596, 51.9721356 ], [ 85.9804092, 51.9720599 ], [ 85.9791578, 51.9718483 ], [ 85.9792021, 51.9717559 ], [ 85.9791311, 51.9714937 ], [ 85.977904, 51.9711544 ], [ 85.977854, 51.9711445 ], [ 85.9770081, 51.970976 ], [ 85.9757636, 51.9708967 ], [ 85.9745559, 51.9709227 ], [ 85.9742454, 51.9709396 ], [ 85.9739292, 51.9709195 ], [ 85.9733067, 51.970771 ], [ 85.9735858, 51.9698289 ], [ 85.9737667, 51.9693951 ] ] ] } },
{ "type": "Feature", "properties": { "highway": "residential", "surface": null, "ref": null, "name": null, "Класс": "Прочие" }, "geometry": { "type": "MultiLineString", "coordinates": [ [ [ 85.9804777, 51.9749515 ], [ 85.9798566, 51.9751861 ], [ 85.9771422, 51.9750836 ], [ 85.9767617, 51.9750731 ], [ 85.975042, 51.9750258 ], [ 85.9736583, 51.974984 ], [ 85.9722723, 51.9749312 ], [ 85.9721295, 51.9749258 ], [ 85.9689351, 51.97481 ], [ 85.9684658, 51.9747816 ], [ 85.9678928, 51.9747453 ] ] ] } },
{ "type": "Feature", "properties": { "highway": "residential", "surface": "asphalt", "ref": null, "name": null, "Класс": "Прочие" }, "geometry": { "type": "MultiLineString", "coordinates": [ [ [ 85.8829989, 51.9805464 ], [ 85.8826228, 51.9805459 ], [ 85.8823599, 51.9805674 ], [ 85.8821202, 51.9806062 ], [ 85.8816665, 51.9807374 ] ] ] } },
{ "type": "Feature", "properties": { "highway": "track", "surface": null, "ref": null, "name": null, "Класс": "Прочие" }, "geometry": { "type": "MultiLineString", "coordinates": [ [ [ 85.8843517, 51.966999 ], [ 85.8844097, 51.9666176 ], [ 85.8843709, 51.9661648 ], [ 85.8844324, 51.9658975 ], [ 85.8845789, 51.9656489 ], [ 85.884875, 51.9654007 ], [ 85.8852713, 51.9650066 ], [ 85.885952, 51.9638235 ], [ 85.8861173, 51.9634029 ], [ 85.8861977, 51.9629374 ], [ 85.8864453, 51.9613168 ], [ 85.8867601, 51.9605103 ] ] ] } },
{ "type": "Feature", "properties": { "highway": "service", "surface": null, "ref": null, "name": null, "Класс": "Проезды" }, "geometry": { "type": "MultiLineString", "coordinates": [ [ [ 85.8871842, 51.9671959 ], [ 85.8871463, 51.9673948 ], [ 85.8870349, 51.9675937 ], [ 85.8869385, 51.9676838 ], [ 85.886561, 51.9676633 ], [ 85.8860432, 51.9675959 ], [ 85.8858132, 51.9674989 ], [ 85.8856738, 51.9672444 ], [ 85.8857004, 51.9670567 ], [ 85.8856128, 51.9667731 ], [ 85.8855827, 51.9666342 ], [ 85.8855299, 51.9664629 ] ] ] } },
{ "type": "Feature", "properties": { "highway": "service", "surface": null, "ref": null, "name": null, "Класс": "Проезды" }, "geometry": { "type": "MultiLineString", "coordinates": [ [ [ 85.8975247, 51.9758346 ], [ 85.8972492, 51.975709 ], [ 85.8970038, 51.9755273 ], [ 85.896814, 51.9753938 ], [ 85.8965284, 51.9750819 ], [ 85.8963587, 51.9749203 ] ] ] } },
{ "type": "Feature", "properties": { "highway": "residential", "surface": null, "ref": null, "name": "улица Головачёва", "Класс": "Прочие" }, "geometry": { "type": "MultiLineString", "coordinates": [ [ [ 85.8959006, 51.9773675 ], [ 85.8947589, 51.9783776 ], [ 85.8945944, 51.9784275 ], [ 85.8944178, 51.9784438 ], [ 85.8940316, 51.9784405 ], [ 85.8938117, 51.9784108 ], [ 85.8935864, 51.978348 ], [ 85.8933368, 51.978172 ], [ 85.8930842, 51.9778448 ], [ 85.8929721, 51.9776426 ], [ 85.8927706, 51.9774998 ] ] ] } },
{ "type": "Feature", "properties": { "highway": "residential", "surface": null, "ref": null, "name": "Тихий переулок", "Класс": "Прочие" }, "geometry": { "type": "MultiLineString", "coordinates": [ [ [ 85.901023, 51.9730135 ], [ 85.8983962, 51.9721923 ] ] ] } },
{ "type": "Feature", "properties": { "highway": "residential", "surface": null, "ref": null, "name": "улица Чанчаева", "Класс": "Прочие" }, "geometry": { "type": "MultiLineString", "coordinates": [ [ [ 85.9140109, 51.9254587 ], [ 85.9141855, 51.9259946 ], [ 85.9143142, 51.9263751 ], [ 85.9144162, 51.9267852 ], [ 85.9145447, 51.9271789 ] ] ] } },
{ "type": "Feature", "properties": { "highway": "unclassified", "surface": null, "ref": null, "name": "Горно-Алтайская улица", "Класс": "Прочие" }, "geometry": { "type": "MultiLineString", "coordinates": [ [ [ 85.916182, 51.9293348 ], [ 85.9161861, 51.9292922 ], [ 85.9161419, 51.9291714 ], [ 85.9161245, 51.929124 ], [ 85.9160654, 51.9289421 ], [ 85.9160092, 51.9286757 ], [ 85.9160467, 51.9282507 ], [ 85.9161647, 51.9275031 ], [ 85.9162398, 51.9272318 ], [ 85.9160467, 51.9268613 ], [ 85.9158214, 51.9263916 ], [ 85.9155532, 51.9259549 ], [ 85.9153279, 51.9254653 ], [ 85.9152582, 51.9251973 ], [ 85.9152262, 51.9249161 ], [ 85.9152608, 51.9246197 ], [ 85.9153389, 51.9244497 ], [ 85.9155022, 51.9242294 ], [ 85.9155856, 51.9239965 ] ] ] } },
{ "type": "Feature", "properties": { "highway": "residential", "surface": null, "ref": null, "name": null, "Класс": "Прочие" }, "geometry": { "type": "MultiLineString", "coordinates": [ [ [ 85.9129434, 51.9249009 ], [ 85.9128501, 51.92573 ], [ 85.9129144, 51.9262063 ], [ 85.9129863, 51.9265815 ], [ 85.9130324, 51.9270664 ] ] ] } },
{ "type": "Feature", "properties": { "highway": "residential", "surface": null, "ref": null, "name": "Манжерокская улица", "Класс": "Прочие" }, "geometry": { "type": "MultiLineString", "coordinates": [ [ [ 85.9162398, 51.9272318 ], [ 85.916621, 51.927073 ], [ 85.9170769, 51.9268944 ], [ 85.9172457, 51.926856 ], [ 85.9173773, 51.9266893 ], [ 85.9173422, 51.9265914 ], [ 85.9171145, 51.9261402 ], [ 85.9169053, 51.9258326 ], [ 85.916736, 51.9254898 ], [ 85.9166287, 51.9252351 ], [ 85.9165674, 51.924883 ], [ 85.9165512, 51.9247242 ], [ 85.9165, 51.9246462 ], [ 85.9163849, 51.9245919 ], [ 85.9159236, 51.9246184 ], [ 85.9156471, 51.9246693 ], [ 85.9152262, 51.9249161 ] ] ] } },
{ "type": "Feature", "properties": { "highway": "residential", "surface": null, "ref": null, "name": "улица Ларкина", "Класс": "Прочие" }, "geometry": { "type": "MultiLineString", "coordinates": [ [ [ 85.9118523, 51.9272384 ], [ 85.9117739, 51.927124 ], [ 85.9116806, 51.9267455 ], [ 85.911613, 51.9263069 ], [ 85.9115916, 51.9260257 ], [ 85.9116967, 51.9258656 ], [ 85.9122972, 51.9254157 ], [ 85.9127586, 51.9250386 ], [ 85.9129434, 51.9249009 ], [ 85.9135013, 51.9247157 ], [ 85.9141372, 51.924496 ], [ 85.9149151, 51.9242214 ], [ 85.9155856, 51.9239965 ] ] ] } },
{ "type": "Feature", "properties": { "highway": "residential", "surface": null, "ref": null, "name": null, "Класс": "Прочие" }, "geometry": { "type": "MultiLineString", "coordinates": [ [ [ 85.9118523, 51.9272384 ], [ 85.9118466, 51.9274634 ], [ 85.911852, 51.9276553 ], [ 85.9115417, 51.9284401 ] ] ] } },
{ "type": "Feature", "properties": { "highway": "residential", "surface": null, "ref": null, "name": "Школьный переулок", "Класс": "Прочие" }, "geometry": { "type": "MultiLineString", "coordinates": [ [ [ 85.911852, 51.9276553 ], [ 85.912029, 51.9276685 ], [ 85.9124153, 51.9276486 ], [ 85.9131516, 51.9276128 ], [ 85.9138369, 51.9275825 ] ] ] } },
{ "type": "Feature", "properties": { "highway": "residential", "surface": null, "ref": null, "name": null, "Класс": "Прочие" }, "geometry": { "type": "MultiLineString", "coordinates": [ [ [ 85.9160467, 51.9268613 ], [ 85.9155317, 51.92704 ], [ 85.9151669, 51.9271061 ], [ 85.9145447, 51.9271789 ], [ 85.9142504, 51.9271977 ], [ 85.9138688, 51.9271524 ], [ 85.9132143, 51.9270598 ], [ 85.9130324, 51.9270664 ], [ 85.9125604, 51.9270929 ], [ 85.9118523, 51.9272384 ] ] ] } },
{ "type": "Feature", "properties": { "highway": "residential", "surface": null, "ref": null, "name": null, "Класс": "Прочие" }, "geometry": { "type": "MultiLineString", "coordinates": [ [ [ 85.9152582, 51.9251973 ], [ 85.9147914, 51.9252602 ], [ 85.9143086, 51.9253661 ], [ 85.9140109, 51.9254587 ], [ 85.9134289, 51.9256109 ], [ 85.9128501, 51.92573 ] ] ] } },
{ "type": "Feature", "properties": { "highway": "residential", "surface": null, "ref": null, "name": "Майминская улица", "Класс": "Прочие" }, "geometry": { "type": "MultiLineString", "coordinates": [ [ [ 85.9126486, 51.9499573 ], [ 85.9122692, 51.950188 ], [ 85.9120728, 51.9502222 ], [ 85.9117216, 51.9502835 ], [ 85.9116079, 51.9503119 ], [ 85.9112468, 51.9504021 ], [ 85.9110772, 51.9505102 ], [ 85.9109519, 51.950803 ], [ 85.9108731, 51.9510251 ], [ 85.9109003, 51.951244 ], [ 85.9109053, 51.9517177 ], [ 85.9110135, 51.9521359 ] ] ] } },
{ "type": "Feature", "properties": { "highway": "unclassified", "surface": null, "ref": null, "name": null, "Класс": "Прочие" }, "geometry": { "type": "MultiLineString", "coordinates": [ [ [ 85.9156492, 51.9296125 ], [ 85.9158937, 51.9294929 ], [ 85.9160844, 51.9294046 ], [ 85.916182, 51.9293348 ] ] ] } },
{ "type": "Feature", "properties": { "highway": "tertiary", "surface": "asphalt", "ref": null, "name": "Соловьиная улица", "Класс": "Прочие" }, "geometry": { "type": "MultiLineString", "coordinates": [ [ [ 85.9156492, 51.9296125 ], [ 85.9153607, 51.9297185 ], [ 85.9153202, 51.9297334 ], [ 85.915071, 51.9298365 ], [ 85.9148309, 51.9299117 ], [ 85.9145994, 51.9299446 ], [ 85.9134374, 51.9299641 ], [ 85.9124557, 51.930019 ], [ 85.9123537, 51.9300898 ], [ 85.9122722, 51.9301805 ], [ 85.9122545, 51.9305628 ], [ 85.912138, 51.9307842 ], [ 85.912005, 51.9308886 ], [ 85.9117247, 51.9310029 ], [ 85.9111651, 51.9311269 ], [ 85.9106808, 51.9312954 ], [ 85.9105754, 51.9314261 ], [ 85.9105819, 51.9316769 ], [ 85.9107146, 51.9325279 ], [ 85.9107841, 51.9328294 ], [ 85.9109104, 51.9340499 ], [ 85.910778, 51.9343465 ], [ 85.9102916, 51.934928 ] ] ] } },
{ "type": "Feature", "properties": { "highway": "residential", "surface": null, "ref": null, "name": "улица Белинского", "Класс": "Прочие" }, "geometry": { "type": "MultiLineString", "coordinates": [ [ [ 85.9670905, 51.9405271 ], [ 85.9659211, 51.9403188 ], [ 85.9652774, 51.940246 ], [ 85.9648268, 51.9401402 ], [ 85.9644673, 51.9399848 ], [ 85.9640787, 51.9397973 ], [ 85.9639661, 51.9396264 ], [ 85.9639041, 51.9394029 ], [ 85.9640081, 51.9391944 ], [ 85.9642544, 51.9387522 ], [ 85.9643015, 51.9384841 ], [ 85.9642838, 51.938271 ], [ 85.9643702, 51.938086 ], [ 85.964636, 51.9378091 ], [ 85.9648611, 51.9374199 ], [ 85.9652039, 51.9367775 ], [ 85.9658028, 51.9354889 ], [ 85.9658799, 51.935387 ], [ 85.9658316, 51.9350943 ], [ 85.9657945, 51.9348124 ], [ 85.9660215, 51.9343635 ], [ 85.9661634, 51.9340814 ], [ 85.966673, 51.9333832 ], [ 85.9671968, 51.9327896 ], [ 85.9675366, 51.9321873 ], [ 85.9675969, 51.9316058 ] ] ] } },
{ "type": "Feature", "properties": { "highway": "residential", "surface": null, "ref": null, "name": "улица Некрасова", "Класс": "Прочие" }, "geometry": { "type": "MultiLineString", "coordinates": [ [ [ 85.9650187, 51.9345917 ], [ 85.9647748, 51.9349074 ], [ 85.9646878, 51.9352254 ], [ 85.9641424, 51.9366376 ], [ 85.96387, 51.9370316 ], [ 85.9637992, 51.9373807 ], [ 85.9637284, 51.937756 ], [ 85.9635444, 51.938079 ], [ 85.9634736, 51.938463 ], [ 85.963516, 51.9387685 ], [ 85.9633886, 51.9391001 ], [ 85.9634299, 51.9391305 ], [ 85.9639041, 51.9394029 ] ] ] } },
{ "type": "Feature", "properties": { "highway": "residential", "surface": null, "ref": null, "name": "переулок Крылова", "Класс": "Прочие" }, "geometry": { "type": "MultiLineString", "coordinates": [ [ [ 85.9640783, 51.9340121 ], [ 85.9639995, 51.9341605 ], [ 85.9638127, 51.93446 ], [ 85.9637056, 51.9347978 ], [ 85.9636055, 51.9350482 ], [ 85.9633831, 51.9354332 ], [ 85.9632617, 51.9357499 ], [ 85.9632182, 51.9359526 ], [ 85.9630655, 51.9360897 ], [ 85.9629441, 51.9362164 ], [ 85.9627789, 51.9363355 ] ] ] } },
{ "type": "Feature", "properties": { "highway": "residential", "surface": null, "ref": null, "name": "улица Лесная Поляна", "Класс": "Прочие" }, "geometry": { "type": "MultiLineString", "coordinates": [ [ [ 85.9636055, 51.9350482 ], [ 85.9625928, 51.934836 ], [ 85.9614159, 51.9346255 ], [ 85.96107, 51.9343627 ], [ 85.9605392, 51.9341049 ], [ 85.9603864, 51.9339264 ], [ 85.9603945, 51.9338024 ], [ 85.960306, 51.933614 ], [ 85.960121, 51.9333586 ], [ 85.9599553, 51.9330318 ], [ 85.9598806, 51.9327323 ], [ 85.959946, 51.9323868 ], [ 85.960002, 51.9319318 ], [ 85.9601141, 51.9316497 ], [ 85.9602355, 51.931523 ], [ 85.9608412, 51.9315166 ] ] ] } },
{ "type": "Feature", "properties": { "highway": "service", "surface": null, "ref": null, "name": null, "Класс": "Проезды" }, "geometry": { "type": "MultiLineString", "coordinates": [ [ [ 85.8956328, 51.9821665 ], [ 85.8951691, 51.9822109 ], [ 85.8950897, 51.9821376 ], [ 85.8950511, 51.9819424 ], [ 85.8949224, 51.9813473 ], [ 85.894716, 51.9812208 ], [ 85.8942767, 51.98103 ], [ 85.8939421, 51.9809437 ], [ 85.8937276, 51.9809912 ], [ 85.8936955, 51.9811172 ] ] ] } },
{ "type": "Feature", "properties": { "highway": "living_street", "surface": null, "ref": null, "name": "Зелёная улица", "Класс": "Прочие" }, "geometry": { "type": "MultiLineString", "coordinates": [ [ [ 85.903919, 51.9701058 ], [ 85.9041653, 51.9699011 ], [ 85.9044474, 51.9696649 ], [ 85.9050031, 51.9693616 ], [ 85.905866, 51.9688113 ], [ 85.9072485, 51.9681431 ], [ 85.9086514, 51.9673995 ], [ 85.9103914, 51.9670573 ] ] ] } },
{ "type": "Feature", "properties": { "highway": "residential", "surface": "asphalt", "ref": null, "name": null, "Класс": "Прочие" }, "geometry": { "type": "MultiLineString", "coordinates": [ [ [ 85.9044158, 51.9674203 ], [ 85.9041829, 51.9673007 ], [ 85.9037908, 51.967117 ], [ 85.9036712, 51.9670814 ], [ 85.9034031, 51.9670015 ], [ 85.9030952, 51.9668386 ] ] ] } },
{ "type": "Feature", "properties": { "highway": "service", "surface": null, "ref": null, "name": null, "Класс": "Проезды" }, "geometry": { "type": "MultiLineString", "coordinates": [ [ [ 85.8990296, 51.9683124 ], [ 85.8987738, 51.9685964 ], [ 85.8987516, 51.9689827 ], [ 85.898538, 51.9691757 ] ] ] } },
{ "type": "Feature", "properties": { "highway": "residential", "surface": null, "ref": null, "name": null, "Класс": "Прочие" }, "geometry": { "type": "MultiLineString", "coordinates": [ [ [ 85.963332, 51.94035 ], [ 85.9630233, 51.9402437 ], [ 85.9622695, 51.9402665 ], [ 85.9617895, 51.9402966 ], [ 85.961301, 51.9402825 ], [ 85.9611861, 51.9403135 ], [ 85.9610598, 51.9404184 ] ] ] } },
{ "type": "Feature", "properties": { "highway": "residential", "surface": null, "ref": null, "name": "Ключевая улица", "Класс": "Прочие" }, "geometry": { "type": "MultiLineString", "coordinates": [ [ [ 85.9647362, 51.9403495 ], [ 85.9640615, 51.9403615 ], [ 85.963332, 51.94035 ], [ 85.9626529, 51.9404323 ], [ 85.96229, 51.9404671 ], [ 85.9617088, 51.9404786 ], [ 85.961242, 51.9404224 ], [ 85.9610598, 51.9404184 ], [ 85.9604857, 51.9404059 ], [ 85.9598473, 51.9404389 ], [ 85.9593008, 51.9404542 ], [ 85.9586135, 51.9403515 ], [ 85.9581725, 51.9402373 ], [ 85.9578323, 51.9401819 ], [ 85.9575463, 51.9402375 ] ] ] } },
{ "type": "Feature", "properties": { "highway": "residential", "surface": "asphalt", "ref": null, "name": "улица Гордиенко", "Класс": "Прочие" }, "geometry": { "type": "MultiLineString", "coordinates": [ [ [ 85.9736723, 51.9578609 ], [ 85.9739584, 51.9578784 ], [ 85.9744019, 51.9579355 ], [ 85.976066, 51.9581479 ], [ 85.9762355, 51.9581612 ], [ 85.9774314, 51.9582584 ], [ 85.9781169, 51.958314 ] ] ] } },
{ "type": "Feature", "properties": { "highway": "residential", "surface": null, "ref": null, "name": "улица Стяжкина", "Класс": "Прочие" }, "geometry": { "type": "MultiLineString", "coordinates": [ [ [ 85.976234, 51.9576887 ], [ 85.9763069, 51.9577029 ], [ 85.9771464, 51.9578102 ], [ 85.9782064, 51.9579287 ] ] ] } },
{ "type": "Feature", "properties": { "highway": "residential", "surface": null, "ref": null, "name": "улица Мира", "Класс": "Прочие" }, "geometry": { "type": "MultiLineString", "coordinates": [ [ [ 85.9768555, 51.9572582 ], [ 85.9782638, 51.9575353 ] ] ] } },
{ "type": "Feature", "properties": { "highway": "residential", "surface": null, "ref": null, "name": "улица Достоевского", "Класс": "Прочие" }, "geometry": { "type": "MultiLineString", "coordinates": [ [ [ 85.9755812, 51.9588431 ], [ 85.9761318, 51.9588835 ], [ 85.9769253, 51.9589395 ], [ 85.9776932, 51.9589969 ], [ 85.9780997, 51.9590062 ] ] ] } },
{ "type": "Feature", "properties": { "highway": "residential", "surface": null, "ref": null, "name": "Крутой переулок", "Класс": "Прочие" }, "geometry": { "type": "MultiLineString", "coordinates": [ [ [ 85.8876687, 51.9698347 ], [ 85.8880102, 51.9701535 ], [ 85.8886861, 51.9706921 ], [ 85.889207, 51.9711062 ] ] ] } },
{ "type": "Feature", "properties": { "highway": "service", "surface": null, "ref": null, "name": null, "Класс": "Проезды" }, "geometry": { "type": "MultiLineString", "coordinates": [ [ [ 85.9904014, 51.9491237 ], [ 85.9904968, 51.949329 ], [ 85.990581, 51.9494732 ] ] ] } },
{ "type": "Feature", "properties": { "highway": "residential", "surface": null, "ref": null, "name": "Усть-Канская улица", "Класс": "Прочие" }, "geometry": { "type": "MultiLineString", "coordinates": [ [ [ 85.9904014, 51.9491237 ], [ 85.9906072, 51.9490978 ], [ 85.9909544, 51.949067 ], [ 85.9921348, 51.9489425 ], [ 85.993218, 51.9489275 ], [ 85.9938379, 51.9488897 ], [ 85.99412, 51.9488741 ], [ 85.9946339, 51.9487982 ], [ 85.9954763, 51.9486136 ], [ 85.9970581, 51.9484867 ], [ 85.998537, 51.9483194 ] ] ] } },
{ "type": "Feature", "properties": { "highway": "residential", "surface": null, "ref": null, "name": "улица Мирона Эдокова", "Класс": "Прочие" }, "geometry": { "type": "MultiLineString", "coordinates": [ [ [ 85.9963431, 51.9557697 ], [ 85.9965024, 51.9557313 ], [ 85.9966292, 51.9556773 ], [ 85.9967373, 51.9555551 ], [ 85.9969596, 51.9551674 ], [ 85.9971796, 51.9547601 ], [ 85.9974003, 51.954241 ], [ 85.9974906, 51.9539509 ], [ 85.9973951, 51.9535006 ], [ 85.9973213, 51.9534422 ] ] ] } },
{ "type": "Feature", "properties": { "highway": "service", "surface": null, "ref": null, "name": null, "Класс": "Проезды" }, "geometry": { "type": "MultiLineString", "coordinates": [ [ [ 85.9573152, 51.959278 ], [ 85.956849, 51.9592809 ] ] ] } },
{ "type": "Feature", "properties": { "highway": "service", "surface": null, "ref": null, "name": null, "Класс": "Проезды" }, "geometry": { "type": "MultiLineString", "coordinates": [ [ [ 85.9325405, 51.9535089 ], [ 85.9323419, 51.9537138 ], [ 85.9322199, 51.9539451 ] ] ] } },
{ "type": "Feature", "properties": { "highway": "service", "surface": null, "ref": null, "name": null, "Класс": "Проезды" }, "geometry": { "type": "MultiLineString", "coordinates": [ [ [ 85.957813, 51.9587606 ], [ 85.9578127, 51.9585729 ], [ 85.9578742, 51.9584717 ], [ 85.9579327, 51.9584099 ], [ 85.957944, 51.9583489 ], [ 85.9579372, 51.9580552 ], [ 85.9580014, 51.9580199 ], [ 85.9587124, 51.9580179 ] ] ] } },
{ "type": "Feature", "properties": { "highway": "service", "surface": null, "ref": null, "name": null, "Класс": "Проезды" }, "geometry": { "type": "MultiLineString", "coordinates": [ [ [ 85.9669091, 51.9590786 ], [ 85.9661838, 51.9590805 ] ] ] } },
{ "type": "Feature", "properties": { "highway": "service", "surface": null, "ref": null, "name": null, "Класс": "Проезды" }, "geometry": { "type": "MultiLineString", "coordinates": [ [ [ 85.9706694, 51.9593499 ], [ 85.9707278, 51.959251 ], [ 85.9708478, 51.9590243 ], [ 85.9708359, 51.9588716 ] ] ] } },
{ "type": "Feature", "properties": { "highway": "service", "surface": null, "ref": null, "name": null, "Класс": "Проезды" }, "geometry": { "type": "MultiLineString", "coordinates": [ [ [ 85.9719232, 51.959232 ], [ 85.971882, 51.9591662 ] ] ] } },
{ "type": "Feature", "properties": { "highway": "service", "surface": null, "ref": null, "name": null, "Класс": "Проезды" }, "geometry": { "type": "MultiLineString", "coordinates": [ [ [ 85.9025995, 51.9689271 ], [ 85.9024086, 51.9690616 ], [ 85.9022606, 51.9691659 ] ] ] } },
{ "type": "Feature", "properties": { "highway": "service", "surface": null, "ref": null, "name": null, "Класс": "Проезды" }, "geometry": { "type": "MultiLineString", "coordinates": [ [ [ 85.9348149, 51.9535386 ], [ 85.9346272, 51.9538228 ] ] ] } },
{ "type": "Feature", "properties": { "highway": "service", "surface": null, "ref": null, "name": null, "Класс": "Проезды" }, "geometry": { "type": "MultiLineString", "coordinates": [ [ [ 85.9143429, 51.9584678 ], [ 85.9140549, 51.9581716 ], [ 85.9146746, 51.9579538 ] ] ] } },
{ "type": "Feature", "properties": { "highway": "service", "surface": null, "ref": null, "name": null, "Класс": "Проезды" }, "geometry": { "type": "MultiLineString", "coordinates": [ [ [ 85.9521977, 51.9574678 ], [ 85.9522117, 51.9580569 ] ] ] } },
{ "type": "Feature", "properties": { "highway": "service", "surface": null, "ref": null, "name": null, "Класс": "Проезды" }, "geometry": { "type": "MultiLineString", "coordinates": [ [ [ 85.9519695, 51.95673 ], [ 85.9517147, 51.9566567 ], [ 85.9517036, 51.9562267 ], [ 85.9520265, 51.9562792 ] ] ] } },
{ "type": "Feature", "properties": { "highway": "service", "surface": null, "ref": null, "name": null, "Класс": "Проезды" }, "geometry": { "type": "MultiLineString", "coordinates": [ [ [ 85.9727155, 51.9594676 ], [ 85.973255, 51.958933 ], [ 85.9729033, 51.958785 ], [ 85.9724957, 51.9591931 ], [ 85.972207, 51.9591811 ], [ 85.9719232, 51.959232 ], [ 85.971893, 51.9594376 ] ] ] } },
{ "type": "Feature", "properties": { "highway": "residential", "surface": null, "ref": null, "name": null, "Класс": "Прочие" }, "geometry": { "type": "MultiLineString", "coordinates": [ [ [ 85.9080949, 51.9706153 ], [ 85.9086267, 51.9709316 ], [ 85.9086135, 51.97124 ], [ 85.9087057, 51.9713873 ], [ 85.9089456, 51.9714972 ], [ 85.9091918, 51.9715351 ], [ 85.9096041, 51.9714442 ], [ 85.9099917, 51.9713645 ], [ 85.9110686, 51.9708869 ] ] ] } },
{ "type": "Feature", "properties": { "highway": "residential", "surface": null, "ref": null, "name": null, "Класс": "Прочие" }, "geometry": { "type": "MultiLineString", "coordinates": [ [ [ 85.9086135, 51.97124 ], [ 85.9088349, 51.9711333 ], [ 85.908798, 51.971012 ], [ 85.9093025, 51.9707163 ] ] ] } },
{ "type": "Feature", "properties": { "highway": "residential", "surface": null, "ref": null, "name": null, "Класс": "Прочие" }, "geometry": { "type": "MultiLineString", "coordinates": [ [ [ 85.8969978, 51.9680234 ], [ 85.8966151, 51.9678662 ], [ 85.8955059, 51.9683241 ], [ 85.8950942, 51.9684333 ], [ 85.8948312, 51.9684404 ], [ 85.8945796, 51.9683629 ], [ 85.8945167, 51.968222 ], [ 85.8945339, 51.9680811 ], [ 85.894694, 51.9679789 ], [ 85.8949741, 51.9678662 ], [ 85.8951457, 51.9678028 ], [ 85.8960205, 51.9671793 ] ] ] } },
{ "type": "Feature", "properties": { "highway": "residential", "surface": null, "ref": null, "name": null, "Класс": "Прочие" }, "geometry": { "type": "MultiLineString", "coordinates": [ [ [ 85.8941364, 51.9701898 ], [ 85.8943738, 51.969874 ], [ 85.894178, 51.9688083 ] ] ] } },
{ "type": "Feature", "properties": { "highway": "residential", "surface": null, "ref": null, "name": null, "Класс": "Прочие" }, "geometry": { "type": "MultiLineString", "coordinates": [ [ [ 85.8929702, 51.9613143 ], [ 85.8925059, 51.9614617 ], [ 85.8923061, 51.9615012 ], [ 85.8921006, 51.961481 ], [ 85.8918354, 51.9614579 ], [ 85.8916116, 51.9614654 ], [ 85.8914968, 51.9614651 ], [ 85.8912688, 51.9613924 ], [ 85.8910862, 51.9613783 ], [ 85.8907625, 51.961529 ], [ 85.8902568, 51.9617402 ], [ 85.8901152, 51.9617781 ], [ 85.8899492, 51.9617576 ], [ 85.8898752, 51.9616871 ], [ 85.8896378, 51.9613605 ], [ 85.8895415, 51.9610701 ], [ 85.8895225, 51.9607814 ], [ 85.8894978, 51.960394 ] ] ] } },
{ "type": "Feature", "properties": { "highway": "residential", "surface": null, "ref": null, "name": "Песчаный переулок", "Класс": "Прочие" }, "geometry": { "type": "MultiLineString", "coordinates": [ [ [ 85.8943582, 51.9627739 ], [ 85.8939981, 51.9628663 ], [ 85.8934012, 51.9628588 ], [ 85.8925027, 51.9627856 ], [ 85.8924223, 51.9627393 ], [ 85.8924474, 51.9625971 ], [ 85.8924167, 51.9624568 ], [ 85.892269, 51.9622976 ], [ 85.8919921, 51.9621952 ], [ 85.8917635, 51.9621904 ], [ 85.8914842, 51.9621811 ], [ 85.8911306, 51.9621042 ], [ 85.8909508, 51.9620012 ], [ 85.8908745, 51.9618998 ], [ 85.8908071, 51.9617806 ], [ 85.8907822, 51.9616822 ], [ 85.8907625, 51.961529 ] ] ] } },
{ "type": "Feature", "properties": { "highway": "service", "surface": null, "ref": null, "name": null, "Класс": "Проезды" }, "geometry": { "type": "MultiLineString", "coordinates": [ [ [ 85.8959598, 51.9646125 ], [ 85.8956333, 51.9648452 ], [ 85.8948667, 51.9644896 ], [ 85.8941133, 51.9652412 ] ] ] } },
{ "type": "Feature", "properties": { "highway": "residential", "surface": null, "ref": null, "name": null, "Класс": "Прочие" }, "geometry": { "type": "MultiLineString", "coordinates": [ [ [ 85.901775, 51.9573348 ], [ 85.9011891, 51.9570702 ], [ 85.9005097, 51.9567622 ], [ 85.900096, 51.9565561 ], [ 85.8999035, 51.9565073 ], [ 85.8994975, 51.9564194 ], [ 85.8992825, 51.9563777 ], [ 85.8991389, 51.9563503 ], [ 85.8990156, 51.9563295 ], [ 85.898887, 51.9563176 ], [ 85.89834, 51.9564623 ], [ 85.8979422, 51.9565611 ], [ 85.8974326, 51.9566256 ], [ 85.8966591, 51.9567152 ], [ 85.8964008, 51.9567152 ], [ 85.8958512, 51.9568417 ], [ 85.895573, 51.9568948 ], [ 85.8951823, 51.9570335 ], [ 85.894467, 51.9571396 ], [ 85.8935597, 51.9574416 ], [ 85.8935501, 51.9574655 ] ] ] } },
{ "type": "Feature", "properties": { "highway": "residential", "surface": null, "ref": null, "name": null, "Класс": "Прочие" }, "geometry": { "type": "MultiLineString", "coordinates": [ [ [ 85.898887, 51.9563176 ], [ 85.8986852, 51.956171 ], [ 85.898412, 51.9558793 ], [ 85.8982263, 51.955638 ], [ 85.898093, 51.9554697 ], [ 85.8979983, 51.9553636 ], [ 85.8979122, 51.9552185 ], [ 85.8977368, 51.9549979 ], [ 85.8974274, 51.9547031 ], [ 85.8971161, 51.9545316 ], [ 85.8954405, 51.9538745 ] ] ] } },
{ "type": "Feature", "properties": { "highway": "service", "surface": null, "ref": null, "name": null, "Класс": "Проезды" }, "geometry": { "type": "MultiLineString", "coordinates": [ [ [ 85.8979983, 51.9553636 ], [ 85.8968478, 51.955523 ], [ 85.8966672, 51.9555511 ], [ 85.8961028, 51.9553561 ], [ 85.8955664, 51.9552826 ], [ 85.8950167, 51.9552377 ], [ 85.8947343, 51.955209 ], [ 85.8946117, 51.9551629 ], [ 85.8945483, 51.9550856 ], [ 85.8944982, 51.9549346 ], [ 85.8945036, 51.9548222 ], [ 85.894525, 51.954766 ], [ 85.8948469, 51.9542635 ], [ 85.8949041, 51.9542214 ] ] ] } },
{ "type": "Feature", "properties": { "highway": "service", "surface": null, "ref": null, "name": null, "Класс": "Проезды" }, "geometry": { "type": "MultiLineString", "coordinates": [ [ [ 85.9058694, 51.9562239 ], [ 85.9057457, 51.9562253 ], [ 85.9046956, 51.9558432 ], [ 85.9042731, 51.9557062 ], [ 85.9040057, 51.9556188 ], [ 85.9033348, 51.9553561 ], [ 85.9018513, 51.9550173 ] ] ] } },
{ "type": "Feature", "properties": { "highway": "service", "surface": null, "ref": null, "name": null, "Класс": "Проезды" }, "geometry": { "type": "MultiLineString", "coordinates": [ [ [ 85.8971293, 51.9531643 ], [ 85.8970764, 51.953299 ], [ 85.8973744, 51.9534664 ], [ 85.8978711, 51.9538255 ], [ 85.8986819, 51.9543324 ], [ 85.8991116, 51.9546668 ], [ 85.8993469, 51.9547975 ], [ 85.8998576, 51.9550134 ], [ 85.9001791, 51.9551743 ], [ 85.9004915, 51.955334 ], [ 85.9015212, 51.9556992 ], [ 85.9022203, 51.9559479 ], [ 85.9024027, 51.9559826 ], [ 85.9025042, 51.9559918 ], [ 85.9026146, 51.9559958 ], [ 85.9030437, 51.9559793 ], [ 85.9032421, 51.9559969 ], [ 85.9036151, 51.9560669 ], [ 85.9037499, 51.9560709 ], [ 85.9038779, 51.9560437 ], [ 85.904012, 51.9560057 ], [ 85.9044466, 51.9558851 ], [ 85.9045861, 51.9558669 ], [ 85.9046956, 51.9558432 ] ] ] } },
{ "type": "Feature", "properties": { "highway": "service", "surface": null, "ref": null, "name": null, "Класс": "Проезды" }, "geometry": { "type": "MultiLineString", "coordinates": [ [ [ 85.9035903, 51.9568346 ], [ 85.9034279, 51.9568295 ], [ 85.9032932, 51.9567975 ], [ 85.903033, 51.9567016 ], [ 85.9027243, 51.95658 ], [ 85.9025291, 51.9565028 ] ] ] } },
{ "type": "Feature", "properties": { "highway": "service", "surface": null, "ref": null, "name": null, "Класс": "Проезды" }, "geometry": { "type": "MultiLineString", "coordinates": [ [ [ 85.9003423, 51.957679 ], [ 85.8999551, 51.9574376 ], [ 85.899817, 51.9573869 ], [ 85.8996231, 51.9572684 ] ] ] } },
{ "type": "Feature", "properties": { "highway": "service", "surface": null, "ref": null, "name": null, "Класс": "Проезды" }, "geometry": { "type": "MultiLineString", "coordinates": [ [ [ 85.8994975, 51.9564194 ], [ 85.8987472, 51.9566838 ] ] ] } },
{ "type": "Feature", "properties": { "highway": "service", "surface": null, "ref": null, "name": null, "Класс": "Проезды" }, "geometry": { "type": "MultiLineString", "coordinates": [ [ [ 85.8985338, 51.9583318 ], [ 85.8993466, 51.9582865 ], [ 85.8999771, 51.9582324 ], [ 85.9005922, 51.9581545 ], [ 85.9011598, 51.958059 ] ] ] } },
{ "type": "Feature", "properties": { "highway": "service", "surface": null, "ref": null, "name": null, "Класс": "Проезды" }, "geometry": { "type": "MultiLineString", "coordinates": [ [ [ 85.9049615, 51.9599231 ], [ 85.9049466, 51.9598214 ], [ 85.9038637, 51.9590229 ], [ 85.9023338, 51.9582587 ], [ 85.9019548, 51.9581148 ], [ 85.9016436, 51.9580223 ], [ 85.9013647, 51.9580157 ], [ 85.9011598, 51.958059 ] ] ] } },
{ "type": "Feature", "properties": { "highway": "service", "surface": null, "ref": null, "name": "Коксинская улица", "Класс": "Проезды" }, "geometry": { "type": "MultiLineString", "coordinates": [ [ [ 85.9017418, 51.9612046 ], [ 85.9020149, 51.9612056 ], [ 85.9023038, 51.9612708 ], [ 85.9025419, 51.9613568 ], [ 85.9027712, 51.9614232 ], [ 85.9031904, 51.9616343 ], [ 85.9036344, 51.9617914 ], [ 85.9041494, 51.9620902 ], [ 85.9043173, 51.9621782 ] ] ] } },
{ "type": "Feature", "properties": { "highway": "service", "surface": null, "ref": null, "name": null, "Класс": "Проезды" }, "geometry": { "type": "MultiLineString", "coordinates": [ [ [ 85.9023038, 51.9612708 ], [ 85.9025127, 51.9612106 ], [ 85.9029056, 51.9610344 ], [ 85.9031954, 51.9608866 ], [ 85.9037653, 51.9605511 ], [ 85.9038249, 51.9604977 ] ] ] } },
{ "type": "Feature", "properties": { "highway": "service", "surface": null, "ref": null, "name": null, "Класс": "Проезды" }, "geometry": { "type": "MultiLineString", "coordinates": [ [ [ 85.9038249, 51.9604977 ], [ 85.903725, 51.9604437 ], [ 85.9031369, 51.9602019 ] ] ] } },
{ "type": "Feature", "properties": { "highway": "service", "surface": null, "ref": null, "name": null, "Класс": "Проезды" }, "geometry": { "type": "MultiLineString", "coordinates": [ [ [ 85.901522, 51.9609954 ], [ 85.9020314, 51.9607243 ], [ 85.9031369, 51.9602019 ] ] ] } },
{ "type": "Feature", "properties": { "highway": "service", "surface": null, "ref": null, "name": null, "Класс": "Проезды" }, "geometry": { "type": "MultiLineString", "coordinates": [ [ [ 85.9042368, 51.9613446 ], [ 85.9041025, 51.9610984 ], [ 85.9039255, 51.9609977 ], [ 85.9037268, 51.960965 ], [ 85.9033469, 51.9609317 ], [ 85.9031954, 51.9608866 ] ] ] } },
{ "type": "Feature", "properties": { "highway": "service", "surface": null, "ref": null, "name": null, "Класс": "Проезды" }, "geometry": { "type": "MultiLineString", "coordinates": [ [ [ 85.9105773, 51.9589912 ], [ 85.9123158, 51.9588225 ] ] ] } },
{ "type": "Feature", "properties": { "highway": "service", "surface": null, "ref": null, "name": null, "Класс": "Проезды" }, "geometry": { "type": "MultiLineString", "coordinates": [ [ [ 85.9104514, 51.959576 ], [ 85.9104064, 51.9597545 ], [ 85.9104627, 51.9598106 ], [ 85.9106451, 51.9599296 ], [ 85.9107122, 51.9599363 ], [ 85.9109214, 51.9598536 ], [ 85.9112057, 51.959771 ], [ 85.9117448, 51.9596586 ], [ 85.9118763, 51.9596239 ], [ 85.9120104, 51.9596206 ], [ 85.9121472, 51.9595875 ], [ 85.9124421, 51.9594605 ] ] ] } },
{ "type": "Feature", "properties": { "highway": "service", "surface": null, "ref": null, "name": null, "Класс": "Проезды" }, "geometry": { "type": "MultiLineString", "coordinates": [ [ [ 85.9042503, 51.9524364 ], [ 85.9041649, 51.9521146 ], [ 85.9041751, 51.9519914 ], [ 85.9042937, 51.9515954 ], [ 85.9043848, 51.9514598 ], [ 85.9045008, 51.9512734 ], [ 85.9045971, 51.95123 ] ] ] } },
{ "type": "Feature", "properties": { "highway": "residential", "surface": null, "ref": null, "name": "переулок Вавилова", "Класс": "Прочие" }, "geometry": { "type": "MultiLineString", "coordinates": [ [ [ 85.9069832, 51.9522273 ], [ 85.9066433, 51.9520384 ], [ 85.9060871, 51.9518086 ], [ 85.9056508, 51.9516913 ], [ 85.9053181, 51.9515492 ], [ 85.9049712, 51.9514001 ], [ 85.9045971, 51.95123 ] ] ] } },
{ "type": "Feature", "properties": { "highway": "service", "surface": null, "ref": null, "name": null, "Класс": "Проезды" }, "geometry": { "type": "MultiLineString", "coordinates": [ [ [ 85.9150966, 51.9410814 ], [ 85.9140596, 51.9409451 ] ] ] } },
{ "type": "Feature", "properties": { "highway": "service", "surface": null, "ref": null, "name": null, "Класс": "Проезды" }, "geometry": { "type": "MultiLineString", "coordinates": [ [ [ 85.9148813, 51.9395129 ], [ 85.9145162, 51.9398221 ], [ 85.9140596, 51.9409451 ], [ 85.913955, 51.9411051 ], [ 85.9139327, 51.9411914 ], [ 85.9145683, 51.941951 ], [ 85.9146202, 51.9421353 ], [ 85.9146014, 51.9423651 ], [ 85.9146622, 51.942506 ], [ 85.9148074, 51.9426446 ] ] ] } },
{ "type": "Feature", "properties": { "highway": "service", "surface": null, "ref": null, "name": null, "Класс": "Проезды" }, "geometry": { "type": "MultiLineString", "coordinates": [ [ [ 85.9128117, 51.9402112 ], [ 85.9126798, 51.9392809 ] ] ] } },
{ "type": "Feature", "properties": { "highway": "service", "surface": null, "ref": null, "name": null, "Класс": "Проезды" }, "geometry": { "type": "MultiLineString", "coordinates": [ [ [ 85.916766, 51.9377458 ], [ 85.9167141, 51.93754 ] ] ] } },
{ "type": "Feature", "properties": { "highway": "service", "surface": null, "ref": null, "name": null, "Класс": "Проезды" }, "geometry": { "type": "MultiLineString", "coordinates": [ [ [ 85.917312, 51.9375989 ], [ 85.9172905, 51.9374195 ] ] ] } },
{ "type": "Feature", "properties": { "highway": "residential", "surface": null, "ref": null, "name": null, "Класс": "Прочие" }, "geometry": { "type": "MultiLineString", "coordinates": [ [ [ 85.9207674, 51.9370749 ], [ 85.9208429, 51.9371779 ], [ 85.9210558, 51.9372314 ], [ 85.9213471, 51.937211 ], [ 85.9218442, 51.9371923 ], [ 85.9229785, 51.9372044 ], [ 85.9231926, 51.9372165 ] ] ] } },
{ "type": "Feature", "properties": { "highway": "residential", "surface": null, "ref": null, "name": "Яблоневая улица", "Класс": "Прочие" }, "geometry": { "type": "MultiLineString", "coordinates": [ [ [ 85.9231926, 51.9372165 ], [ 85.923397, 51.9370904 ], [ 85.9237879, 51.9369464 ], [ 85.9239474, 51.936829 ], [ 85.9240803, 51.9367129 ], [ 85.9241401, 51.9364868 ], [ 85.9241579, 51.9364193 ], [ 85.9242313, 51.935939 ], [ 85.9242686, 51.9356954 ], [ 85.9234268, 51.9335442 ] ] ] } },
{ "type": "Feature", "properties": { "highway": "residential", "surface": null, "ref": null, "name": "Вишнёвая улица", "Класс": "Прочие" }, "geometry": { "type": "MultiLineString", "coordinates": [ [ [ 85.924057, 51.9376278 ], [ 85.9245497, 51.937502 ], [ 85.9250566, 51.9372573 ], [ 85.9252467, 51.9371346 ], [ 85.925332, 51.9369997 ], [ 85.9254777, 51.936652 ], [ 85.9258526, 51.9355178 ], [ 85.925775, 51.9353061 ], [ 85.9256532, 51.9350944 ], [ 85.9250124, 51.9343693 ], [ 85.9249111, 51.9341793 ], [ 85.924468, 51.9331071 ] ] ] } },
{ "type": "Feature", "properties": { "highway": "residential", "surface": null, "ref": null, "name": "улица Хохолкова", "Класс": "Прочие" }, "geometry": { "type": "MultiLineString", "coordinates": [ [ [ 85.9255249, 51.9384661 ], [ 85.9256548, 51.9380047 ], [ 85.9256933, 51.9379432 ], [ 85.9258318, 51.9378757 ], [ 85.9260678, 51.9377401 ], [ 85.9264809, 51.9375682 ], [ 85.9266501, 51.9374573 ], [ 85.9267062, 51.9373466 ], [ 85.9268886, 51.9367645 ], [ 85.9270335, 51.9360996 ], [ 85.9271192, 51.9355408 ], [ 85.9271042, 51.9353744 ], [ 85.9270173, 51.9350876 ], [ 85.9268938, 51.9348778 ], [ 85.9267101, 51.9346683 ], [ 85.9261458, 51.9342602 ], [ 85.9259851, 51.9340745 ], [ 85.9259145, 51.9339342 ], [ 85.9254563, 51.9330304 ], [ 85.9253098, 51.9328544 ] ] ] } },
{ "type": "Feature", "properties": { "highway": "residential", "surface": null, "ref": null, "name": "улица имени А.К.Мери", "Класс": "Прочие" }, "geometry": { "type": "MultiLineString", "coordinates": [ [ [ 85.9266837, 51.9396096 ], [ 85.9266928, 51.9390485 ], [ 85.9268403, 51.938524 ], [ 85.926935, 51.9383256 ], [ 85.9279132, 51.9377269 ], [ 85.9280789, 51.9376143 ], [ 85.9281868, 51.9374094 ], [ 85.9284067, 51.9371018 ], [ 85.9284738, 51.9370192 ], [ 85.9284569, 51.9369238 ], [ 85.9283987, 51.9368091 ], [ 85.9283971, 51.936751 ], [ 85.928404, 51.9361659 ], [ 85.9284008, 51.9359531 ], [ 85.9283262, 51.9351609 ], [ 85.9283115, 51.9345208 ], [ 85.9281907, 51.9343902 ], [ 85.9278598, 51.9342133 ], [ 85.9270865, 51.9337207 ], [ 85.9268796, 51.9335262 ], [ 85.9267387, 51.9332983 ], [ 85.926498, 51.9327763 ], [ 85.926351, 51.9324788 ] ] ] } },
{ "type": "Feature", "properties": { "highway": "residential", "surface": null, "ref": null, "name": null, "Класс": "Прочие" }, "geometry": { "type": "MultiLineString", "coordinates": [ [ [ 85.924057, 51.9376278 ], [ 85.92448, 51.9378493 ], [ 85.9249443, 51.9381379 ], [ 85.9255249, 51.9384661 ], [ 85.9261149, 51.9389818 ], [ 85.9261849, 51.9390347 ], [ 85.9266928, 51.9390485 ] ] ] } },
{ "type": "Feature", "properties": { "highway": "residential", "surface": null, "ref": null, "name": "улица имени А.К.Мери", "Класс": "Прочие" }, "geometry": { "type": "MultiLineString", "coordinates": [ [ [ 85.9212951, 51.9401122 ], [ 85.9213088, 51.9398779 ], [ 85.9213531, 51.9396662 ], [ 85.9214749, 51.9395023 ], [ 85.9217075, 51.9393931 ], [ 85.9221174, 51.9393794 ], [ 85.9228066, 51.9393556 ], [ 85.9235597, 51.9393215 ], [ 85.9241025, 51.93926 ], [ 85.9248335, 51.9391303 ], [ 85.9261849, 51.9390347 ] ] ] } },
{ "type": "Feature", "properties": { "highway": "residential", "surface": null, "ref": null, "name": "улица Автомобилистов", "Класс": "Прочие" }, "geometry": { "type": "MultiLineString", "coordinates": [ [ [ 85.919053, 51.9341105 ], [ 85.919746, 51.933933 ], [ 85.9197806, 51.9337592 ], [ 85.9196256, 51.9335884 ], [ 85.9189502, 51.9329037 ], [ 85.9183095, 51.9322056 ], [ 85.917957, 51.9316243 ], [ 85.9177119, 51.9311907 ], [ 85.9174331, 51.9306424 ], [ 85.9171897, 51.9293091 ], [ 85.9171686, 51.9292277 ], [ 85.9170395, 51.9291636 ], [ 85.9160654, 51.9289421 ] ] ] } },
{ "type": "Feature", "properties": { "highway": "residential", "surface": null, "ref": null, "name": "Горно-Алтайская улица", "Класс": "Прочие" }, "geometry": { "type": "MultiLineString", "coordinates": [ [ [ 85.9155856, 51.9239965 ], [ 85.9157272, 51.9236599 ], [ 85.9157091, 51.9232487 ], [ 85.9156418, 51.9228767 ], [ 85.915516, 51.9225506 ], [ 85.9154749, 51.9222009 ], [ 85.9152718, 51.9206697 ], [ 85.9151581, 51.9200431 ], [ 85.9151575, 51.9199471 ], [ 85.9151831, 51.9195412 ], [ 85.9153308, 51.9191569 ], [ 85.9156332, 51.9183916 ], [ 85.9152548, 51.9174106 ], [ 85.9150438, 51.9163858 ], [ 85.9150247, 51.9161393 ], [ 85.9149612, 51.9158936 ], [ 85.9148455, 51.9152332 ] ] ] } },
{ "type": "Feature", "properties": { "highway": "service", "surface": null, "ref": null, "name": null, "Класс": "Проезды" }, "geometry": { "type": "MultiLineString", "coordinates": [ [ [ 85.9129434, 51.9249009 ], [ 85.9131776, 51.9241194 ], [ 85.9133695, 51.9240003 ], [ 85.9137617, 51.9237812 ], [ 85.9142028, 51.9236048 ], [ 85.9156418, 51.9228767 ] ] ] } },
{ "type": "Feature", "properties": { "highway": "service", "surface": null, "ref": null, "name": null, "Класс": "Проезды" }, "geometry": { "type": "MultiLineString", "coordinates": [ [ [ 85.9153389, 51.9244497 ], [ 85.9160739, 51.9243437 ], [ 85.9166794, 51.9243145 ], [ 85.9169189, 51.9241821 ], [ 85.9170592, 51.924009 ], [ 85.9171418, 51.9238104 ], [ 85.9171704, 51.9237565 ], [ 85.9171205, 51.9231054 ], [ 85.9171535, 51.9228254 ], [ 85.9172573, 51.9225477 ] ] ] } },
{ "type": "Feature", "properties": { "highway": "service", "surface": null, "ref": null, "name": null, "Класс": "Проезды" }, "geometry": { "type": "MultiLineString", "coordinates": [ [ [ 85.91233650350371, 51.923714886821266 ], [ 85.912674017085223, 51.923567604658238 ], [ 85.913816115304215, 51.923002069928359 ], [ 85.9144618, 51.9227176 ], [ 85.9154749, 51.9222009 ], [ 85.9163413, 51.9216115 ], [ 85.9169238, 51.9212765 ], [ 85.9170901, 51.9211812 ], [ 85.9181169, 51.9202548 ], [ 85.9182664, 51.920132 ], [ 85.9190203, 51.9194281 ] ] ] } },
{ "type": "Feature", "properties": { "highway": "service", "surface": null, "ref": null, "name": null, "Класс": "Проезды" }, "geometry": { "type": "MultiLineString", "coordinates": [ [ [ 85.9163413, 51.9216115 ], [ 85.9163126, 51.9197523 ], [ 85.9163469, 51.9189739 ] ] ] } },
{ "type": "Feature", "properties": { "highway": "service", "surface": null, "ref": null, "name": null, "Класс": "Проезды" }, "geometry": { "type": "MultiLineString", "coordinates": [ [ [ 85.9170448, 51.9219103 ], [ 85.9169597, 51.9218394 ], [ 85.9169043, 51.9217291 ], [ 85.9169238, 51.9212765 ], [ 85.9169286, 51.9196351 ], [ 85.9169919, 51.918862 ] ] ] } },
{ "type": "Feature", "properties": { "highway": "service", "surface": null, "ref": null, "name": null, "Класс": "Проезды" }, "geometry": { "type": "MultiLineString", "coordinates": [ [ [ 85.9181169, 51.9202548 ], [ 85.9181847, 51.9194535 ], [ 85.9181941, 51.9186822 ] ] ] } },
{ "type": "Feature", "properties": { "highway": "service", "surface": null, "ref": null, "name": "Ойрот-Туринская улица", "Класс": "Проезды" }, "geometry": { "type": "MultiLineString", "coordinates": [ [ [ 85.9144618, 51.9227176 ], [ 85.914102, 51.9195975 ], [ 85.9141964, 51.9192587 ], [ 85.9142245, 51.9190784 ], [ 85.9141749, 51.918932 ], [ 85.9141467, 51.9187252 ], [ 85.9142339, 51.918453 ], [ 85.9146698, 51.9180528 ], [ 85.9147137, 51.9179465 ], [ 85.9145955, 51.9173941 ], [ 85.9145042, 51.9171711 ], [ 85.9144366, 51.9169043 ], [ 85.9144434, 51.9167417 ], [ 85.9144096, 51.9164895 ], [ 85.9143184, 51.9162539 ], [ 85.9143319, 51.9162185 ], [ 85.9150247, 51.9161393 ], [ 85.9167988, 51.9158391 ], [ 85.9182857, 51.915539 ], [ 85.9194888, 51.9152096 ], [ 85.9206445, 51.9148636 ], [ 85.9208548, 51.9147986 ], [ 85.9230574, 51.9141173 ] ] ] } },
{ "type": "Feature", "properties": { "highway": "service", "surface": null, "ref": null, "name": null, "Класс": "Проезды" }, "geometry": { "type": "MultiLineString", "coordinates": [ [ [ 85.9170901, 51.9211812 ], [ 85.9182673, 51.9217845 ], [ 85.9184611, 51.9218129 ], [ 85.919487, 51.9217431 ], [ 85.9208619, 51.9217193 ], [ 85.9212942, 51.9216501 ] ] ] } },
{ "type": "Feature", "properties": { "highway": "service", "surface": null, "ref": null, "name": null, "Класс": "Проезды" }, "geometry": { "type": "MultiLineString", "coordinates": [ [ [ 85.9182673, 51.9217845 ], [ 85.9181721, 51.9210889 ], [ 85.9181169, 51.9202548 ] ] ] } },
{ "type": "Feature", "properties": { "highway": "service", "surface": null, "ref": null, "name": null, "Класс": "Проезды" }, "geometry": { "type": "MultiLineString", "coordinates": [ [ [ 85.919487, 51.9217431 ], [ 85.9193588, 51.9213285 ], [ 85.9192786, 51.9209594 ], [ 85.9193162, 51.9195748 ] ] ] } },
{ "type": "Feature", "properties": { "highway": "service", "surface": null, "ref": null, "name": null, "Класс": "Проезды" }, "geometry": { "type": "MultiLineString", "coordinates": [ [ [ 85.9208619, 51.9217193 ], [ 85.9206341, 51.9214612 ], [ 85.920451, 51.921133 ], [ 85.9203663, 51.9198215 ] ] ] } },
{ "type": "Feature", "properties": { "highway": "service", "surface": null, "ref": null, "name": null, "Класс": "Проезды" }, "geometry": { "type": "MultiLineString", "coordinates": [ [ [ 85.9825522, 51.9740492 ], [ 85.9824184, 51.9743757 ], [ 85.9822803, 51.9745174 ], [ 85.982357, 51.9747443 ], [ 85.9825641, 51.9749427 ], [ 85.9831165, 51.9751743 ], [ 85.9834874, 51.9753428 ] ] ] } },
{ "type": "Feature", "properties": { "highway": "residential", "surface": null, "ref": null, "name": null, "Класс": "Прочие" }, "geometry": { "type": "MultiLineString", "coordinates": [ [ [ 85.9770081, 51.970976 ], [ 85.9771786, 51.9700755 ], [ 85.9772336, 51.9696157 ], [ 85.977257, 51.969326 ] ] ] } },
{ "type": "Feature", "properties": { "highway": "residential", "surface": null, "ref": null, "name": null, "Класс": "Прочие" }, "geometry": { "type": "MultiLineString", "coordinates": [ [ [ 85.9757636, 51.9708967 ], [ 85.9760562, 51.96947 ] ] ] } },
{ "type": "Feature", "properties": { "highway": "residential", "surface": null, "ref": null, "name": null, "Класс": "Прочие" }, "geometry": { "type": "MultiLineString", "coordinates": [ [ [ 85.9745559, 51.9709227 ], [ 85.9745563, 51.9706454 ], [ 85.9748646, 51.9695088 ] ] ] } },
{ "type": "Feature", "properties": { "highway": "service", "surface": null, "ref": null, "name": null, "Класс": "Проезды" }, "geometry": { "type": "MultiLineString", "coordinates": [ [ [ 85.972693, 51.9706702 ], [ 85.9727436, 51.9698851 ], [ 85.9728471, 51.9692933 ] ] ] } },
{ "type": "Feature", "properties": { "highway": "service", "surface": null, "ref": null, "name": null, "Класс": "Проезды" }, "geometry": { "type": "MultiLineString", "coordinates": [ [ [ 85.9985307, 51.9626551 ], [ 85.9982193, 51.9625603 ], [ 85.9977284, 51.9624567 ], [ 85.9968494, 51.9623777 ] ] ] } },
{ "type": "Feature", "properties": { "highway": "service", "surface": null, "ref": null, "name": null, "Класс": "Проезды" }, "geometry": { "type": "MultiLineString", "coordinates": [ [ [ 85.9991343, 51.9629604 ], [ 85.999237, 51.9628746 ], [ 85.9995501, 51.9624083 ], [ 85.9997532, 51.9620193 ] ] ] } },
{ "type": "Feature", "properties": { "highway": "service", "surface": null, "ref": null, "name": "улица Энтузиастов", "Класс": "Проезды" }, "geometry": { "type": "MultiLineString", "coordinates": [ [ [ 85.9967373, 51.9555551 ], [ 85.9973706, 51.9553018 ], [ 85.9981474, 51.9549211 ], [ 85.9983573, 51.9547939 ], [ 85.9985786, 51.9545851 ], [ 85.9987494, 51.9542206 ], [ 85.9989359, 51.9536361 ], [ 85.9991826, 51.9533843 ], [ 85.9993495, 51.9529802 ], [ 85.99936, 51.9528268 ], [ 85.9993376, 51.9517973 ] ] ] } },
{ "type": "Feature", "properties": { "highway": "service", "surface": null, "ref": null, "name": null, "Класс": "Проезды" }, "geometry": { "type": "MultiLineString", "coordinates": [ [ [ 85.9989359, 51.9536361 ], [ 85.9982766, 51.9535386 ], [ 85.9973951, 51.9535006 ] ] ] } },
{ "type": "Feature", "properties": { "highway": "residential", "surface": null, "ref": null, "name": "улица Ивана Толтока", "Класс": "Прочие" }, "geometry": { "type": "MultiLineString", "coordinates": [ [ [ 85.9982766, 51.9535386 ], [ 85.9983175, 51.9530114 ], [ 85.9983493, 51.9525788 ], [ 85.9983945, 51.9516049 ], [ 85.9983699, 51.951196 ], [ 85.9983212, 51.951121 ], [ 85.9982413, 51.9510755 ], [ 85.9979001, 51.9510449 ], [ 85.9972649, 51.9510642 ] ] ] } },
{ "type": "Feature", "properties": { "highway": "service", "surface": null, "ref": null, "name": null, "Класс": "Проезды" }, "geometry": { "type": "MultiLineString", "coordinates": [ [ [ 85.9958413, 51.9507886 ], [ 85.9962143, 51.9504748 ], [ 85.9964527, 51.9501589 ], [ 85.9965171, 51.9501158 ] ] ] } },
{ "type": "Feature", "properties": { "highway": "residential", "surface": null, "ref": null, "name": "Юбилейная улица", "Класс": "Прочие" }, "geometry": { "type": "MultiLineString", "coordinates": [ [ [ 85.99412, 51.9488741 ], [ 85.9949149, 51.9489686 ], [ 85.9951414, 51.9490421 ], [ 85.9954393, 51.9491859 ], [ 85.9958804, 51.9494744 ], [ 85.9960405, 51.9495616 ], [ 85.9961244, 51.9495538 ], [ 85.996314, 51.9495094 ] ] ] } },
{ "type": "Feature", "properties": { "highway": "residential", "surface": null, "ref": null, "name": "переулок Мирона Эдокова", "Класс": "Прочие" }, "geometry": { "type": "MultiLineString", "coordinates": [ [ [ 85.9989991, 51.9499053 ], [ 85.9977044, 51.9507099 ], [ 85.9958413, 51.9507886 ] ] ] } },
{ "type": "Feature", "properties": { "highway": "service", "surface": null, "ref": null, "name": null, "Класс": "Проезды" }, "geometry": { "type": "MultiLineString", "coordinates": [ [ [ 85.9881978, 51.9504275 ], [ 85.9876015, 51.9509239 ] ] ] } },
{ "type": "Feature", "properties": { "highway": "service", "surface": null, "ref": null, "name": null, "Класс": "Проезды" }, "geometry": { "type": "MultiLineString", "coordinates": [ [ [ 85.9880803, 51.9519711 ], [ 85.9886922, 51.9513418 ], [ 85.9893143, 51.9508095 ] ] ] } },
{ "type": "Feature", "properties": { "highway": "service", "surface": null, "ref": null, "name": null, "Класс": "Проезды" }, "geometry": { "type": "MultiLineString", "coordinates": [ [ [ 85.9870765, 51.9469878 ], [ 85.9862879, 51.9466564 ], [ 85.9856571, 51.946284 ], [ 85.9852039, 51.9457308 ] ] ] } },
{ "type": "Feature", "properties": { "highway": "service", "surface": null, "ref": null, "name": null, "Класс": "Проезды" }, "geometry": { "type": "MultiLineString", "coordinates": [ [ [ 85.9784754, 51.944309 ], [ 85.9797217, 51.9432442 ], [ 85.9803259, 51.9427239 ], [ 85.980859, 51.9420502 ] ] ] } },
{ "type": "Feature", "properties": { "highway": "service", "surface": null, "ref": null, "name": null, "Класс": "Проезды" }, "geometry": { "type": "MultiLineString", "coordinates": [ [ [ 85.9791786, 51.9445937 ], [ 85.9799616, 51.9442137 ], [ 85.9807524, 51.9436167 ], [ 85.9817831, 51.9426472 ] ] ] } },
{ "type": "Feature", "properties": { "highway": "residential", "surface": null, "ref": null, "name": "Островной переулок", "Класс": "Прочие" }, "geometry": { "type": "MultiLineString", "coordinates": [ [ [ 85.974835, 51.944582 ], [ 85.9745099, 51.9444464 ], [ 85.9740222, 51.9442755 ], [ 85.9738023, 51.944081 ], [ 85.9736779, 51.9438452 ], [ 85.9737258, 51.9430847 ], [ 85.9735728, 51.9425542 ], [ 85.9736779, 51.9421887 ], [ 85.9737387, 51.9421683 ], [ 85.9749713, 51.9422311 ] ] ] } },
{ "type": "Feature", "properties": { "highway": "service", "surface": null, "ref": null, "name": null, "Класс": "Проезды" }, "geometry": { "type": "MultiLineString", "coordinates": [ [ [ 85.9841462, 51.93703 ], [ 85.984057, 51.937614 ], [ 85.9839597, 51.9377302 ] ] ] } },
{ "type": "Feature", "properties": { "highway": "residential", "surface": null, "ref": null, "name": "Чойская улица", "Класс": "Прочие" }, "geometry": { "type": "MultiLineString", "coordinates": [ [ [ 85.9862234, 51.9318783 ], [ 85.9869325, 51.9318958 ], [ 85.9876097, 51.9319134 ], [ 85.9890277, 51.9319365 ] ] ] } },
{ "type": "Feature", "properties": { "highway": "service", "surface": null, "ref": null, "name": null, "Класс": "Проезды" }, "geometry": { "type": "MultiLineString", "coordinates": [ [ [ 85.9745988, 51.9308283 ], [ 85.9749769, 51.9306829 ], [ 85.9756927, 51.9308553 ] ] ] } },
{ "type": "Feature", "properties": { "highway": "service", "surface": null, "ref": null, "name": null, "Класс": "Проезды" }, "geometry": { "type": "MultiLineString", "coordinates": [ [ [ 85.9782482, 51.9199465 ], [ 85.978843, 51.9192852 ], [ 85.9790212, 51.9191599 ], [ 85.9801035, 51.9190872 ], [ 85.9802645, 51.9191495 ], [ 85.9804625, 51.9191939 ], [ 85.9821095, 51.9190569 ] ] ] } },
{ "type": "Feature", "properties": { "highway": "service", "surface": null, "ref": null, "name": null, "Класс": "Проезды" }, "geometry": { "type": "MultiLineString", "coordinates": [ [ [ 85.9776096, 51.9171488 ], [ 85.9785562, 51.9171323 ], [ 85.9792865, 51.9169945 ], [ 85.9794118, 51.9169708 ], [ 85.9816565, 51.9168218 ], [ 85.9819088, 51.9167663 ], [ 85.9819948, 51.9167506 ], [ 85.9820687, 51.9167506 ], [ 85.9821581, 51.9167668 ], [ 85.9822335, 51.9167934 ], [ 85.9822905, 51.9168257 ], [ 85.9823583, 51.9168751 ], [ 85.9824292, 51.9169597 ], [ 85.9825139, 51.9170785 ], [ 85.9825709, 51.9171545 ], [ 85.9826033, 51.9171868 ], [ 85.9826433, 51.9172162 ], [ 85.9827127, 51.9172581 ], [ 85.9827866, 51.9172828 ], [ 85.9829145, 51.9173046 ], [ 85.9830084, 51.9173122 ], [ 85.9831552, 51.9173099 ] ] ] } },
{ "type": "Feature", "properties": { "highway": "service", "surface": null, "ref": null, "name": null, "Класс": "Проезды" }, "geometry": { "type": "MultiLineString", "coordinates": [ [ [ 85.9792865, 51.9169945 ], [ 85.9791601, 51.9163499 ], [ 85.9787978, 51.9157415 ] ] ] } },
{ "type": "Feature", "properties": { "highway": "service", "surface": null, "ref": null, "name": null, "Класс": "Проезды" }, "geometry": { "type": "MultiLineString", "coordinates": [ [ [ 85.9801035, 51.9190872 ], [ 85.9802473, 51.9184236 ], [ 85.9801567, 51.9182684 ], [ 85.9802271, 51.9180636 ], [ 85.9801869, 51.9179021 ], [ 85.9803479, 51.9177842 ], [ 85.9808512, 51.9178276 ], [ 85.9809418, 51.9178587 ], [ 85.9810123, 51.9180449 ], [ 85.98066, 51.9182188 ], [ 85.9802473, 51.9184236 ] ] ] } },
{ "type": "Feature", "properties": { "highway": "service", "surface": null, "ref": null, "name": null, "Класс": "Проезды" }, "geometry": { "type": "MultiLineString", "coordinates": [ [ [ 85.9769132, 51.9149463 ], [ 85.9773986, 51.914866 ], [ 85.977761, 51.9149964 ], [ 85.9782441, 51.9150647 ], [ 85.9792105, 51.9150957 ], [ 85.9796634, 51.9150709 ], [ 85.9797641, 51.9150088 ], [ 85.9797742, 51.9148474 ], [ 85.9797742, 51.9144562 ], [ 85.9798245, 51.9141147 ] ] ] } },
{ "type": "Feature", "properties": { "highway": "service", "surface": null, "ref": null, "name": null, "Класс": "Проезды" }, "geometry": { "type": "MultiLineString", "coordinates": [ [ [ 85.9767041, 51.9134034 ], [ 85.9770664, 51.9133448 ], [ 85.9784958, 51.9133696 ], [ 85.9801466, 51.9131088 ] ] ] } },
{ "type": "Feature", "properties": { "highway": "service", "surface": null, "ref": null, "name": null, "Класс": "Проезды" }, "geometry": { "type": "MultiLineString", "coordinates": [ [ [ 85.9907172, 51.9138209 ], [ 85.9910035, 51.9140654 ], [ 85.9911812, 51.9141152 ], [ 85.9919967, 51.9142148 ], [ 85.99266, 51.9143658 ], [ 85.9932403, 51.9144938 ], [ 85.9937722, 51.914558 ] ] ] } },
{ "type": "Feature", "properties": { "highway": "service", "surface": null, "ref": null, "name": null, "Класс": "Проезды" }, "geometry": { "type": "MultiLineString", "coordinates": [ [ [ 85.99266, 51.9143658 ], [ 85.9928657, 51.9140463 ], [ 85.9930788, 51.9136221 ], [ 85.9931578, 51.9134014 ], [ 85.9932606, 51.912865 ] ] ] } },
{ "type": "Feature", "properties": { "highway": "service", "surface": null, "ref": null, "name": null, "Класс": "Проезды" }, "geometry": { "type": "MultiLineString", "coordinates": [ [ [ 85.9919967, 51.9142148 ], [ 85.9924812, 51.9133581 ], [ 85.9924893, 51.9130892 ], [ 85.9923117, 51.9127455 ] ] ] } },
{ "type": "Feature", "properties": { "highway": "service", "surface": null, "ref": null, "name": null, "Класс": "Проезды" }, "geometry": { "type": "MultiLineString", "coordinates": [ [ [ 85.9907172, 51.9138209 ], [ 85.990406, 51.9136919 ], [ 85.989585, 51.9133051 ] ] ] } },
{ "type": "Feature", "properties": { "highway": "residential", "surface": null, "ref": null, "name": "Уральская улица", "Класс": "Прочие" }, "geometry": { "type": "MultiLineString", "coordinates": [ [ [ 85.9986046, 51.9190094 ], [ 85.9986955, 51.9194901 ], [ 85.9987162, 51.9196968 ], [ 85.9986083, 51.9199948 ], [ 85.9985868, 51.9201798 ], [ 85.9985884, 51.920363 ], [ 85.9986538, 51.9205474 ], [ 85.9991211, 51.9213465 ], [ 85.9994609, 51.9217356 ], [ 85.9999807, 51.9225329 ] ] ] } },
{ "type": "Feature", "properties": { "highway": "residential", "surface": null, "ref": null, "name": "Красноярская улица", "Класс": "Прочие" }, "geometry": { "type": "MultiLineString", "coordinates": [ [ [ 86.0045546, 51.9217729 ], [ 86.0039428, 51.9218046 ], [ 86.0032414, 51.9217704 ], [ 86.0029621, 51.9217758 ], [ 86.0025465, 51.9217268 ], [ 86.0022962, 51.9216607 ], [ 86.0019804, 51.9215468 ], [ 86.0017389, 51.9213792 ], [ 86.0015479, 51.9211892 ], [ 86.0013475, 51.920938 ], [ 86.001051, 51.9206169 ], [ 86.000401, 51.9201463 ], [ 86.00002, 51.9198949 ], [ 85.9999251, 51.9197947 ], [ 85.999732, 51.9192967 ], [ 85.9995601, 51.9188525 ], [ 85.9991258, 51.9178724 ], [ 85.9988715, 51.9177729 ], [ 85.9986913, 51.9177433 ], [ 85.9985707, 51.9176815 ], [ 85.9984794, 51.9176043 ], [ 85.9981118, 51.917237 ], [ 85.9977525, 51.9170716 ], [ 85.9974404, 51.9168674 ] ] ] } },
{ "type": "Feature", "properties": { "highway": "residential", "surface": null, "ref": null, "name": "Тюменская улица", "Класс": "Прочие" }, "geometry": { "type": "MultiLineString", "coordinates": [ [ [ 85.9999958, 51.9167496 ], [ 86.0000827, 51.9168099 ], [ 86.0001594, 51.9169524 ], [ 86.0001585, 51.9171016 ], [ 86.0001504, 51.9173612 ], [ 86.0001191, 51.9174527 ], [ 86.0000075, 51.9176418 ], [ 86.0000361, 51.9177238 ], [ 86.0002514, 51.9183936 ], [ 86.0004753, 51.9188366 ], [ 86.0005501, 51.9188765 ], [ 86.0007329, 51.9191702 ], [ 86.0008666, 51.9195498 ], [ 86.00101, 51.9197353 ], [ 86.0012501, 51.9200048 ], [ 86.0014818, 51.9203001 ], [ 86.0015081, 51.920412 ], [ 86.0014781, 51.920458 ], [ 86.001051, 51.9206169 ] ] ] } },
{ "type": "Feature", "properties": { "highway": "track", "surface": null, "ref": null, "name": null, "Класс": "Прочие" }, "geometry": { "type": "MultiLineString", "coordinates": [ [ [ 85.9433906, 51.9708459 ], [ 85.9431792, 51.9705922 ], [ 85.943003, 51.9704213 ], [ 85.9429396, 51.9703384 ], [ 85.9428844, 51.9702662 ], [ 85.9428343, 51.9701908 ], [ 85.942841, 51.9700982 ], [ 85.9430703, 51.9700156 ], [ 85.9432836, 51.969971 ], [ 85.9433386, 51.9699627 ], [ 85.9434541, 51.9699729 ], [ 85.9437202, 51.9699206 ], [ 85.944019, 51.9698111 ], [ 85.9441271, 51.9697215 ], [ 85.9443219, 51.9696438 ], [ 85.9445799, 51.9696093 ], [ 85.9448138, 51.9695612 ], [ 85.9450632, 51.969462 ], [ 85.9451464, 51.96931 ], [ 85.9452644, 51.9689266 ], [ 85.9455407, 51.9680673 ] ] ] } },
{ "type": "Feature", "properties": { "highway": "residential", "surface": null, "ref": null, "name": "Хребтовый переулок", "Класс": "Прочие" }, "geometry": { "type": "MultiLineString", "coordinates": [ [ [ 85.9601234, 51.9279838 ], [ 85.9608392, 51.9279155 ], [ 85.9612294, 51.9279799 ] ] ] } },
{ "type": "Feature", "properties": { "highway": "residential", "surface": null, "ref": null, "name": null, "Класс": "Прочие" }, "geometry": { "type": "MultiLineString", "coordinates": [ [ [ 85.9613404, 51.929047 ], [ 85.9611652, 51.9288124 ], [ 85.9610089, 51.9285795 ], [ 85.9608591, 51.9284309 ], [ 85.9606572, 51.9282903 ], [ 85.9601947, 51.9280573 ], [ 85.9601234, 51.9279838 ] ] ] } },
{ "type": "Feature", "properties": { "highway": "residential", "surface": null, "ref": null, "name": "улица Веселова", "Класс": "Прочие" }, "geometry": { "type": "MultiLineString", "coordinates": [ [ [ 85.9649676, 51.9291836 ], [ 85.9649277, 51.9291438 ], [ 85.9648231, 51.9291289 ], [ 85.9641243, 51.9291519 ], [ 85.9632691, 51.9291578 ], [ 85.9625331, 51.9290976 ], [ 85.961758, 51.9290976 ], [ 85.9614435, 51.9290908 ], [ 85.9613404, 51.929047 ] ] ] } },
{ "type": "Feature", "properties": { "highway": "residential", "surface": null, "ref": null, "name": "Весенний переулок", "Класс": "Прочие" }, "geometry": { "type": "MultiLineString", "coordinates": [ [ [ 85.9643612, 51.9296713 ], [ 85.9643295, 51.9295837 ], [ 85.964355, 51.9295316 ], [ 85.9649676, 51.9291836 ] ] ] } },
{ "type": "Feature", "properties": { "highway": "residential", "surface": null, "ref": null, "name": null, "Класс": "Прочие" }, "geometry": { "type": "MultiLineString", "coordinates": [ [ [ 85.9689341, 51.9313703 ], [ 85.9688422, 51.9311625 ], [ 85.9688765, 51.9309561 ], [ 85.968583, 51.9309164 ], [ 85.9677279, 51.930819 ], [ 85.9676811, 51.9304476 ], [ 85.9677016, 51.9299901 ], [ 85.967701984217271, 51.929878244890133 ], [ 85.9677024, 51.9297572 ], [ 85.96778, 51.9296784 ], [ 85.9678725, 51.9296464 ], [ 85.9679352, 51.9296097 ], [ 85.968153, 51.929498 ], [ 85.9685527, 51.9293734 ], [ 85.9685972, 51.9293052 ], [ 85.9685038, 51.929074 ] ] ] } },
{ "type": "Feature", "properties": { "highway": "residential", "surface": null, "ref": null, "name": "улица Чепкина", "Класс": "Прочие" }, "geometry": { "type": "MultiLineString", "coordinates": [ [ [ 85.9661123, 51.9297887 ], [ 85.96621, 51.9295156 ], [ 85.9662751, 51.9294875 ], [ 85.966477, 51.9294473 ], [ 85.9668548, 51.9294754 ], [ 85.96778, 51.9296784 ] ] ] } },
{ "type": "Feature", "properties": { "highway": "residential", "surface": "gravel", "ref": null, "name": null, "Класс": "Прочие" }, "geometry": { "type": "MultiLineString", "coordinates": [ [ [ 85.8801012, 51.9707563 ], [ 85.8804075, 51.9707404 ], [ 85.8812954, 51.9706313 ], [ 85.8817755, 51.9705702 ], [ 85.8821296, 51.9705008 ], [ 85.8825763, 51.9703485 ], [ 85.8829986, 51.9702347 ], [ 85.883292, 51.9702684 ], [ 85.8835729, 51.9703238 ] ] ] } },
{ "type": "Feature", "properties": { "highway": "service", "surface": null, "ref": null, "name": null, "Класс": "Проезды" }, "geometry": { "type": "MultiLineString", "coordinates": [ [ [ 85.9469074, 51.9743769 ], [ 85.9473606, 51.9744396 ], [ 85.9483353, 51.9747125 ], [ 85.9495593, 51.9748762 ], [ 85.9497808, 51.9750059 ], [ 85.9509826, 51.9751867 ], [ 85.9511603, 51.9752213 ], [ 85.9513515, 51.9753172 ] ] ] } },
{ "type": "Feature", "properties": { "highway": "unclassified", "surface": null, "ref": null, "name": null, "Класс": "Прочие" }, "geometry": { "type": "MultiLineString", "coordinates": [ [ [ 85.9465147, 51.9746988 ], [ 85.9463471, 51.9745487 ], [ 85.9461533, 51.9744634 ], [ 85.9459594, 51.9744157 ], [ 85.9457268, 51.9743031 ], [ 85.9450955, 51.9742007 ] ] ] } },
{ "type": "Feature", "properties": { "highway": "service", "surface": null, "ref": null, "name": null, "Класс": "Проезды" }, "geometry": { "type": "MultiLineString", "coordinates": [ [ [ 85.9491091, 51.9762694 ], [ 85.948651, 51.9762067 ], [ 85.9471169, 51.9758963 ], [ 85.9464745, 51.9758178 ], [ 85.946109, 51.9756541 ] ] ] } },
{ "type": "Feature", "properties": { "highway": "service", "surface": null, "ref": null, "name": null, "Класс": "Проезды" }, "geometry": { "type": "MultiLineString", "coordinates": [ [ [ 85.9479506, 51.9770192 ], [ 85.947632, 51.976988 ], [ 85.9471889, 51.9768856 ], [ 85.9466351, 51.9768413 ], [ 85.9452782, 51.9766264 ] ] ] } },
{ "type": "Feature", "properties": { "highway": "service", "surface": null, "ref": null, "name": null, "Класс": "Проезды" }, "geometry": { "type": "MultiLineString", "coordinates": [ [ [ 85.9477602, 51.9773725 ], [ 85.9476375, 51.9774621 ], [ 85.9472831, 51.9774656 ], [ 85.9464523, 51.9773086 ], [ 85.9458819, 51.9770903 ], [ 85.9447853, 51.9769743 ], [ 85.9444586, 51.97693 ], [ 85.9435115, 51.9769948 ], [ 85.9426753, 51.9768856 ] ] ] } },
{ "type": "Feature", "properties": { "highway": "service", "surface": null, "ref": null, "name": null, "Класс": "Проезды" }, "geometry": { "type": "MultiLineString", "coordinates": [ [ [ 85.9479029, 51.9782476 ], [ 85.9477704, 51.9783184 ], [ 85.9465742, 51.9781478 ], [ 85.9457656, 51.9779022 ], [ 85.9448241, 51.9777589 ] ] ] } },
{ "type": "Feature", "properties": { "highway": "service", "surface": null, "ref": null, "name": null, "Класс": "Проезды" }, "geometry": { "type": "MultiLineString", "coordinates": [ [ [ 85.9477613, 51.9771879 ], [ 85.9483076, 51.9771483 ], [ 85.9489999, 51.9770596 ], [ 85.9491716, 51.9769573 ], [ 85.9497753, 51.9770084 ] ] ] } },
{ "type": "Feature", "properties": { "highway": "residential", "surface": null, "ref": null, "name": "Советская улица", "Класс": "Прочие" }, "geometry": { "type": "MultiLineString", "coordinates": [ [ [ 85.9716689, 51.956777 ], [ 85.9716184, 51.9567319 ], [ 85.9714276, 51.9565644 ], [ 85.9712657, 51.9563364 ], [ 85.9712279, 51.9561056 ], [ 85.9712207, 51.9559141 ], [ 85.9713219, 51.9557448 ], [ 85.9714086, 51.9555711 ], [ 85.9714303, 51.955393 ], [ 85.9713797, 51.9552772 ], [ 85.9713723, 51.9551449 ], [ 85.9714056, 51.9550514 ], [ 85.9715129, 51.9549192 ], [ 85.9715742, 51.9548269 ] ] ] } },
{ "type": "Feature", "properties": { "highway": "residential", "surface": null, "ref": null, "name": null, "Класс": "Прочие" }, "geometry": { "type": "MultiLineString", "coordinates": [ [ [ 85.8876687, 51.9698347 ], [ 85.8878732, 51.9697272 ], [ 85.8881387, 51.9696459 ], [ 85.888201, 51.9695781 ] ] ] } },
{ "type": "Feature", "properties": { "highway": "residential", "surface": null, "ref": null, "name": "Первомайская улица", "Класс": "Прочие" }, "geometry": { "type": "MultiLineString", "coordinates": [ [ [ 85.9416422, 51.9583889 ], [ 85.9415485, 51.9584443 ], [ 85.9414346, 51.9586054 ], [ 85.9413407, 51.9587856 ], [ 85.9412763, 51.9590451 ], [ 85.9412012, 51.9592583 ], [ 85.9410939, 51.9594847 ], [ 85.9410054, 51.9597161 ], [ 85.9408955, 51.9599062 ], [ 85.9408042, 51.9601806 ] ] ] } },
{ "type": "Feature", "properties": { "highway": "residential", "surface": null, "ref": null, "name": "Пограничная улица", "Класс": "Прочие" }, "geometry": { "type": "MultiLineString", "coordinates": [ [ [ 85.9424727, 51.9585277 ], [ 85.9425917, 51.9584576 ] ] ] } },
{ "type": "Feature", "properties": { "highway": "residential", "surface": null, "ref": null, "name": "Красноармейская улица", "Класс": "Прочие" }, "geometry": { "type": "MultiLineString", "coordinates": [ [ [ 85.9425917, 51.9584576 ], [ 85.9430358, 51.9585112 ], [ 85.9435133, 51.9586038 ], [ 85.9441409, 51.958779 ], [ 85.9445379, 51.9588595 ], [ 85.9449402, 51.958941 ], [ 85.9452956, 51.9589967 ], [ 85.9455088, 51.9590302 ] ] ] } },
{ "type": "Feature", "properties": { "highway": "residential", "surface": null, "ref": null, "name": "Красноармейская улица", "Класс": "Прочие" }, "geometry": { "type": "MultiLineString", "coordinates": [ [ [ 85.9366816, 51.9578027 ], [ 85.9369925, 51.9578289 ], [ 85.9390849, 51.9580718 ], [ 85.9396866, 51.9580932 ], [ 85.9408834, 51.958225 ], [ 85.9409164, 51.9582287 ], [ 85.9411428, 51.9582536 ] ] ] } },
{ "type": "Feature", "properties": { "highway": "residential", "surface": null, "ref": null, "name": null, "Класс": "Прочие" }, "geometry": { "type": "MultiLineString", "coordinates": [ [ [ 85.913215, 51.943537 ], [ 85.9135003, 51.9434473 ], [ 85.9137154, 51.9435701 ], [ 85.9139759, 51.9436504 ], [ 85.9141454, 51.9437358 ], [ 85.9142882, 51.943841 ], [ 85.9143935, 51.9439879 ], [ 85.914754, 51.944322 ] ] ] } },
{ "type": "Feature", "properties": { "highway": "residential", "surface": null, "ref": null, "name": null, "Класс": "Прочие" }, "geometry": { "type": "MultiLineString", "coordinates": [ [ [ 85.9181746, 51.9418666 ], [ 85.9178147, 51.9417434 ], [ 85.9175974, 51.9416822 ], [ 85.9173394, 51.941649 ], [ 85.9170985, 51.9416541 ], [ 85.9167855, 51.941682 ], [ 85.9166694, 51.9416442 ], [ 85.9164412, 51.9415097 ], [ 85.9162992, 51.9415747 ], [ 85.9161535, 51.9416963 ], [ 85.9157489, 51.9417035 ], [ 85.9155488, 51.9416206 ], [ 85.9153497, 51.9414838 ], [ 85.915192, 51.9413076 ], [ 85.9150966, 51.9410814 ] ] ] } },
{ "type": "Feature", "properties": { "highway": "residential", "surface": null, "ref": null, "name": "Средняя улица", "Класс": "Прочие" }, "geometry": { "type": "MultiLineString", "coordinates": [ [ [ 85.9150966, 51.9410814 ], [ 85.9152563, 51.9406292 ], [ 85.915396, 51.9402994 ], [ 85.915632, 51.9397594 ], [ 85.9157077, 51.9393809 ], [ 85.9157848, 51.9391247 ], [ 85.9158726, 51.9388709 ], [ 85.9159609, 51.938544 ], [ 85.9161553, 51.9382498 ], [ 85.9162967, 51.938021 ], [ 85.9164734, 51.9378576 ], [ 85.916766, 51.9377458 ], [ 85.917312, 51.9375989 ] ] ] } },
{ "type": "Feature", "properties": { "highway": "residential", "surface": "gravel", "ref": null, "name": "Вишнёвая улица", "Класс": "Прочие" }, "geometry": { "type": "MultiLineString", "coordinates": [ [ [ 85.9228835, 51.9378241 ], [ 85.923104, 51.9378278 ], [ 85.9233063, 51.9377825 ], [ 85.924057, 51.9376278 ] ] ] } },
{ "type": "Feature", "properties": { "highway": "residential", "surface": null, "ref": null, "name": "Земляничная улица", "Класс": "Прочие" }, "geometry": { "type": "MultiLineString", "coordinates": [ [ [ 85.9222879, 51.9358468 ], [ 85.9229737, 51.9358312 ], [ 85.9237033, 51.9358179 ], [ 85.9242313, 51.935939 ] ] ] } },
{ "type": "Feature", "properties": { "highway": "residential", "surface": null, "ref": null, "name": "Яблоневая улица", "Класс": "Прочие" }, "geometry": { "type": "MultiLineString", "coordinates": [ [ [ 85.9184533, 51.9365488 ], [ 85.9189278, 51.9365859 ], [ 85.9193366, 51.936572 ], [ 85.9207277, 51.9365311 ], [ 85.9216755, 51.9365191 ], [ 85.9226948, 51.9364993 ], [ 85.9235799, 51.9364828 ], [ 85.9241401, 51.9364868 ] ] ] } },
{ "type": "Feature", "properties": { "highway": "residential", "surface": null, "ref": null, "name": "Виноградная улица", "Класс": "Прочие" }, "geometry": { "type": "MultiLineString", "coordinates": [ [ [ 85.9226735, 51.9436161 ], [ 85.9229846, 51.9434574 ], [ 85.9231562, 51.9433119 ], [ 85.9233816, 51.9430936 ], [ 85.9235444, 51.9428993 ], [ 85.923639, 51.942796 ], [ 85.9238536, 51.9424454 ], [ 85.9239931, 51.9421875 ], [ 85.9239489, 51.941917 ], [ 85.9238107, 51.9416584 ], [ 85.9237611, 51.9413085 ], [ 85.9238054, 51.9410632 ], [ 85.9238536, 51.9409309 ] ] ] } },
{ "type": "Feature", "properties": { "highway": "residential", "surface": null, "ref": null, "name": null, "Класс": "Прочие" }, "geometry": { "type": "MultiLineString", "coordinates": [ [ [ 85.9258277, 51.9402628 ], [ 85.9259374, 51.9397345 ] ] ] } },
{ "type": "Feature", "properties": { "highway": "residential", "surface": null, "ref": null, "name": "Виноградная улица", "Класс": "Прочие" }, "geometry": { "type": "MultiLineString", "coordinates": [ [ [ 85.9238536, 51.9409309 ], [ 85.9239073, 51.9408184 ], [ 85.9242291, 51.9406861 ], [ 85.9258277, 51.9402628 ], [ 85.9269328, 51.940157 ], [ 85.9281236, 51.9400677 ], [ 85.9281237, 51.9395981 ] ] ] } },
{ "type": "Feature", "properties": { "highway": "residential", "surface": null, "ref": null, "name": "Абрикосовая улица", "Класс": "Прочие" }, "geometry": { "type": "MultiLineString", "coordinates": [ [ [ 85.9222226, 51.9406686 ], [ 85.9226735, 51.9400578 ], [ 85.9228237, 51.9400115 ], [ 85.9241675, 51.9399867 ], [ 85.924736, 51.9399354 ], [ 85.9259374, 51.9397345 ], [ 85.9264755, 51.9396484 ], [ 85.9266837, 51.9396096 ], [ 85.9274518, 51.9395889 ], [ 85.9281237, 51.9395981 ] ] ] } },
{ "type": "Feature", "properties": { "highway": "residential", "surface": null, "ref": null, "name": "Виноградная улица", "Класс": "Прочие" }, "geometry": { "type": "MultiLineString", "coordinates": [ [ [ 85.9281236, 51.9400677 ], [ 85.9283853, 51.9400699 ], [ 85.9290726, 51.9400756 ], [ 85.9295876, 51.9400227 ], [ 85.929814, 51.9400066 ], [ 85.9300487, 51.9399983 ] ] ] } },
{ "type": "Feature", "properties": { "highway": "residential", "surface": null, "ref": null, "name": "улица Хохолкова", "Класс": "Прочие" }, "geometry": { "type": "MultiLineString", "coordinates": [ [ [ 85.9235444, 51.9428993 ], [ 85.9233105, 51.9424825 ], [ 85.9227602, 51.9413372 ], [ 85.9224652, 51.9409239 ], [ 85.9222226, 51.9406686 ], [ 85.9218215, 51.9404279 ], [ 85.9215049, 51.9402327 ], [ 85.9212951, 51.9401122 ], [ 85.9205501, 51.9396705 ], [ 85.920432, 51.9395019 ], [ 85.9203838, 51.9393365 ], [ 85.9203838, 51.9392372 ], [ 85.9205876, 51.9389925 ], [ 85.9208987, 51.9388106 ], [ 85.9212635, 51.9386783 ], [ 85.9226529, 51.9386585 ], [ 85.9230959, 51.9386662 ], [ 85.9233718, 51.9386519 ], [ 85.9235917, 51.9386122 ], [ 85.9241925, 51.9384204 ], [ 85.9245712, 51.9382891 ], [ 85.9246623, 51.9382263 ], [ 85.9246784, 51.9381337 ], [ 85.92448, 51.9378493 ] ] ] } },
{ "type": "Feature", "properties": { "highway": "residential", "surface": null, "ref": null, "name": null, "Класс": "Прочие" }, "geometry": { "type": "MultiLineString", "coordinates": [ [ [ 85.9231926, 51.9372165 ], [ 85.9236185, 51.937458 ], [ 85.924057, 51.9376278 ] ] ] } },
{ "type": "Feature", "properties": { "highway": "residential", "surface": null, "ref": null, "name": null, "Класс": "Прочие" }, "geometry": { "type": "MultiLineString", "coordinates": [ [ [ 85.9188764, 51.9347889 ], [ 85.920078, 51.9348154 ], [ 85.9204106, 51.934822 ] ] ] } },
{ "type": "Feature", "properties": { "highway": "residential", "surface": null, "ref": null, "name": null, "Класс": "Прочие" }, "geometry": { "type": "MultiLineString", "coordinates": [ [ [ 85.9126639, 51.9436696 ], [ 85.9129374, 51.9435913 ], [ 85.9130575, 51.9435678 ] ] ] } },
{ "type": "Feature", "properties": { "highway": "residential", "surface": null, "ref": null, "name": "улица имени маршала Г.К.Жукова", "Класс": "Прочие" }, "geometry": { "type": "MultiLineString", "coordinates": [ [ [ 85.9070667, 51.9584204 ], [ 85.9061371, 51.9578927 ], [ 85.9054928, 51.957536 ], [ 85.9054411, 51.9574302 ], [ 85.9053585, 51.9573214 ], [ 85.9051654, 51.9571876 ], [ 85.9045324, 51.9568916 ], [ 85.9044412, 51.9568487 ], [ 85.9043531, 51.9568296 ], [ 85.9042293, 51.9568288 ], [ 85.9038833, 51.9568702 ], [ 85.9037652, 51.9568603 ], [ 85.9036742, 51.956845 ], [ 85.9035903, 51.9568346 ] ] ] } },
{ "type": "Feature", "properties": { "highway": "residential", "surface": null, "ref": null, "name": "улица Карбышева", "Класс": "Прочие" }, "geometry": { "type": "MultiLineString", "coordinates": [ [ [ 85.9073609, 51.9598026 ], [ 85.9070026, 51.9592848 ], [ 85.906195, 51.9587911 ], [ 85.905257, 51.9582212 ], [ 85.9047034, 51.957864 ], [ 85.9038412, 51.9574602 ], [ 85.9037792, 51.9574064 ], [ 85.9037551, 51.9573506 ], [ 85.9037759, 51.9572933 ], [ 85.9038291, 51.9572305 ], [ 85.9039208, 51.9571942 ], [ 85.9040214, 51.9571929 ], [ 85.9041085, 51.9572041 ], [ 85.9041735, 51.957234 ], [ 85.9044298, 51.9573863 ], [ 85.9047432, 51.957574 ], [ 85.9048762, 51.9576203 ], [ 85.904991, 51.9576437 ], [ 85.9051072, 51.9576425 ], [ 85.9052804, 51.9576071 ], [ 85.9054928, 51.957536 ] ] ] } },
{ "type": "Feature", "properties": { "highway": "residential", "surface": null, "ref": null, "name": "улица имени маршала Г.К.Жукова", "Класс": "Прочие" }, "geometry": { "type": "MultiLineString", "coordinates": [ [ [ 85.9104514, 51.959576 ], [ 85.9103059, 51.9596302 ], [ 85.9100793, 51.959695 ], [ 85.9094852, 51.9597992 ], [ 85.9086739, 51.9598617 ], [ 85.9084217, 51.9598358 ], [ 85.9081748, 51.9597644 ], [ 85.9079683, 51.9596753 ], [ 85.9078629, 51.9595923 ], [ 85.9077236, 51.959352 ], [ 85.9075612, 51.959087 ], [ 85.9073148, 51.9586604 ], [ 85.9071993, 51.9585262 ], [ 85.9070667, 51.9584204 ], [ 85.9073552, 51.9583121 ], [ 85.9075734, 51.9581894 ], [ 85.9076988, 51.9580864 ], [ 85.9078348, 51.9579369 ], [ 85.9080246, 51.9578322 ], [ 85.908203, 51.9577377 ], [ 85.9084337, 51.9576977 ] ] ] } },
{ "type": "Feature", "properties": { "highway": "residential", "surface": null, "ref": null, "name": "переулок Жукова", "Класс": "Прочие" }, "geometry": { "type": "MultiLineString", "coordinates": [ [ [ 85.9104514, 51.959576 ], [ 85.9105432, 51.9595065 ], [ 85.9105813, 51.9591602 ], [ 85.9105773, 51.9589912 ], [ 85.9105089, 51.9579642 ], [ 85.910391, 51.9578281 ] ] ] } },
{ "type": "Feature", "properties": { "highway": "residential", "surface": null, "ref": null, "name": "переулок Жукова", "Класс": "Прочие" }, "geometry": { "type": "MultiLineString", "coordinates": [ [ [ 85.9105813, 51.9591602 ], [ 85.909701, 51.9591627 ], [ 85.9090272, 51.9592117 ], [ 85.9089391, 51.9591852 ], [ 85.9085671, 51.9585914 ], [ 85.908431, 51.9583091 ] ] ] } },
{ "type": "Feature", "properties": { "highway": "residential", "surface": null, "ref": null, "name": null, "Класс": "Прочие" }, "geometry": { "type": "MultiLineString", "coordinates": [ [ [ 85.9089391, 51.9591852 ], [ 85.9089334, 51.9586232 ], [ 85.9088739, 51.9584141 ] ] ] } },
{ "type": "Feature", "properties": { "highway": "residential", "surface": null, "ref": null, "name": null, "Класс": "Прочие" }, "geometry": { "type": "MultiLineString", "coordinates": [ [ [ 85.9089334, 51.9586232 ], [ 85.9096775, 51.9585853 ] ] ] } },
{ "type": "Feature", "properties": { "highway": "residential", "surface": null, "ref": null, "name": "Яровой переулок", "Класс": "Прочие" }, "geometry": { "type": "MultiLineString", "coordinates": [ [ [ 85.9113153, 51.9571229 ], [ 85.9112779, 51.9573034 ], [ 85.9112672, 51.9574092 ], [ 85.9115032, 51.9577001 ], [ 85.9115919, 51.9578206 ], [ 85.91164, 51.9579992 ], [ 85.9117688, 51.9583116 ], [ 85.9120101, 51.9584538 ], [ 85.912174, 51.958528 ], [ 85.9123108, 51.9585495 ], [ 85.9124273, 51.9586314 ] ] ] } },
{ "type": "Feature", "properties": { "highway": "residential", "surface": null, "ref": null, "name": null, "Класс": "Прочие" }, "geometry": { "type": "MultiLineString", "coordinates": [ [ [ 85.9113067, 51.9585526 ], [ 85.911631, 51.9585185 ], [ 85.9117931, 51.9585112 ], [ 85.9118603, 51.9584942 ], [ 85.9120101, 51.9584538 ] ] ] } },
{ "type": "Feature", "properties": { "highway": "residential", "surface": null, "ref": null, "name": "Ясный переулок", "Класс": "Прочие" }, "geometry": { "type": "MultiLineString", "coordinates": [ [ [ 85.9085539, 51.9612671 ], [ 85.9084859, 51.9611196 ], [ 85.908297, 51.960923 ] ] ] } },
{ "type": "Feature", "properties": { "highway": "service", "surface": null, "ref": null, "name": null, "Класс": "Проезды" }, "geometry": { "type": "MultiLineString", "coordinates": [ [ [ 85.9077988, 51.9622102 ], [ 85.9078708, 51.9621965 ], [ 85.9079475, 51.9621687 ], [ 85.9079989, 51.9621458 ], [ 85.908422, 51.9618949 ] ] ] } },
{ "type": "Feature", "properties": { "highway": "service", "surface": null, "ref": null, "name": null, "Класс": "Проезды" }, "geometry": { "type": "MultiLineString", "coordinates": [ [ [ 85.9077988, 51.9622102 ], [ 85.9074908, 51.9623873 ], [ 85.907477, 51.962426 ], [ 85.9076707, 51.9625381 ] ] ] } },
{ "type": "Feature", "properties": { "highway": "residential", "surface": null, "ref": null, "name": null, "Класс": "Прочие" }, "geometry": { "type": "MultiLineString", "coordinates": [ [ [ 85.8916345, 51.9594772 ], [ 85.8915894, 51.9594504 ], [ 85.8914303, 51.9594487 ], [ 85.8913085, 51.959447 ], [ 85.8905793, 51.9595076 ], [ 85.8904745, 51.9595099 ], [ 85.8899017, 51.9594655 ], [ 85.8895413, 51.9594632 ], [ 85.8893752, 51.9595119 ], [ 85.889304, 51.9596289 ], [ 85.8893, 51.9598384 ], [ 85.8894819, 51.960299 ], [ 85.8894978, 51.960394 ] ] ] } },
{ "type": "Feature", "properties": { "highway": "residential", "surface": null, "ref": null, "name": null, "Класс": "Прочие" }, "geometry": { "type": "MultiLineString", "coordinates": [ [ [ 85.8899017, 51.9594655 ], [ 85.8899052, 51.9593805 ], [ 85.889948, 51.9592973 ], [ 85.8900753, 51.9591231 ], [ 85.8902373, 51.9587708 ], [ 85.8903703, 51.958609 ], [ 85.8904508, 51.9585214 ] ] ] } },
{ "type": "Feature", "properties": { "highway": "residential", "surface": null, "ref": null, "name": null, "Класс": "Прочие" }, "geometry": { "type": "MultiLineString", "coordinates": [ [ [ 85.8904745, 51.9595099 ], [ 85.8904426, 51.9595344 ], [ 85.8904346, 51.9596368 ], [ 85.8905536, 51.9597727 ], [ 85.8907394, 51.9600041 ], [ 85.8910676, 51.9604257 ], [ 85.8912653, 51.960701 ], [ 85.8913049, 51.9608107 ] ] ] } },
{ "type": "Feature", "properties": { "highway": "residential", "surface": null, "ref": null, "name": null, "Класс": "Прочие" }, "geometry": { "type": "MultiLineString", "coordinates": [ [ [ 85.8905793, 51.9595076 ], [ 85.8906959, 51.9592907 ], [ 85.8908748, 51.9590442 ], [ 85.8909253, 51.9589571 ] ] ] } },
{ "type": "Feature", "properties": { "highway": "residential", "surface": null, "ref": null, "name": "улица Чкалова", "Класс": "Прочие" }, "geometry": { "type": "MultiLineString", "coordinates": [ [ [ 85.9521856, 51.9741539 ], [ 85.9519871, 51.9740978 ], [ 85.9515687, 51.9737607 ], [ 85.9514741, 51.9736467 ], [ 85.9513783, 51.9734484 ], [ 85.9513407, 51.9732848 ], [ 85.9514158, 51.9730271 ], [ 85.9514073, 51.9728218 ], [ 85.9513729, 51.9726321 ], [ 85.9511449, 51.9725032 ], [ 85.9509464, 51.9724719 ], [ 85.950587, 51.9724752 ], [ 85.9503241, 51.9725545 ], [ 85.9499379, 51.9725446 ], [ 85.9491708, 51.9725942 ], [ 85.948688, 51.9726669 ], [ 85.9481784, 51.9728585 ] ] ] } },
{ "type": "Feature", "properties": { "highway": "tertiary", "surface": null, "ref": null, "name": "улица Ленина", "Класс": "Прочие" }, "geometry": { "type": "MultiLineString", "coordinates": [ [ [ 85.9687645, 51.9569559 ], [ 85.9687627, 51.9568968 ], [ 85.9687177, 51.9558707 ] ] ] } },
{ "type": "Feature", "properties": { "highway": "service", "surface": null, "ref": null, "name": null, "Класс": "Проезды" }, "geometry": { "type": "MultiLineString", "coordinates": [ [ [ 85.9067425, 51.9569776 ], [ 85.9065199, 51.9568074 ], [ 85.9060049, 51.9563859 ], [ 85.9058694, 51.9562239 ], [ 85.905746, 51.9559627 ], [ 85.9057246, 51.9558833 ] ] ] } },
{ "type": "Feature", "properties": { "highway": "service", "surface": null, "ref": null, "name": null, "Класс": "Проезды" }, "geometry": { "type": "MultiLineString", "coordinates": [ [ [ 85.953484, 51.9555959 ], [ 85.9535915, 51.9554341 ] ] ] } },
{ "type": "Feature", "properties": { "highway": "service", "surface": null, "ref": null, "name": null, "Класс": "Проезды" }, "geometry": { "type": "MultiLineString", "coordinates": [ [ [ 85.9535915, 51.9554341 ], [ 85.9536829, 51.9553068 ] ] ] } },
{ "type": "Feature", "properties": { "highway": "service", "surface": null, "ref": null, "name": null, "Класс": "Проезды" }, "geometry": { "type": "MultiLineString", "coordinates": [ [ [ 85.9530082, 51.9558494 ], [ 85.9532842, 51.9557511 ], [ 85.9534183, 51.9556272 ], [ 85.953484, 51.9555959 ] ] ] } },
{ "type": "Feature", "properties": { "highway": "service", "surface": "fine_gravel", "ref": null, "name": null, "Класс": "Проезды" }, "geometry": { "type": "MultiLineString", "coordinates": [ [ [ 85.9520343, 51.9550751 ], [ 85.9522006, 51.9550205 ], [ 85.9524661, 51.9549858 ], [ 85.9526217, 51.954961 ] ] ] } },
{ "type": "Feature", "properties": { "highway": "service", "surface": null, "ref": null, "name": null, "Класс": "Проезды" }, "geometry": { "type": "MultiLineString", "coordinates": [ [ [ 85.9517352, 51.9602007 ], [ 85.9513262, 51.9601891 ] ] ] } },
{ "type": "Feature", "properties": { "highway": "service", "surface": null, "ref": null, "name": null, "Класс": "Проезды" }, "geometry": { "type": "MultiLineString", "coordinates": [ [ [ 85.9528872, 51.9603379 ], [ 85.9527384, 51.9603619 ], [ 85.9522305, 51.9602907 ] ] ] } },
{ "type": "Feature", "properties": { "highway": "service", "surface": "asphalt", "ref": null, "name": null, "Класс": "Проезды" }, "geometry": { "type": "MultiLineString", "coordinates": [ [ [ 85.9165251, 51.9585677 ], [ 85.9169042, 51.9583686 ], [ 85.9163924, 51.9579985 ], [ 85.9162471, 51.9578934 ] ] ] } },
{ "type": "Feature", "properties": { "highway": "residential", "surface": null, "ref": null, "name": "Грибная улица", "Класс": "Прочие" }, "geometry": { "type": "MultiLineString", "coordinates": [ [ [ 85.9172457, 51.926856 ], [ 85.9174283, 51.9269591 ], [ 85.9188912, 51.9265785 ], [ 85.9201742, 51.9263153 ] ] ] } },
{ "type": "Feature", "properties": { "highway": "residential", "surface": null, "ref": null, "name": null, "Класс": "Прочие" }, "geometry": { "type": "MultiLineString", "coordinates": [ [ [ 85.9201742, 51.9263153 ], [ 85.9194544, 51.9275376 ] ] ] } },
{ "type": "Feature", "properties": { "highway": "residential", "surface": null, "ref": null, "name": null, "Класс": "Прочие" }, "geometry": { "type": "MultiLineString", "coordinates": [ [ [ 85.9188912, 51.9265785 ], [ 85.9181178, 51.9278305 ], [ 85.9180972, 51.9280404 ] ] ] } },
{ "type": "Feature", "properties": { "highway": "residential", "surface": null, "ref": null, "name": null, "Класс": "Прочие" }, "geometry": { "type": "MultiLineString", "coordinates": [ [ [ 85.9166381, 51.9285233 ], [ 85.9172916, 51.9274832 ], [ 85.9174283, 51.9269591 ] ] ] } },
{ "type": "Feature", "properties": { "highway": "residential", "surface": null, "ref": null, "name": "Столбовая улица", "Класс": "Прочие" }, "geometry": { "type": "MultiLineString", "coordinates": [ [ [ 85.9160654, 51.9289421 ], [ 85.9166381, 51.9285233 ], [ 85.9175916, 51.9282147 ], [ 85.9180972, 51.9280404 ], [ 85.9194544, 51.9275376 ], [ 85.9222007, 51.9269542 ], [ 85.9224809, 51.9267296 ], [ 85.9235054, 51.9264157 ] ] ] } },
{ "type": "Feature", "properties": { "highway": "service", "surface": null, "ref": null, "name": null, "Класс": "Проезды" }, "geometry": { "type": "MultiLineString", "coordinates": [ [ [ 85.9156332, 51.9183916 ], [ 85.9162787, 51.918257 ], [ 85.9170685, 51.9179849 ], [ 85.9182377, 51.9178933 ], [ 85.9194829, 51.9179045 ], [ 85.920963, 51.9179178 ] ] ] } },
{ "type": "Feature", "properties": { "highway": "residential", "surface": null, "ref": null, "name": "улица Карамаева", "Класс": "Прочие" }, "geometry": { "type": "MultiLineString", "coordinates": [ [ [ 85.9595833, 51.9770305 ], [ 85.9592996, 51.9775475 ], [ 85.9589758, 51.9778293 ], [ 85.958565, 51.9780454 ], [ 85.9573737, 51.9784911 ], [ 85.9555545, 51.9792014 ], [ 85.9534945, 51.9799894 ] ] ] } },
{ "type": "Feature", "properties": { "highway": "residential", "surface": null, "ref": null, "name": "улица Генерала Маргелова", "Класс": "Прочие" }, "geometry": { "type": "MultiLineString", "coordinates": [ [ [ 85.9522942, 51.9783845 ], [ 85.9526646, 51.9788999 ], [ 85.9530252, 51.979206 ], [ 85.9555545, 51.9792014 ], [ 85.9595993, 51.97917 ], [ 85.9638018, 51.9791774 ], [ 85.9651231, 51.9791829 ] ] ] } },
{ "type": "Feature", "properties": { "highway": "residential", "surface": null, "ref": null, "name": "переулок Михаила Демьянова", "Класс": "Прочие" }, "geometry": { "type": "MultiLineString", "coordinates": [ [ [ 85.9573737, 51.9784911 ], [ 85.9572816, 51.9784249 ], [ 85.9558086, 51.9775232 ], [ 85.9555317, 51.9773331 ], [ 85.955329, 51.9771649 ], [ 85.9550088, 51.9768997 ], [ 85.9550642, 51.9767146 ], [ 85.9551484, 51.9766646 ] ] ] } },
{ "type": "Feature", "properties": { "highway": "residential", "surface": null, "ref": null, "name": "улица Михаила Демьянова", "Класс": "Прочие" }, "geometry": { "type": "MultiLineString", "coordinates": [ [ [ 85.9558086, 51.9775232 ], [ 85.9566993, 51.9775357 ], [ 85.9570341, 51.9775315 ], [ 85.9575631, 51.9774367 ], [ 85.9577498, 51.977352 ], [ 85.9578176, 51.9773212 ], [ 85.9584545, 51.9768234 ] ] ] } },
{ "type": "Feature", "properties": { "highway": "residential", "surface": null, "ref": null, "name": "переулок Владимира Высоцкого", "Класс": "Прочие" }, "geometry": { "type": "MultiLineString", "coordinates": [ [ [ 85.9595993, 51.97917 ], [ 85.9596173, 51.9790805 ], [ 85.9588521, 51.9783534 ], [ 85.958565, 51.9780454 ], [ 85.9577498, 51.977352 ] ] ] } },
{ "type": "Feature", "properties": { "highway": "residential", "surface": null, "ref": null, "name": "переулок Афганцев", "Класс": "Прочие" }, "geometry": { "type": "MultiLineString", "coordinates": [ [ [ 85.9592996, 51.9775475 ], [ 85.9597081, 51.9777715 ], [ 85.9611388, 51.978334 ], [ 85.9616702, 51.9785232 ], [ 85.9627948, 51.978849 ], [ 85.9638018, 51.9791774 ] ] ] } },
{ "type": "Feature", "properties": { "highway": "residential", "surface": null, "ref": null, "name": "Братский переулок", "Класс": "Прочие" }, "geometry": { "type": "MultiLineString", "coordinates": [ [ [ 85.9572816, 51.9784249 ], [ 85.9544111, 51.9784202 ], [ 85.95417, 51.9783583 ], [ 85.9540189, 51.9781776 ] ] ] } },
{ "type": "Feature", "properties": { "highway": "service", "surface": null, "ref": null, "name": null, "Класс": "Проезды" }, "geometry": { "type": "MultiLineString", "coordinates": [ [ [ 86.0099453, 51.9646322 ], [ 86.0109421, 51.9642239 ] ] ] } },
{ "type": "Feature", "properties": { "highway": "residential", "surface": null, "ref": null, "name": "Тенистая улица", "Класс": "Прочие" }, "geometry": { "type": "MultiLineString", "coordinates": [ [ [ 85.951406, 51.9789027 ], [ 85.9522942, 51.9783845 ], [ 85.9533942, 51.977717 ], [ 85.953563, 51.9774331 ], [ 85.9535766, 51.9773601 ], [ 85.9540915, 51.9769933 ], [ 85.9544778, 51.976729 ], [ 85.9546441, 51.9766728 ], [ 85.9548372, 51.9766662 ], [ 85.9551484, 51.9766646 ] ] ] } },
{ "type": "Feature", "properties": { "highway": "residential", "surface": null, "ref": null, "name": null, "Класс": "Прочие" }, "geometry": { "type": "MultiLineString", "coordinates": [ [ [ 86.0183895, 51.9639856 ], [ 86.0186586, 51.9641678 ], [ 86.0184996, 51.9645597 ], [ 86.018565, 51.9652397 ], [ 86.0187989, 51.9654933 ], [ 86.0187895, 51.9656143 ] ] ] } },
{ "type": "Feature", "properties": { "highway": "residential", "surface": null, "ref": null, "name": "улица Гомана", "Класс": "Прочие" }, "geometry": { "type": "MultiLineString", "coordinates": [ [ [ 85.919746, 51.933933 ], [ 85.9198927, 51.9339244 ], [ 85.9206262, 51.933727 ], [ 85.9211444, 51.9335157 ], [ 85.9212482, 51.9334159 ], [ 85.9212372, 51.9333429 ], [ 85.9211594, 51.9332718 ], [ 85.9208643, 51.9331627 ], [ 85.9207652, 51.9330825 ], [ 85.9205626, 51.932898 ], [ 85.9204308, 51.9327703 ], [ 85.9199846, 51.9323728 ], [ 85.919211, 51.9312221 ], [ 85.9189074, 51.9307421 ], [ 85.9186926, 51.929905 ], [ 85.918563, 51.9290346 ], [ 85.9184985, 51.9286902 ], [ 85.9184068, 51.9286156 ], [ 85.9182895, 51.9285203 ], [ 85.9180929, 51.928387 ], [ 85.9175916, 51.9282147 ] ] ] } },
{ "type": "Feature", "properties": { "highway": "residential", "surface": null, "ref": null, "name": null, "Класс": "Прочие" }, "geometry": { "type": "MultiLineString", "coordinates": [ [ [ 85.9115417, 51.9284401 ], [ 85.9114964, 51.928574 ], [ 85.9115729, 51.9286432 ] ] ] } },
{ "type": "Feature", "properties": { "highway": "residential", "surface": null, "ref": null, "name": "переулок Евдокимова", "Класс": "Прочие" }, "geometry": { "type": "MultiLineString", "coordinates": [ [ [ 85.9115729, 51.9286432 ], [ 85.9119487, 51.9286542 ], [ 85.9135625, 51.9284517 ], [ 85.9137213, 51.9283744 ], [ 85.9138369, 51.9275825 ] ] ] } },
{ "type": "Feature", "properties": { "highway": "residential", "surface": null, "ref": null, "name": null, "Класс": "Прочие" }, "geometry": { "type": "MultiLineString", "coordinates": [ [ [ 85.9688171, 51.9582603 ], [ 85.9690401, 51.9582596 ], [ 85.9693361, 51.9582586 ], [ 85.9699441, 51.9585317 ], [ 85.9700785, 51.9584526 ], [ 85.9706237, 51.9582615 ], [ 85.9708325, 51.9582043 ], [ 85.9709385, 51.9581991 ], [ 85.971256, 51.9582305 ], [ 85.9713643, 51.9582104 ], [ 85.9715581, 51.9581584 ], [ 85.9717408, 51.9580388 ], [ 85.9718576, 51.9579407 ], [ 85.9719148, 51.9578458 ], [ 85.9719471, 51.9576948 ], [ 85.9719766, 51.9575612 ], [ 85.9720678, 51.957495 ], [ 85.9721965, 51.9574223 ], [ 85.9723092, 51.9574223 ] ] ] } },
{ "type": "Feature", "properties": { "highway": "residential", "surface": null, "ref": null, "name": null, "Класс": "Прочие" }, "geometry": { "type": "MultiLineString", "coordinates": [ [ [ 85.9717629, 51.9568708 ], [ 85.9717029, 51.9572719 ], [ 85.9710536, 51.957567 ] ] ] } },
{ "type": "Feature", "properties": { "highway": "residential", "surface": null, "ref": null, "name": null, "Класс": "Прочие" }, "geometry": { "type": "MultiLineString", "coordinates": [ [ [ 85.9717629, 51.9568708 ], [ 85.9716689, 51.956777 ] ] ] } },
{ "type": "Feature", "properties": { "highway": "residential", "surface": null, "ref": null, "name": null, "Класс": "Прочие" }, "geometry": { "type": "MultiLineString", "coordinates": [ [ [ 85.9545526, 51.9653173 ], [ 85.954896, 51.965395 ], [ 85.9552842, 51.9656181 ], [ 85.9554143, 51.9657333 ], [ 85.9553818, 51.9658435 ], [ 85.9547476, 51.96661 ], [ 85.9541971, 51.9671664 ] ] ] } },
{ "type": "Feature", "properties": { "highway": "residential", "surface": null, "ref": null, "name": null, "Класс": "Прочие" }, "geometry": { "type": "MultiLineString", "coordinates": [ [ [ 85.9575653, 51.9625207 ], [ 85.9574973, 51.9625582 ], [ 85.9574978, 51.9626995 ], [ 85.9575729, 51.9630008 ], [ 85.9577663, 51.9634432 ], [ 85.9577805, 51.963742 ], [ 85.9577556, 51.9640767 ], [ 85.9576531, 51.9642234 ], [ 85.9574475, 51.9645358 ], [ 85.9571966, 51.96483 ], [ 85.9569412, 51.9652596 ], [ 85.9562297, 51.9662678 ], [ 85.9558231, 51.9667888 ], [ 85.9555467, 51.9671395 ] ] ] } },
{ "type": "Feature", "properties": { "highway": "residential", "surface": null, "ref": null, "name": null, "Класс": "Прочие" }, "geometry": { "type": "MultiLineString", "coordinates": [ [ [ 85.9607948, 51.9670197 ], [ 85.9608291, 51.9668444 ], [ 85.9609353, 51.9666132 ], [ 85.9610839, 51.9664213 ], [ 85.9611547, 51.96626 ], [ 85.9611688, 51.9661117 ], [ 85.9611901, 51.9659198 ], [ 85.9612113, 51.9657846 ], [ 85.96123, 51.9655429 ], [ 85.9610152, 51.9656983 ], [ 85.9608938, 51.9658767 ], [ 85.960763, 51.9660263 ], [ 85.9605108, 51.9661702 ], [ 85.9602586, 51.9663025 ], [ 85.9600905, 51.9664004 ], [ 85.9598477, 51.966527 ], [ 85.9595675, 51.9667284 ], [ 85.9594274, 51.9668032 ], [ 85.959362, 51.9669758 ], [ 85.959281, 51.9671211 ] ] ] } },
{ "type": "Feature", "properties": { "highway": "residential", "surface": null, "ref": null, "name": null, "Класс": "Прочие" }, "geometry": { "type": "MultiLineString", "coordinates": [ [ [ 85.96123, 51.9655429 ], [ 85.961471, 51.9651838 ], [ 85.9619622, 51.9644395 ] ] ] } },
{ "type": "Feature", "properties": { "highway": "residential", "surface": null, "ref": null, "name": null, "Класс": "Прочие" }, "geometry": { "type": "MultiLineString", "coordinates": [ [ [ 85.9555467, 51.9671395 ], [ 85.9553688, 51.9673566 ], [ 85.9550094, 51.9676772 ], [ 85.9544193, 51.9675285 ], [ 85.9539151, 51.9674293 ], [ 85.9541971, 51.9671664 ] ] ] } },
{ "type": "Feature", "properties": { "highway": "service", "surface": null, "ref": null, "name": null, "Класс": "Проезды" }, "geometry": { "type": "MultiLineString", "coordinates": [ [ [ 85.9193696, 51.9657938 ], [ 85.9203947, 51.9662276 ], [ 85.9217235, 51.9664913 ], [ 85.9227489, 51.9668372 ] ] ] } },
{ "type": "Feature", "properties": { "highway": "residential", "surface": null, "ref": null, "name": null, "Класс": "Прочие" }, "geometry": { "type": "MultiLineString", "coordinates": [ [ [ 85.9592566, 51.963813 ], [ 85.9589195, 51.9643738 ], [ 85.9587054, 51.9647906 ], [ 85.9584801, 51.9652996 ], [ 85.9581046, 51.9661358 ], [ 85.9576111, 51.9671009 ], [ 85.9575839, 51.9671642 ], [ 85.9574564, 51.9674899 ], [ 85.959281, 51.9671211 ] ] ] } },
{ "type": "Feature", "properties": { "highway": "residential", "surface": null, "ref": null, "name": null, "Класс": "Прочие" }, "geometry": { "type": "MultiLineString", "coordinates": [ [ [ 85.9550094, 51.9676772 ], [ 85.9552657, 51.9677229 ], [ 85.9557698, 51.9676853 ], [ 85.956278, 51.9676929 ], [ 85.9574564, 51.9674899 ] ] ] } },
{ "type": "Feature", "properties": { "highway": "service", "surface": null, "ref": null, "name": null, "Класс": "Проезды" }, "geometry": { "type": "MultiLineString", "coordinates": [ [ [ 85.9224578, 51.9602297 ], [ 85.9210746, 51.9603368 ], [ 85.9202546, 51.9604004 ], [ 85.9202192, 51.9604031 ], [ 85.9193051, 51.9604753 ], [ 85.9191696, 51.9604629 ], [ 85.9189435, 51.9604423 ], [ 85.9184771, 51.9602288 ] ] ] } },
{ "type": "Feature", "properties": { "highway": "service", "surface": null, "ref": null, "name": null, "Класс": "Проезды" }, "geometry": { "type": "MultiLineString", "coordinates": [ [ [ 85.9210746, 51.9603368 ], [ 85.9214712, 51.960498 ], [ 85.9215885, 51.9606706 ], [ 85.9216145, 51.960799 ], [ 85.9215168, 51.9609274 ], [ 85.9215233, 51.9610238 ], [ 85.9215819, 51.9611361 ], [ 85.9217708, 51.9612285 ] ] ] } },
{ "type": "Feature", "properties": { "highway": "service", "surface": null, "ref": null, "name": null, "Класс": "Проезды" }, "geometry": { "type": "MultiLineString", "coordinates": [ [ [ 85.9202989, 51.9608813 ], [ 85.920467, 51.9611892 ], [ 85.92051, 51.9612818 ], [ 85.9205698, 51.9614107 ], [ 85.9205293, 51.9616813 ] ] ] } },
{ "type": "Feature", "properties": { "highway": "service", "surface": null, "ref": null, "name": null, "Класс": "Проезды" }, "geometry": { "type": "MultiLineString", "coordinates": [ [ [ 85.92051, 51.9612818 ], [ 85.9209467, 51.960969 ] ] ] } },
{ "type": "Feature", "properties": { "highway": "service", "surface": null, "ref": null, "name": null, "Класс": "Проезды" }, "geometry": { "type": "MultiLineString", "coordinates": [ [ [ 85.9202546, 51.9604004 ], [ 85.9202039, 51.9600906 ], [ 85.9203747, 51.9599874 ], [ 85.9204014, 51.9598224 ], [ 85.9203713, 51.959711 ], [ 85.9195811, 51.9597481 ], [ 85.9197418, 51.9600865 ], [ 85.9202039, 51.9600906 ] ] ] } },
{ "type": "Feature", "properties": { "highway": "service", "surface": null, "ref": null, "name": null, "Класс": "Проезды" }, "geometry": { "type": "MultiLineString", "coordinates": [ [ [ 85.9195811, 51.9597481 ], [ 85.9193998, 51.9595778 ], [ 85.9190463, 51.9593297 ], [ 85.918962, 51.9592706 ], [ 85.9187749, 51.9591231 ], [ 85.9183726, 51.9587066 ], [ 85.9188018, 51.9584345 ], [ 85.9193581, 51.9587626 ], [ 85.9187749, 51.9591231 ] ] ] } },
{ "type": "Feature", "properties": { "highway": "service", "surface": null, "ref": null, "name": null, "Класс": "Проезды" }, "geometry": { "type": "MultiLineString", "coordinates": [ [ [ 85.9190463, 51.9593297 ], [ 85.9196754, 51.9589056 ] ] ] } },
{ "type": "Feature", "properties": { "highway": "service", "surface": null, "ref": null, "name": null, "Класс": "Проезды" }, "geometry": { "type": "MultiLineString", "coordinates": [ [ [ 85.9196754, 51.9589056 ], [ 85.9197092, 51.9588823 ], [ 85.9194174, 51.9587217 ], [ 85.9193581, 51.9587626 ] ] ] } },
{ "type": "Feature", "properties": { "highway": "service", "surface": null, "ref": null, "name": null, "Класс": "Проезды" }, "geometry": { "type": "MultiLineString", "coordinates": [ [ [ 85.9197092, 51.9588823 ], [ 85.9198081, 51.9588118 ] ] ] } },
{ "type": "Feature", "properties": { "highway": "service", "surface": null, "ref": null, "name": null, "Класс": "Проезды" }, "geometry": { "type": "MultiLineString", "coordinates": [ [ [ 85.9183726, 51.9587066 ], [ 85.9173999, 51.9592928 ] ] ] } },
{ "type": "Feature", "properties": { "highway": "service", "surface": null, "ref": null, "name": null, "Класс": "Проезды" }, "geometry": { "type": "MultiLineString", "coordinates": [ [ [ 85.9536829, 51.9553068 ], [ 85.9538202, 51.9550755 ], [ 85.9544158, 51.9552114 ] ] ] } },
{ "type": "Feature", "properties": { "highway": "service", "surface": null, "ref": null, "name": null, "Класс": "Проезды" }, "geometry": { "type": "MultiLineString", "coordinates": [ [ [ 85.8962486, 51.9719871 ], [ 85.8960997, 51.9712646 ], [ 85.8961918, 51.9707806 ], [ 85.8962066, 51.9703473 ] ] ] } },
{ "type": "Feature", "properties": { "highway": "service", "surface": null, "ref": null, "name": null, "Класс": "Проезды" }, "geometry": { "type": "MultiLineString", "coordinates": [ [ [ 85.8953853, 51.9719351 ], [ 85.8952771, 51.9716746 ], [ 85.8942907, 51.971412 ], [ 85.8936972, 51.9712597 ], [ 85.8942656, 51.9704099 ], [ 85.8944746, 51.9702915 ], [ 85.8947839, 51.9702863 ], [ 85.8953273, 51.9703996 ] ] ] } },
{ "type": "Feature", "properties": { "highway": "service", "surface": null, "ref": null, "name": null, "Класс": "Проезды" }, "geometry": { "type": "MultiLineString", "coordinates": [ [ [ 85.8953273, 51.9703996 ], [ 85.8951768, 51.9706623 ] ] ] } },
{ "type": "Feature", "properties": { "highway": "service", "surface": null, "ref": null, "name": null, "Класс": "Проезды" }, "geometry": { "type": "MultiLineString", "coordinates": [ [ [ 85.8953273, 51.9703996 ], [ 85.895503, 51.9700911 ], [ 85.8955708, 51.969972 ], [ 85.8957118, 51.9697507 ], [ 85.8954325, 51.9696859 ], [ 85.895135, 51.9696168 ], [ 85.8951768, 51.9695447 ], [ 85.8947923, 51.9694675 ] ] ] } },
{ "type": "Feature", "properties": { "highway": "service", "surface": null, "ref": null, "name": null, "Класс": "Проезды" }, "geometry": { "type": "MultiLineString", "coordinates": [ [ [ 85.8954325, 51.9696859 ], [ 85.8956478, 51.9693492 ], [ 85.8974033, 51.9697458 ], [ 85.8970737, 51.9702962 ], [ 85.8964253, 51.9701622 ], [ 85.8962042, 51.970113 ], [ 85.8955708, 51.969972 ] ] ] } },
{ "type": "Feature", "properties": { "highway": "service", "surface": null, "ref": null, "name": null, "Класс": "Проезды" }, "geometry": { "type": "MultiLineString", "coordinates": [ [ [ 85.8962066, 51.9703473 ], [ 85.8960989, 51.970308 ], [ 85.895503, 51.9700911 ] ] ] } },
{ "type": "Feature", "properties": { "highway": "service", "surface": null, "ref": null, "name": null, "Класс": "Проезды" }, "geometry": { "type": "MultiLineString", "coordinates": [ [ [ 85.8960989, 51.970308 ], [ 85.8962042, 51.970113 ] ] ] } },
{ "type": "Feature", "properties": { "highway": "service", "surface": null, "ref": null, "name": null, "Класс": "Проезды" }, "geometry": { "type": "MultiLineString", "coordinates": [ [ [ 85.9965171, 51.9501158 ], [ 85.9967246, 51.9500243 ], [ 85.9969928, 51.9499516 ], [ 85.9972304, 51.9499719 ], [ 85.9974986, 51.9499481 ], [ 85.9980462, 51.9496095 ], [ 85.9982622, 51.9493339 ], [ 85.9983437, 51.9493118 ], [ 85.9990849, 51.9495482 ], [ 85.9992459, 51.9497003 ], [ 85.9989991, 51.9499053 ] ] ] } },
{ "type": "Feature", "properties": { "highway": "service", "surface": null, "ref": null, "name": null, "Класс": "Проезды" }, "geometry": { "type": "MultiLineString", "coordinates": [ [ [ 85.9526344, 51.9384528 ], [ 85.9552396, 51.9378708 ], [ 85.9549177, 51.9374987 ], [ 85.9544759, 51.9369655 ], [ 85.9542525, 51.9367198 ], [ 85.9540567, 51.9365578 ], [ 85.9535613, 51.9362991 ], [ 85.9530535, 51.9359591 ], [ 85.9526467, 51.9357781 ], [ 85.9521637, 51.9354444 ], [ 85.9517612, 51.9351558 ], [ 85.9506369, 51.9346362 ], [ 85.9505564, 51.9348644 ], [ 85.9505012, 51.9351209 ], [ 85.9505537, 51.9353175 ], [ 85.9505939, 51.9354771 ], [ 85.9506234, 51.9355879 ], [ 85.9511451, 51.9357169 ], [ 85.951357, 51.9357532 ], [ 85.9515032, 51.935745 ], [ 85.9516453, 51.9357078 ], [ 85.9518564, 51.9356248 ], [ 85.9521637, 51.9354444 ] ] ] } },
{ "type": "Feature", "properties": { "highway": "service", "surface": null, "ref": null, "name": null, "Класс": "Проезды" }, "geometry": { "type": "MultiLineString", "coordinates": [ [ [ 85.9506369, 51.9346362 ], [ 85.9507817, 51.9344361 ], [ 85.9511574, 51.9340648 ], [ 85.9513988, 51.9339556 ], [ 85.9515328, 51.9339788 ], [ 85.9521552, 51.9343062 ], [ 85.9523805, 51.9344187 ], [ 85.9525414, 51.9344947 ], [ 85.9528311, 51.9345675 ], [ 85.9530832, 51.9346204 ], [ 85.9532656, 51.9347163 ], [ 85.9534212, 51.9348122 ], [ 85.9537162, 51.9348817 ], [ 85.953963, 51.9349479 ], [ 85.9541239, 51.9350272 ], [ 85.9543868, 51.9351926 ], [ 85.9545906, 51.9353514 ], [ 85.9548588, 51.93553 ] ] ] } },
{ "type": "Feature", "properties": { "highway": "service", "surface": null, "ref": null, "name": null, "Класс": "Проезды" }, "geometry": { "type": "MultiLineString", "coordinates": [ [ [ 85.8871877, 51.9696745 ], [ 85.8870508, 51.9696411 ], [ 85.8855075, 51.9692208 ], [ 85.8844238, 51.9689349 ], [ 85.8840081, 51.9688506 ], [ 85.8836159, 51.9687503 ], [ 85.8835521, 51.9687796 ], [ 85.8834824, 51.9689002 ], [ 85.8835805, 51.9692224 ], [ 85.8844196, 51.9694034 ], [ 85.8859489, 51.9698071 ], [ 85.8870836, 51.9701622 ], [ 85.8872171, 51.9701902 ], [ 85.8873688, 51.9701665 ], [ 85.8876687, 51.9698347 ] ] ] } },
{ "type": "Feature", "properties": { "highway": "service", "surface": null, "ref": null, "name": null, "Класс": "Проезды" }, "geometry": { "type": "MultiLineString", "coordinates": [ [ [ 85.9553886, 51.9405065 ], [ 85.9554735, 51.940903 ] ] ] } },
{ "type": "Feature", "properties": { "highway": "residential", "surface": null, "ref": null, "name": null, "Класс": "Прочие" }, "geometry": { "type": "MultiLineString", "coordinates": [ [ [ 85.9545365, 51.9406787 ], [ 85.9553886, 51.9405065 ], [ 85.9560339, 51.940366 ], [ 85.9561277, 51.9403371 ], [ 85.9565469, 51.9402658 ], [ 85.9568881, 51.9401749 ] ] ] } },
{ "type": "Feature", "properties": { "highway": "service", "surface": null, "ref": null, "name": null, "Класс": "Проезды" }, "geometry": { "type": "MultiLineString", "coordinates": [ [ [ 85.9568881, 51.9401749 ], [ 85.9568708, 51.9400717 ], [ 85.9566823, 51.9396237 ], [ 85.9563011, 51.939162 ], [ 85.9559182, 51.9386725 ] ] ] } },
{ "type": "Feature", "properties": { "highway": "service", "surface": null, "ref": null, "name": null, "Класс": "Проезды" }, "geometry": { "type": "MultiLineString", "coordinates": [ [ [ 85.9559182, 51.9386725 ], [ 85.9552396, 51.9378708 ] ] ] } },
{ "type": "Feature", "properties": { "highway": "service", "surface": null, "ref": null, "name": null, "Класс": "Проезды" }, "geometry": { "type": "MultiLineString", "coordinates": [ [ [ 85.9554735, 51.940903 ], [ 85.955621, 51.9411063 ], [ 85.9558451, 51.9412686 ] ] ] } },
{ "type": "Feature", "properties": { "highway": "residential", "surface": null, "ref": null, "name": "Университетская улица", "Класс": "Прочие" }, "geometry": { "type": "MultiLineString", "coordinates": [ [ [ 85.9721433, 51.9278942 ], [ 85.971958, 51.9272943 ], [ 85.971733, 51.9267923 ], [ 85.9715865, 51.9265262 ], [ 85.9714679, 51.9263728 ], [ 85.9711234, 51.9259734 ], [ 85.9708751, 51.9258113 ], [ 85.9702522, 51.9253186 ], [ 85.9696354, 51.9247397 ], [ 85.968938, 51.9241542 ], [ 85.968885, 51.9240723 ], [ 85.9689201, 51.9239738 ], [ 85.9689501, 51.9239007 ], [ 85.9689477, 51.9237079 ] ] ] } },
{ "type": "Feature", "properties": { "highway": "residential", "surface": null, "ref": null, "name": null, "Класс": "Прочие" }, "geometry": { "type": "MultiLineString", "coordinates": [ [ [ 85.9738663, 51.9269005 ], [ 85.9738889, 51.9269886 ], [ 85.9738382, 51.9270761 ], [ 85.9731715, 51.9273094 ], [ 85.9729465, 51.9272888 ], [ 85.9720784, 51.926757 ], [ 85.9718397, 51.926628 ], [ 85.9715865, 51.9265262 ] ] ] } },
{ "type": "Feature", "properties": { "highway": "residential", "surface": null, "ref": null, "name": null, "Класс": "Прочие" }, "geometry": { "type": "MultiLineString", "coordinates": [ [ [ 85.9711234, 51.9259734 ], [ 85.9720071, 51.9254904 ] ] ] } },
{ "type": "Feature", "properties": { "highway": "service", "surface": null, "ref": null, "name": null, "Класс": "Проезды" }, "geometry": { "type": "MultiLineString", "coordinates": [ [ [ 85.8948667, 51.9644896 ], [ 85.8945139, 51.9642499 ], [ 85.8943585, 51.9641561 ] ] ] } },
{ "type": "Feature", "properties": { "highway": "service", "surface": null, "ref": null, "name": null, "Класс": "Проезды" }, "geometry": { "type": "MultiLineString", "coordinates": [ [ [ 85.8943585, 51.9641561 ], [ 85.8940945, 51.9640171 ], [ 85.8938886, 51.9639133 ], [ 85.8935963, 51.963734 ] ] ] } },
{ "type": "Feature", "properties": { "highway": "service", "surface": null, "ref": null, "name": null, "Класс": "Проезды" }, "geometry": { "type": "MultiLineString", "coordinates": [ [ [ 85.9689477, 51.9237079 ], [ 85.9686037, 51.9233338 ], [ 85.9679741, 51.9229595 ], [ 85.9675872, 51.9227959 ], [ 85.9673501, 51.9234644 ] ] ] } },
{ "type": "Feature", "properties": { "highway": "service", "surface": null, "ref": null, "name": null, "Класс": "Проезды" }, "geometry": { "type": "MultiLineString", "coordinates": [ [ [ 85.8966843, 51.9658664 ], [ 85.896515, 51.9661259 ], [ 85.896491, 51.9664845 ] ] ] } },
{ "type": "Feature", "properties": { "highway": "service", "surface": null, "ref": null, "name": null, "Класс": "Проезды" }, "geometry": { "type": "MultiLineString", "coordinates": [ [ [ 85.8966532, 51.9665454 ], [ 85.8963101, 51.9667289 ], [ 85.8963165, 51.9667893 ], [ 85.8964082, 51.9668341 ], [ 85.8965062, 51.9668808 ] ] ] } },
{ "type": "Feature", "properties": { "highway": "residential", "surface": null, "ref": null, "name": "Лыжная улица", "Класс": "Прочие" }, "geometry": { "type": "MultiLineString", "coordinates": [ [ [ 85.9769914, 51.9197366 ], [ 85.9769857, 51.9204861 ], [ 85.9770007, 51.9219669 ] ] ] } },
{ "type": "Feature", "properties": { "highway": "service", "surface": null, "ref": null, "name": null, "Класс": "Проезды" }, "geometry": { "type": "MultiLineString", "coordinates": [ [ [ 85.8995427, 51.9622451 ], [ 85.899817, 51.9622601 ], [ 85.9002181, 51.9621854 ], [ 85.900332, 51.9621262 ], [ 85.9003159, 51.9620452 ], [ 85.900008, 51.9617935 ] ] ] } },
{ "type": "Feature", "properties": { "highway": "service", "surface": null, "ref": null, "name": "Садоводство Электрик улица", "Класс": "Проезды" }, "geometry": { "type": "MultiLineString", "coordinates": [ [ [ 85.900008, 51.9617935 ], [ 85.8992833, 51.9614403 ], [ 85.8984372, 51.9611854 ], [ 85.897564, 51.9607832 ] ] ] } },
{ "type": "Feature", "properties": { "highway": "service", "surface": null, "ref": null, "name": null, "Класс": "Проезды" }, "geometry": { "type": "MultiLineString", "coordinates": [ [ [ 85.8920326, 51.9586532 ], [ 85.8922296, 51.9587229 ], [ 85.8935638, 51.9601563 ], [ 85.8940657, 51.9605654 ] ] ] } },
{ "type": "Feature", "properties": { "highway": "service", "surface": null, "ref": null, "name": null, "Класс": "Проезды" }, "geometry": { "type": "MultiLineString", "coordinates": [ [ [ 85.892087, 51.9582477 ], [ 85.8925734, 51.9584825 ], [ 85.8928521, 51.9587524 ], [ 85.8946042, 51.9600038 ], [ 85.8951916, 51.9601326 ], [ 85.8954902, 51.9600958 ], [ 85.8956296, 51.9599302 ], [ 85.8954404, 51.9598014 ], [ 85.8951716, 51.959783 ], [ 85.894095, 51.9591195 ], [ 85.8934992, 51.9586052 ], [ 85.8930926, 51.9582269 ], [ 85.892689, 51.9580072 ], [ 85.8922316, 51.9578138 ] ] ] } },
{ "type": "Feature", "properties": { "highway": "service", "surface": null, "ref": null, "name": null, "Класс": "Проезды" }, "geometry": { "type": "MultiLineString", "coordinates": [ [ [ 85.9316299, 51.9566964 ], [ 85.9322671, 51.9567568 ], [ 85.9328402, 51.95681 ], [ 85.932943, 51.9568474 ], [ 85.933055, 51.9568963 ], [ 85.9331718, 51.956997 ], [ 85.9331998, 51.9571208 ], [ 85.9331718, 51.9572359 ], [ 85.9331251, 51.9574374 ], [ 85.9331671, 51.9575985 ], [ 85.9331204, 51.9578115 ], [ 85.932971, 51.9579496 ], [ 85.9329196, 51.9581108 ], [ 85.9328682, 51.9582604 ], [ 85.9329336, 51.9583237 ], [ 85.9330877, 51.9584187 ], [ 85.9333119, 51.9585367 ], [ 85.9335828, 51.9585942 ], [ 85.9336829, 51.9586345 ], [ 85.9340742, 51.9586915 ], [ 85.9343478, 51.9587295 ], [ 85.9346214, 51.9587675 ], [ 85.9347635, 51.9587907 ], [ 85.9349379, 51.9588171 ], [ 85.9349915, 51.9587312 ], [ 85.9350264, 51.9586369 ], [ 85.9350908, 51.9586089 ], [ 85.9354395, 51.9585841 ], [ 85.9355025, 51.9585841 ], [ 85.9355347, 51.9586568 ], [ 85.9355682, 51.9587345 ], [ 85.9356876, 51.9587708 ], [ 85.9359477, 51.9587907 ], [ 85.9362933, 51.9588453 ], [ 85.9366856, 51.9589087 ], [ 85.9370172, 51.9589144 ], [ 85.9373767, 51.9589288 ], [ 85.9377177, 51.9589662 ] ] ] } },
{ "type": "Feature", "properties": { "highway": "service", "surface": null, "ref": null, "name": null, "Класс": "Проезды" }, "geometry": { "type": "MultiLineString", "coordinates": [ [ [ 85.9364713, 51.9585335 ], [ 85.9361299, 51.9584943 ], [ 85.9358683, 51.9584856 ], [ 85.9355508, 51.958523 ], [ 85.9355025, 51.9585841 ] ] ] } },
{ "type": "Feature", "properties": { "highway": "service", "surface": null, "ref": null, "name": null, "Класс": "Проезды" }, "geometry": { "type": "MultiLineString", "coordinates": [ [ [ 85.9364713, 51.9585335 ], [ 85.9364238, 51.958487 ], [ 85.9364123, 51.9583893 ], [ 85.9364361, 51.9582001 ], [ 85.9365242, 51.9579271 ], [ 85.9365729, 51.9578245 ], [ 85.9366816, 51.9578027 ] ] ] } },
{ "type": "Feature", "properties": { "highway": "service", "surface": null, "ref": null, "name": null, "Класс": "Проезды" }, "geometry": { "type": "MultiLineString", "coordinates": [ [ [ 85.9036425, 51.9599397 ], [ 85.9036303, 51.9595126 ] ] ] } },
{ "type": "Feature", "properties": { "highway": "residential", "surface": "ground", "ref": null, "name": "Садоводство Юбилейное улица", "Класс": "Прочие" }, "geometry": { "type": "MultiLineString", "coordinates": [ [ [ 85.9033251, 51.9600156 ], [ 85.9031871, 51.9596828 ], [ 85.903143, 51.9595859 ], [ 85.9029874, 51.9594966 ], [ 85.9027892, 51.9594605 ], [ 85.9022686, 51.9594108 ], [ 85.9012274, 51.9592945 ], [ 85.9000587, 51.959197 ], [ 85.8994808, 51.9591214 ] ] ] } },
{ "type": "Feature", "properties": { "highway": "residential", "surface": null, "ref": null, "name": null, "Класс": "Прочие" }, "geometry": { "type": "MultiLineString", "coordinates": [ [ [ 85.9051725, 51.9551588 ], [ 85.9051815, 51.9552106 ], [ 85.905219, 51.9552899 ], [ 85.905439, 51.9555214 ], [ 85.9057246, 51.9558833 ] ] ] } },
{ "type": "Feature", "properties": { "highway": "residential", "surface": null, "ref": null, "name": null, "Класс": "Прочие" }, "geometry": { "type": "MultiLineString", "coordinates": [ [ [ 85.9068554, 51.9545728 ], [ 85.9069572, 51.9545015 ], [ 85.9071282, 51.9545584 ] ] ] } },
{ "type": "Feature", "properties": { "highway": "service", "surface": null, "ref": null, "name": null, "Класс": "Проезды" }, "geometry": { "type": "MultiLineString", "coordinates": [ [ [ 85.9069572, 51.9545015 ], [ 85.9069675, 51.9543726 ], [ 85.9068391, 51.9543097 ], [ 85.9066429, 51.954266 ], [ 85.9064421, 51.9542337 ], [ 85.9062132, 51.9542622 ], [ 85.9056796, 51.9544 ], [ 85.9054056, 51.9545377 ] ] ] } },
{ "type": "Feature", "properties": { "highway": "service", "surface": null, "ref": null, "name": null, "Класс": "Проезды" }, "geometry": { "type": "MultiLineString", "coordinates": [ [ [ 85.9054056, 51.9545377 ], [ 85.904755, 51.9546817 ], [ 85.9044293, 51.9546963 ], [ 85.9043071, 51.9546933 ], [ 85.9039012, 51.9546515 ], [ 85.9029242, 51.9544556 ], [ 85.9022487, 51.9543115 ], [ 85.9019513, 51.9542088 ], [ 85.9012728, 51.953836 ], [ 85.9009275, 51.9536106 ], [ 85.9006062, 51.9532781 ], [ 85.900442, 51.953113 ], [ 85.9002755, 51.953004 ] ] ] } },
{ "type": "Feature", "properties": { "highway": "track", "surface": null, "ref": null, "name": null, "Класс": "Прочие" }, "geometry": { "type": "MultiLineString", "coordinates": [ [ [ 85.9649787, 51.9790907 ], [ 85.9652319, 51.9789522 ], [ 85.9654442, 51.9787885 ], [ 85.9648838, 51.9782534 ], [ 85.9647498, 51.9777121 ], [ 85.9648295, 51.9773951 ], [ 85.9646343, 51.9770158 ], [ 85.9641417, 51.9763725 ], [ 85.9641476, 51.9762739 ], [ 85.9641476, 51.9757769 ], [ 85.9641476, 51.9752885 ], [ 85.9640768, 51.9750705 ], [ 85.9637795, 51.974556 ], [ 85.9636238, 51.9739281 ], [ 85.9635241, 51.9737493 ] ] ] } },
{ "type": "Feature", "properties": { "highway": "track", "surface": null, "ref": null, "name": "улица Генерала Маргелова", "Класс": "Прочие" }, "geometry": { "type": "MultiLineString", "coordinates": [ [ [ 85.9654442, 51.9787885 ], [ 85.965661, 51.9785673 ], [ 85.9659122, 51.9776589 ], [ 85.9660795, 51.9767311 ], [ 85.9663177, 51.9755652 ], [ 85.9677358, 51.975161 ] ] ] } },
{ "type": "Feature", "properties": { "highway": "residential", "surface": null, "ref": null, "name": null, "Класс": "Прочие" }, "geometry": { "type": "MultiLineString", "coordinates": [ [ [ 85.9411428, 51.9582536 ], [ 85.941879, 51.958327 ] ] ] } },
{ "type": "Feature", "properties": { "highway": "service", "surface": null, "ref": null, "name": "Красноармейская улица", "Класс": "Проезды" }, "geometry": { "type": "MultiLineString", "coordinates": [ [ [ 85.9398714, 51.9578705 ], [ 85.9408709, 51.9581339 ] ] ] } },
{ "type": "Feature", "properties": { "highway": "residential", "surface": null, "ref": null, "name": null, "Класс": "Прочие" }, "geometry": { "type": "MultiLineString", "coordinates": [ [ [ 85.9361869, 51.9568561 ], [ 85.9378201, 51.957157 ] ] ] } },
{ "type": "Feature", "properties": { "highway": "residential", "surface": null, "ref": null, "name": null, "Класс": "Прочие" }, "geometry": { "type": "MultiLineString", "coordinates": [ [ [ 85.9681656, 51.9342933 ], [ 85.9683086, 51.9341741 ], [ 85.9684217, 51.9339895 ], [ 85.9684797, 51.9338651 ], [ 85.9684644, 51.9337295 ], [ 85.968498, 51.9336014 ], [ 85.968662, 51.9335179 ] ] ] } },
{ "type": "Feature", "properties": { "highway": "residential", "surface": null, "ref": null, "name": null, "Класс": "Прочие" }, "geometry": { "type": "MultiLineString", "coordinates": [ [ [ 85.9641032, 51.9434271 ], [ 85.964538, 51.9434858 ], [ 85.9650761, 51.9435442 ] ] ] } },
{ "type": "Feature", "properties": { "highway": "residential", "surface": null, "ref": null, "name": null, "Класс": "Прочие" }, "geometry": { "type": "MultiLineString", "coordinates": [ [ [ 85.9561277, 51.9403371 ], [ 85.9560231, 51.940196 ], [ 85.9559542, 51.9400778 ], [ 85.9558756, 51.9399293 ] ] ] } },
{ "type": "Feature", "properties": { "highway": "track", "surface": null, "ref": null, "name": null, "Класс": "Прочие" }, "geometry": { "type": "MultiLineString", "coordinates": [ [ [ 85.95705, 51.940161 ], [ 85.9570665, 51.9400608 ], [ 85.9569794, 51.9397078 ], [ 85.9569545, 51.9394277 ], [ 85.9569422, 51.9389678 ], [ 85.9570039, 51.9383285 ], [ 85.9570842, 51.9378452 ], [ 85.9572261, 51.9371108 ], [ 85.957078, 51.9367113 ], [ 85.9569113, 51.9363612 ], [ 85.956399, 51.9357181 ], [ 85.9560059, 51.9353247 ] ] ] } },
{ "type": "Feature", "properties": { "highway": "track", "surface": null, "ref": null, "name": null, "Класс": "Прочие" }, "geometry": { "type": "MultiLineString", "coordinates": [ [ [ 85.9562508, 51.9350616 ], [ 85.9568723, 51.9348701 ], [ 85.9576496, 51.9346967 ], [ 85.9582781, 51.9344316 ], [ 85.958675, 51.9342175 ], [ 85.9593531, 51.9340747 ], [ 85.9599319, 51.9339931 ], [ 85.9603864, 51.9339264 ] ] ] } },
{ "type": "Feature", "properties": { "highway": "service", "surface": null, "ref": null, "name": null, "Класс": "Проезды" }, "geometry": { "type": "MultiLineString", "coordinates": [ [ [ 85.9552113, 51.96075 ], [ 85.9551679, 51.9610952 ] ] ] } },
{ "type": "Feature", "properties": { "highway": "service", "surface": null, "ref": null, "name": null, "Класс": "Проезды" }, "geometry": { "type": "MultiLineString", "coordinates": [ [ [ 85.9552699, 51.9613212 ], [ 85.9552699, 51.9611003 ], [ 85.9551679, 51.9610952 ], [ 85.9548398, 51.9610986 ], [ 85.9547846, 51.9612006 ], [ 85.9548315, 51.9612974 ] ] ] } },
{ "type": "Feature", "properties": { "highway": "service", "surface": null, "ref": null, "name": null, "Класс": "Проезды" }, "geometry": { "type": "MultiLineString", "coordinates": [ [ [ 85.9654601, 51.9586814 ], [ 85.9654482, 51.9583032 ], [ 85.9661757, 51.9582934 ], [ 85.9661718, 51.9579352 ] ] ] } },
{ "type": "Feature", "properties": { "highway": "service", "surface": null, "ref": null, "name": null, "Класс": "Проезды" }, "geometry": { "type": "MultiLineString", "coordinates": [ [ [ 85.9079635, 51.9528975 ], [ 85.908325, 51.9531311 ], [ 85.9085128, 51.9532733 ], [ 85.9086522, 51.9533692 ], [ 85.9086713, 51.9534152 ], [ 85.9086348, 51.9534411 ], [ 85.9085007, 51.9534436 ], [ 85.9083398, 51.9534039 ], [ 85.9078395, 51.9533972 ], [ 85.9075123, 51.9534436 ], [ 85.9067827, 51.9535989 ], [ 85.9055757, 51.9538105 ], [ 85.9043825, 51.9539745 ], [ 85.9039691, 51.9540023 ], [ 85.9035568, 51.954001 ], [ 85.903033, 51.9539527 ], [ 85.9027271, 51.9538896 ], [ 85.9024107, 51.9537865 ], [ 85.9021828, 51.953637 ], [ 85.9019681, 51.9533924 ], [ 85.9018153, 51.9532072 ], [ 85.9017817, 51.9530097 ], [ 85.9018875, 51.952703 ], [ 85.9019324, 51.9525971 ] ] ] } },
{ "type": "Feature", "properties": { "highway": "residential", "surface": null, "ref": null, "name": null, "Класс": "Прочие" }, "geometry": { "type": "MultiLineString", "coordinates": [ [ [ 85.9078143, 51.9523859 ], [ 85.9079866, 51.9526177 ], [ 85.9079549, 51.9528038 ], [ 85.9079635, 51.9528975 ] ] ] } },
{ "type": "Feature", "properties": { "highway": "residential", "surface": null, "ref": null, "name": null, "Класс": "Прочие" }, "geometry": { "type": "MultiLineString", "coordinates": [ [ [ 85.9083259, 51.9526141 ], [ 85.9079866, 51.9526177 ] ] ] } },
{ "type": "Feature", "properties": { "highway": "unclassified", "surface": "unpaved", "ref": null, "name": "улица Газпрома", "Класс": "Прочие" }, "geometry": { "type": "MultiLineString", "coordinates": [ [ [ 85.9687671, 51.9723578 ], [ 85.9687456, 51.9725942 ], [ 85.9687042, 51.9729189 ], [ 85.9685739, 51.9732749 ], [ 85.9684041, 51.9736816 ], [ 85.9682842, 51.9739689 ], [ 85.9679838, 51.9745373 ], [ 85.9678928, 51.9747453 ], [ 85.9677478, 51.9751056 ], [ 85.9677358, 51.975161 ], [ 85.9676244, 51.975674 ], [ 85.9676067, 51.9760517 ], [ 85.967544, 51.9764506 ], [ 85.9674366, 51.9769826 ], [ 85.9673884, 51.9776501 ], [ 85.9672864, 51.9782052 ], [ 85.9670396, 51.9786843 ], [ 85.9668412, 51.9790907 ], [ 85.9666641, 51.9794277 ], [ 85.9664496, 51.9797515 ], [ 85.9661813, 51.9799234 ], [ 85.9659025, 51.9800159 ], [ 85.9654625, 51.9800687 ], [ 85.9650065, 51.9800523 ], [ 85.9646195, 51.9800424 ], [ 85.9641751, 51.9800093 ], [ 85.9629037, 51.9800027 ], [ 85.9620186, 51.9800093 ], [ 85.9606399, 51.9800159 ], [ 85.9597173, 51.9800125 ], [ 85.9590574, 51.9800158 ], [ 85.9578316, 51.979995 ], [ 85.9567507, 51.9800027 ], [ 85.9534945, 51.9799894 ], [ 85.9527652, 51.979993 ], [ 85.9520143, 51.9799905 ], [ 85.9499687, 51.9799484 ] ] ] } },
{ "type": "Feature", "properties": { "highway": "service", "surface": null, "ref": null, "name": null, "Класс": "Проезды" }, "geometry": { "type": "MultiLineString", "coordinates": [ [ [ 85.971532, 51.9702706 ], [ 85.9715201, 51.970818 ], [ 85.9716934, 51.9710454 ] ] ] } },
{ "type": "Feature", "properties": { "highway": "service", "surface": null, "ref": null, "name": null, "Класс": "Проезды" }, "geometry": { "type": "MultiLineString", "coordinates": [ [ [ 85.972693, 51.9706702 ], [ 85.9727122, 51.9708581 ] ] ] } },
{ "type": "Feature", "properties": { "highway": "residential", "surface": null, "ref": null, "name": "Советский переулок", "Класс": "Прочие" }, "geometry": { "type": "MultiLineString", "coordinates": [ [ [ 85.9737605, 51.958098 ], [ 85.9732316, 51.9581772 ], [ 85.9729098, 51.9582842 ], [ 85.9726329, 51.9583749 ], [ 85.9724322, 51.9584646 ] ] ] } },
{ "type": "Feature", "properties": { "highway": "residential", "surface": null, "ref": null, "name": null, "Класс": "Прочие" }, "geometry": { "type": "MultiLineString", "coordinates": [ [ [ 85.9930568, 51.9315418 ], [ 85.9934295, 51.9316486 ] ] ] } },
{ "type": "Feature", "properties": { "highway": "service", "surface": null, "ref": null, "name": null, "Класс": "Проезды" }, "geometry": { "type": "MultiLineString", "coordinates": [ [ [ 85.9634336, 51.9513303 ], [ 85.9628838, 51.9514378 ], [ 85.962639, 51.9514741 ] ] ] } },
{ "type": "Feature", "properties": { "highway": "service", "surface": null, "ref": null, "name": null, "Класс": "Проезды" }, "geometry": { "type": "MultiLineString", "coordinates": [ [ [ 85.9655054, 51.9514599 ], [ 85.9653734, 51.9514076 ], [ 85.9649807, 51.9512525 ], [ 85.9645935, 51.951039 ], [ 85.9643966, 51.9510532 ] ] ] } },
{ "type": "Feature", "properties": { "highway": "service", "surface": null, "ref": null, "name": null, "Класс": "Проезды" }, "geometry": { "type": "MultiLineString", "coordinates": [ [ [ 85.9654902, 51.962416 ], [ 85.9654132, 51.9624419 ], [ 85.9654212, 51.9625575 ], [ 85.9651702, 51.9634578 ] ] ] } },
{ "type": "Feature", "properties": { "highway": "residential", "surface": null, "ref": null, "name": "улица Дружбы", "Класс": "Прочие" }, "geometry": { "type": "MultiLineString", "coordinates": [ [ [ 85.9864276, 51.930915 ], [ 85.9874611, 51.9309881 ], [ 85.9888536, 51.931101 ], [ 85.9897649, 51.9311847 ], [ 85.9907567, 51.9312728 ], [ 85.9914726, 51.9313459 ], [ 85.992431, 51.9314956 ], [ 85.9930568, 51.9315418 ], [ 85.9931687, 51.9314435 ] ] ] } },
{ "type": "Feature", "properties": { "highway": "residential", "surface": null, "ref": null, "name": "Солнечная улица", "Класс": "Прочие" }, "geometry": { "type": "MultiLineString", "coordinates": [ [ [ 85.9931687, 51.9314435 ], [ 85.9931161, 51.9311501 ], [ 85.9932223, 51.9308357 ], [ 85.9932028, 51.9307757 ], [ 85.9930962, 51.9307414 ], [ 85.9926925, 51.9307426 ], [ 85.9916133, 51.9307922 ], [ 85.991121, 51.9307766 ], [ 85.9896596, 51.9305833 ], [ 85.987394, 51.9304664 ], [ 85.9864916, 51.930477 ], [ 85.9860983, 51.9304446 ], [ 85.9859489, 51.9304083 ], [ 85.9858006, 51.9303048 ], [ 85.9855673, 51.9302032 ], [ 85.9851017, 51.9301131 ], [ 85.98452, 51.9300003 ] ] ] } },
{ "type": "Feature", "properties": { "highway": "residential", "surface": null, "ref": null, "name": null, "Класс": "Прочие" }, "geometry": { "type": "MultiLineString", "coordinates": [ [ [ 85.98452, 51.9300003 ], [ 85.9844326, 51.9299055 ], [ 85.9843966, 51.9296968 ], [ 85.9844985, 51.9295251 ], [ 85.9846759, 51.9294507 ], [ 85.9848796, 51.9290629 ], [ 85.9851192, 51.9286085 ], [ 85.9852499, 51.9281221 ], [ 85.9854439, 51.927422 ], [ 85.9855178, 51.9273116 ], [ 85.9856164, 51.9270422 ], [ 85.9859138, 51.9270675 ] ] ] } },
{ "type": "Feature", "properties": { "highway": "residential", "surface": null, "ref": null, "name": "улица Шукшина", "Класс": "Прочие" }, "geometry": { "type": "MultiLineString", "coordinates": [ [ [ 85.9826312, 51.9280193 ], [ 85.9822669, 51.9286331 ], [ 85.9820424, 51.9291503 ], [ 85.9818772, 51.9294611 ], [ 85.9816512, 51.929845 ], [ 85.9816491, 51.9299313 ], [ 85.9816647, 51.9299773 ], [ 85.982011, 51.9300705 ] ] ] } },
{ "type": "Feature", "properties": { "highway": "residential", "surface": null, "ref": null, "name": null, "Класс": "Прочие" }, "geometry": { "type": "MultiLineString", "coordinates": [ [ [ 85.9826312, 51.9280193 ], [ 85.9836482, 51.928347 ] ] ] } },
{ "type": "Feature", "properties": { "highway": "residential", "surface": null, "ref": null, "name": "улица Зелёный Берег", "Класс": "Прочие" }, "geometry": { "type": "MultiLineString", "coordinates": [ [ [ 85.985413, 51.9205493 ], [ 85.9851927, 51.9201575 ], [ 85.9851676, 51.9199932 ], [ 85.9852374, 51.9198443 ], [ 85.9853757, 51.9197098 ], [ 85.9859604, 51.919131 ], [ 85.9871638, 51.9179377 ], [ 85.9873252, 51.9178249 ], [ 85.987532, 51.9178699 ], [ 85.987705, 51.9178922 ], [ 85.9879209, 51.9178599 ], [ 85.9882805, 51.917731 ], [ 85.9887189, 51.9176871 ], [ 85.9890213, 51.9176926 ] ] ] } },
{ "type": "Feature", "properties": { "highway": "residential", "surface": null, "ref": null, "name": "улица В.К.Плакаса", "Класс": "Прочие" }, "geometry": { "type": "MultiLineString", "coordinates": [ [ [ 85.9890213, 51.9176926 ], [ 85.9891051, 51.9177516 ], [ 85.9892461, 51.9178266 ], [ 85.9893197, 51.9178906 ], [ 85.989373, 51.9180991 ], [ 85.9891125, 51.9185185 ], [ 85.989344, 51.918605 ] ] ] } },
{ "type": "Feature", "properties": { "highway": "residential", "surface": null, "ref": null, "name": "Автодромный переулок", "Класс": "Прочие" }, "geometry": { "type": "MultiLineString", "coordinates": [ [ [ 85.9872976, 51.914299 ], [ 85.9871511, 51.9143557 ], [ 85.9871283, 51.9144113 ], [ 85.9870344, 51.9148729 ], [ 85.9870589, 51.9149747 ], [ 85.9873021, 51.9155497 ], [ 85.9873885, 51.91572 ], [ 85.9873698, 51.9158128 ], [ 85.9873509, 51.9159268 ], [ 85.9874852, 51.9162386 ], [ 85.9875592, 51.9164708 ], [ 85.9875816, 51.9168863 ], [ 85.9875147, 51.9173485 ], [ 85.9874132, 51.9175657 ], [ 85.9873252, 51.9178249 ] ] ] } },
{ "type": "Feature", "properties": { "highway": "residential", "surface": null, "ref": null, "name": null, "Класс": "Прочие" }, "geometry": { "type": "MultiLineString", "coordinates": [ [ [ 85.9986046, 51.9190094 ], [ 85.9995601, 51.9188525 ], [ 86.0004753, 51.9188366 ] ] ] } },
{ "type": "Feature", "properties": { "highway": "residential", "surface": null, "ref": null, "name": "Черемшанская улица", "Класс": "Прочие" }, "geometry": { "type": "MultiLineString", "coordinates": [ [ [ 85.9620964, 51.9625752 ], [ 85.9623532, 51.9625524 ], [ 85.9625756, 51.9625372 ], [ 85.963276, 51.9625094 ], [ 85.9632881, 51.9625097 ], [ 85.9637719, 51.9624909 ], [ 85.9643191, 51.9624645 ], [ 85.96476, 51.9624651 ] ] ] } },
{ "type": "Feature", "properties": { "highway": "residential", "surface": null, "ref": null, "name": null, "Класс": "Прочие" }, "geometry": { "type": "MultiLineString", "coordinates": [ [ [ 85.9620964, 51.9625752 ], [ 85.961797, 51.9625884 ] ] ] } },
{ "type": "Feature", "properties": { "highway": "service", "surface": null, "ref": null, "name": null, "Класс": "Проезды" }, "geometry": { "type": "MultiLineString", "coordinates": [ [ [ 85.9442441, 51.9576226 ], [ 85.944559, 51.9576057 ], [ 85.944618, 51.9576289 ], [ 85.9446153, 51.9576619 ], [ 85.9445482, 51.9577595 ], [ 85.9443605, 51.9580371 ], [ 85.9443819, 51.9581049 ], [ 85.9444034, 51.9581545 ], [ 85.9444088, 51.9582487 ], [ 85.9443524, 51.9583677 ], [ 85.9442425, 51.9583876 ], [ 85.9441513, 51.9583876 ], [ 85.9440681, 51.958419 ], [ 85.9440333, 51.9584553 ] ] ] } },
{ "type": "Feature", "properties": { "highway": "service", "surface": null, "ref": null, "name": null, "Класс": "Проезды" }, "geometry": { "type": "MultiLineString", "coordinates": [ [ [ 85.9431791, 51.9552095 ], [ 85.94347, 51.9547445 ], [ 85.9434996, 51.9546999 ], [ 85.943537, 51.9546718 ], [ 85.9435803, 51.9546615 ], [ 85.9437274, 51.9546916 ], [ 85.9437865, 51.954728 ], [ 85.9437785, 51.9547792 ], [ 85.9436953, 51.9549065 ], [ 85.9436524, 51.9549683 ], [ 85.9436532, 51.9549936 ], [ 85.9436631, 51.9550129 ], [ 85.9437063, 51.9550259 ], [ 85.9440241, 51.9550963 ], [ 85.9440453, 51.9551241 ], [ 85.9440413, 51.9551528 ], [ 85.9440225, 51.955204 ], [ 85.9438708, 51.9554092 ] ] ] } },
{ "type": "Feature", "properties": { "highway": "service", "surface": null, "ref": null, "name": null, "Класс": "Проезды" }, "geometry": { "type": "MultiLineString", "coordinates": [ [ [ 85.9578923, 51.9570548 ], [ 85.9578809, 51.9564383 ], [ 85.958118, 51.9564397 ], [ 85.9584957, 51.9564941 ] ] ] } },
{ "type": "Feature", "properties": { "highway": "service", "surface": null, "ref": null, "name": null, "Класс": "Проезды" }, "geometry": { "type": "MultiLineString", "coordinates": [ [ [ 85.9522376, 51.9581457 ], [ 85.9535596, 51.9581316 ], [ 85.9535055, 51.9579515 ], [ 85.953666, 51.9578983 ], [ 85.9538733, 51.9578903 ] ] ] } },
{ "type": "Feature", "properties": { "highway": "service", "surface": null, "ref": null, "name": null, "Класс": "Проезды" }, "geometry": { "type": "MultiLineString", "coordinates": [ [ [ 85.955202, 51.9587991 ], [ 85.9551986, 51.9590687 ], [ 85.9552256, 51.9591541 ], [ 85.9553642, 51.9593853 ], [ 85.9553946, 51.9595206 ], [ 85.9555602, 51.9597809 ] ] ] } },
{ "type": "Feature", "properties": { "highway": "service", "surface": null, "ref": null, "name": null, "Класс": "Проезды" }, "geometry": { "type": "MultiLineString", "coordinates": [ [ [ 85.910395, 51.969497 ], [ 85.9104556, 51.969586 ], [ 85.9108885, 51.9701029 ], [ 85.9110329, 51.9702218 ], [ 85.9114594, 51.9704721 ] ] ] } },
{ "type": "Feature", "properties": { "highway": "service", "surface": null, "ref": null, "name": null, "Класс": "Проезды" }, "geometry": { "type": "MultiLineString", "coordinates": [ [ [ 85.9097528, 51.9697554 ], [ 85.9098337, 51.9698359 ], [ 85.9101093, 51.9700887 ], [ 85.9099758, 51.9701878 ], [ 85.9107115, 51.9706375 ] ] ] } },
{ "type": "Feature", "properties": { "highway": "residential", "surface": null, "ref": null, "name": null, "Класс": "Прочие" }, "geometry": { "type": "MultiLineString", "coordinates": [ [ [ 85.9095163, 51.9622777 ], [ 85.9098914, 51.9621113 ], [ 85.9102428, 51.9619312 ], [ 85.9104466, 51.9617923 ], [ 85.9106952, 51.9616353 ] ] ] } },
{ "type": "Feature", "properties": { "highway": "service", "surface": "asphalt", "ref": null, "name": null, "Класс": "Проезды" }, "geometry": { "type": "MultiLineString", "coordinates": [ [ [ 85.9127956, 51.961633 ], [ 85.9131107, 51.9614074 ], [ 85.9131362, 51.9613601 ], [ 85.9131703, 51.9612998 ], [ 85.9132214, 51.9612368 ], [ 85.9137408, 51.9609115 ], [ 85.9138866, 51.960823 ], [ 85.913967, 51.9608007 ], [ 85.914022, 51.9607932 ], [ 85.9140877, 51.9607726 ], [ 85.9144225, 51.9605784 ], [ 85.9144995, 51.9605337 ], [ 85.9147945, 51.9603784 ], [ 85.9148937, 51.9603495 ], [ 85.9149863, 51.9603321 ], [ 85.9150788, 51.960328 ], [ 85.9152474, 51.9603483 ] ] ] } },
{ "type": "Feature", "properties": { "highway": "service", "surface": "asphalt", "ref": null, "name": null, "Класс": "Проезды" }, "geometry": { "type": "MultiLineString", "coordinates": [ [ [ 85.9180748, 51.956928 ], [ 85.9179622, 51.9568917 ], [ 85.9178817, 51.9568917 ], [ 85.9177154, 51.9569082 ], [ 85.9176457, 51.956938 ], [ 85.9176135, 51.9570156 ], [ 85.9177101, 51.957414 ], [ 85.9176967, 51.9575165 ], [ 85.9176618, 51.9575495 ] ] ] } },
{ "type": "Feature", "properties": { "highway": "service", "surface": "asphalt", "ref": null, "name": null, "Класс": "Проезды" }, "geometry": { "type": "MultiLineString", "coordinates": [ [ [ 85.9244548, 51.9541935 ], [ 85.924688, 51.9540883 ], [ 85.9249735, 51.9539581 ], [ 85.9251069, 51.9539078 ] ] ] } },
{ "type": "Feature", "properties": { "highway": "service", "surface": "asphalt", "ref": null, "name": null, "Класс": "Проезды" }, "geometry": { "type": "MultiLineString", "coordinates": [ [ [ 85.9249204, 51.9537081 ], [ 85.9250316, 51.9538498 ], [ 85.9251069, 51.9539078 ], [ 85.9252382, 51.9538632 ], [ 85.925401, 51.9538269 ], [ 85.9255518, 51.9538036 ], [ 85.9258754, 51.9537695 ], [ 85.9261734, 51.9537537 ], [ 85.9264034, 51.9537376 ], [ 85.9266318, 51.95372 ], [ 85.9271202, 51.9537533 ], [ 85.927465, 51.9537786 ] ] ] } },
{ "type": "Feature", "properties": { "highway": "service", "surface": null, "ref": null, "name": null, "Класс": "Проезды" }, "geometry": { "type": "MultiLineString", "coordinates": [ [ [ 85.93873, 51.9565677 ], [ 85.9391409, 51.9559475 ] ] ] } },
{ "type": "Feature", "properties": { "highway": "service", "surface": null, "ref": null, "name": null, "Класс": "Проезды" }, "geometry": { "type": "MultiLineString", "coordinates": [ [ [ 85.9352993, 51.954957 ], [ 85.9350909, 51.9553649 ], [ 85.934008, 51.9551585 ] ] ] } },
{ "type": "Feature", "properties": { "highway": "service", "surface": null, "ref": null, "name": null, "Класс": "Проезды" }, "geometry": { "type": "MultiLineString", "coordinates": [ [ [ 85.9311729, 51.9563446 ], [ 85.9312659, 51.9558916 ], [ 85.9314909, 51.9549675 ] ] ] } },
{ "type": "Feature", "properties": { "highway": "service", "surface": null, "ref": null, "name": null, "Класс": "Проезды" }, "geometry": { "type": "MultiLineString", "coordinates": [ [ [ 85.9291186, 51.9561025 ], [ 85.9290219, 51.9565941 ], [ 85.9290304, 51.9566178 ], [ 85.9290495, 51.9566309 ], [ 85.9290943, 51.9566414 ], [ 85.9293071, 51.9566584 ], [ 85.9293646, 51.9566676 ], [ 85.9294051, 51.9566794 ], [ 85.9294774, 51.9567227 ], [ 85.9295697, 51.9567857 ], [ 85.9296158, 51.9568172 ], [ 85.9296286, 51.9568382 ], [ 85.9296265, 51.9568592 ], [ 85.9296054, 51.9569646 ], [ 85.9295903, 51.9570402 ], [ 85.9296009, 51.9570599 ], [ 85.9296265, 51.9570717 ], [ 85.9296712, 51.9570822 ], [ 85.9305355, 51.9571609 ], [ 85.930593, 51.9571753 ], [ 85.9306568, 51.9572003 ], [ 85.9307486, 51.9572946 ] ] ] } },
{ "type": "Feature", "properties": { "highway": "service", "surface": null, "ref": null, "name": null, "Класс": "Проезды" }, "geometry": { "type": "MultiLineString", "coordinates": [ [ [ 85.9126948, 51.9562292 ], [ 85.9130914, 51.9568825 ] ] ] } },
{ "type": "Feature", "properties": { "highway": "residential", "surface": null, "ref": null, "name": null, "Класс": "Прочие" }, "geometry": { "type": "MultiLineString", "coordinates": [ [ [ 85.9130285, 51.9554283 ], [ 85.9124155, 51.9555786 ] ] ] } },
{ "type": "Feature", "properties": { "highway": "service", "surface": null, "ref": null, "name": null, "Класс": "Проезды" }, "geometry": { "type": "MultiLineString", "coordinates": [ [ [ 85.9075441, 51.9661376 ], [ 85.9077515, 51.966067 ], [ 85.9075616, 51.9658598 ], [ 85.9075252, 51.9658201 ], [ 85.907533, 51.9657806 ], [ 85.9076584, 51.9657073 ], [ 85.9079985, 51.9655293 ], [ 85.9085165, 51.9652913 ], [ 85.9086093, 51.9652398 ], [ 85.9095935, 51.9647245 ], [ 85.9102937, 51.9643234 ], [ 85.9106818, 51.9640983 ] ] ] } },
{ "type": "Feature", "properties": { "highway": "service", "surface": null, "ref": null, "name": null, "Класс": "Проезды" }, "geometry": { "type": "MultiLineString", "coordinates": [ [ [ 85.9093505, 51.9645486 ], [ 85.9095935, 51.9647245 ], [ 85.9098967, 51.9649359 ], [ 85.9107712, 51.9644895 ], [ 85.9109563, 51.9643804 ], [ 85.9110422, 51.9643291 ] ] ] } },
{ "type": "Feature", "properties": { "highway": "service", "surface": null, "ref": null, "name": null, "Класс": "Проезды" }, "geometry": { "type": "MultiLineString", "coordinates": [ [ [ 85.9507739, 51.9567949 ], [ 85.9508264, 51.9567291 ], [ 85.9508581, 51.9564341 ], [ 85.9508656, 51.9563644 ], [ 85.9508854, 51.9561803 ], [ 85.9511194, 51.9561899 ], [ 85.9521001, 51.95623 ] ] ] } },
{ "type": "Feature", "properties": { "highway": "service", "surface": null, "ref": null, "name": null, "Класс": "Проезды" }, "geometry": { "type": "MultiLineString", "coordinates": [ [ [ 85.9492278, 51.9558073 ], [ 85.9494594, 51.955979 ], [ 85.9495102, 51.9560167 ], [ 85.9498477, 51.956142 ], [ 85.9498599, 51.9562146 ], [ 85.9496795, 51.9564709 ] ] ] } },
{ "type": "Feature", "properties": { "highway": "service", "surface": null, "ref": null, "name": null, "Класс": "Проезды" }, "geometry": { "type": "MultiLineString", "coordinates": [ [ [ 85.9494594, 51.955979 ], [ 85.949043, 51.9565348 ] ] ] } },
{ "type": "Feature", "properties": { "highway": "service", "surface": null, "ref": null, "name": null, "Класс": "Проезды" }, "geometry": { "type": "MultiLineString", "coordinates": [ [ [ 85.9441135, 51.9576851 ], [ 85.9425398, 51.95728 ] ] ] } },
{ "type": "Feature", "properties": { "highway": "service", "surface": null, "ref": null, "name": null, "Класс": "Проезды" }, "geometry": { "type": "MultiLineString", "coordinates": [ [ [ 85.9704718, 51.9569314 ], [ 85.9697539, 51.9569158 ], [ 85.9687627, 51.9568968 ] ] ] } },
{ "type": "Feature", "properties": { "highway": "residential", "surface": null, "ref": null, "name": "Боровой переулок", "Класс": "Прочие" }, "geometry": { "type": "MultiLineString", "coordinates": [ [ [ 85.9351572, 51.9495879 ], [ 85.935992, 51.949753 ], [ 85.9363069, 51.9497884 ], [ 85.936515, 51.9498811 ], [ 85.9365915, 51.9500867 ], [ 85.9366359, 51.9503471 ] ] ] } },
{ "type": "Feature", "properties": { "highway": "residential", "surface": null, "ref": null, "name": "Боровой переулок", "Класс": "Прочие" }, "geometry": { "type": "MultiLineString", "coordinates": [ [ [ 85.9366359, 51.9503471 ], [ 85.9367044, 51.9507823 ], [ 85.9367752, 51.9508813 ], [ 85.9369375, 51.9509614 ], [ 85.9371427, 51.9509672 ], [ 85.9372725, 51.9509638 ] ] ] } },
{ "type": "Feature", "properties": { "highway": "service", "surface": null, "ref": null, "name": null, "Класс": "Проезды" }, "geometry": { "type": "MultiLineString", "coordinates": [ [ [ 85.9508581, 51.9564341 ], [ 85.9506444, 51.9564291 ] ] ] } },
{ "type": "Feature", "properties": { "highway": "service", "surface": null, "ref": null, "name": null, "Класс": "Проезды" }, "geometry": { "type": "MultiLineString", "coordinates": [ [ [ 85.9536465, 51.9564659 ], [ 85.9537355, 51.9567083 ], [ 85.9548292, 51.9567115 ], [ 85.9549445, 51.9566669 ], [ 85.9556777, 51.9566675 ] ] ] } },
{ "type": "Feature", "properties": { "highway": "service", "surface": null, "ref": null, "name": null, "Класс": "Проезды" }, "geometry": { "type": "MultiLineString", "coordinates": [ [ [ 85.9511194, 51.9561899 ], [ 85.9511003, 51.9563664 ], [ 85.9508656, 51.9563644 ] ] ] } },
{ "type": "Feature", "properties": { "highway": "residential", "surface": null, "ref": null, "name": "Теньгинская улица", "Класс": "Прочие" }, "geometry": { "type": "MultiLineString", "coordinates": [ [ [ 85.9976239, 51.9658376 ], [ 85.9976278, 51.9657918 ], [ 85.9976681, 51.9657306 ], [ 85.9978179, 51.9655577 ], [ 85.9979342, 51.9654748 ], [ 85.998501, 51.9651046 ], [ 85.9986171, 51.9650288 ], [ 85.9996537, 51.9645776 ], [ 86.0004929, 51.9643191 ], [ 86.0009125, 51.9641822 ], [ 86.0030682, 51.9634827 ] ] ] } },
{ "type": "Feature", "properties": { "highway": "service", "surface": null, "ref": null, "name": null, "Класс": "Проезды" }, "geometry": { "type": "MultiLineString", "coordinates": [ [ [ 85.9536465, 51.9564659 ], [ 85.9536327, 51.9559504 ] ] ] } },
{ "type": "Feature", "properties": { "highway": "residential", "surface": "gravel", "ref": null, "name": "Колхозный переулок", "Класс": "Прочие" }, "geometry": { "type": "MultiLineString", "coordinates": [ [ [ 85.9841375, 51.9639888 ], [ 85.983872, 51.9643648 ], [ 85.9849694, 51.9648832 ], [ 85.9853808, 51.9650451 ], [ 85.986093, 51.9653543 ], [ 85.9864539, 51.9655476 ] ] ] } },
{ "type": "Feature", "properties": { "highway": "residential", "surface": "gravel", "ref": null, "name": "Колхозный переулок", "Класс": "Прочие" }, "geometry": { "type": "MultiLineString", "coordinates": [ [ [ 85.9838609, 51.96353 ], [ 85.9840921, 51.9638747 ], [ 85.9841375, 51.9639888 ] ] ] } },
{ "type": "Feature", "properties": { "highway": "residential", "surface": null, "ref": null, "name": "Тугаинская улица", "Класс": "Прочие" }, "geometry": { "type": "MultiLineString", "coordinates": [ [ [ 85.9705367, 51.962204 ], [ 85.9707301, 51.9623894 ], [ 85.9708178, 51.9624534 ], [ 85.971058, 51.9626502 ], [ 85.9716461, 51.9629519 ], [ 85.9722273, 51.9633528 ], [ 85.9724647, 51.9634764 ], [ 85.9725183, 51.9635492 ], [ 85.9725492, 51.9636343 ], [ 85.9725666, 51.9637756 ], [ 85.9726592, 51.9639053 ], [ 85.973257, 51.9641987 ], [ 85.973926, 51.9645142 ], [ 85.9741639, 51.9646323 ], [ 85.9743158, 51.9647077 ], [ 85.9744737, 51.96482 ], [ 85.9745622, 51.9649258 ], [ 85.97466, 51.9649827 ], [ 85.9750423, 51.9651192 ], [ 85.975299, 51.9652346 ], [ 85.9756619, 51.9653952 ], [ 85.9760091, 51.9655782 ], [ 85.9763176, 51.9657668 ], [ 85.9764058, 51.9660758 ], [ 85.976555, 51.9662198 ], [ 85.9768813, 51.9663458 ], [ 85.9771961, 51.9664412 ], [ 85.977562, 51.9666612 ], [ 85.9782406, 51.9669655 ], [ 85.97847, 51.9670359 ], [ 85.979198, 51.9672658 ], [ 85.9794465, 51.9673799 ], [ 85.9797843, 51.9675752 ], [ 85.9802904, 51.9678297 ], [ 85.9805918, 51.9679385 ], [ 85.9809239, 51.9680737 ], [ 85.9812503, 51.9681492 ], [ 85.9813653, 51.9680903 ], [ 85.9816034, 51.9680453 ], [ 85.9817251, 51.9680467 ], [ 85.9820294, 51.9680888 ], [ 85.9826652, 51.9682424 ], [ 85.9832515, 51.9683601 ], [ 85.9834751, 51.9683648 ], [ 85.983758, 51.9683535 ], [ 85.9839345, 51.9683394 ] ] ] } },
{ "type": "Feature", "properties": { "highway": "residential", "surface": null, "ref": null, "name": "Карагужинский переулок", "Класс": "Прочие" }, "geometry": { "type": "MultiLineString", "coordinates": [ [ [ 85.9683816, 51.9620403 ], [ 85.9683474, 51.9618791 ], [ 85.9683433, 51.9616361 ], [ 85.9683474, 51.9614081 ], [ 85.9684287, 51.9611325 ], [ 85.9685515, 51.9609694 ] ] ] } },
{ "type": "Feature", "properties": { "highway": "service", "surface": "asphalt", "ref": null, "name": null, "Класс": "Проезды" }, "geometry": { "type": "MultiLineString", "coordinates": [ [ [ 85.9174794, 51.9576272 ], [ 85.9170181, 51.9578504 ], [ 85.9168383, 51.9579512 ], [ 85.916782, 51.9579462 ], [ 85.9166908, 51.9578752 ], [ 85.9166318, 51.9578735 ], [ 85.9163924, 51.9579985 ] ] ] } },
{ "type": "Feature", "properties": { "highway": "service", "surface": null, "ref": null, "name": null, "Класс": "Проезды" }, "geometry": { "type": "MultiLineString", "coordinates": [ [ [ 85.9367609, 51.9566247 ], [ 85.9365677, 51.9565916 ], [ 85.9363387, 51.9565456 ] ] ] } },
{ "type": "Feature", "properties": { "highway": "track", "surface": null, "ref": null, "name": null, "Класс": "Прочие" }, "geometry": { "type": "MultiLineString", "coordinates": [ [ [ 85.9527767, 51.9471671 ], [ 85.9525942, 51.9472333 ], [ 85.9524579, 51.9472876 ], [ 85.9522938, 51.9473226 ] ] ] } },
{ "type": "Feature", "properties": { "highway": "primary", "surface": "asphalt", "ref": "Р-256", "name": "Телецкий тракт", "Класс": "Главные" }, "geometry": { "type": "MultiLineString", "coordinates": [ [ [ 85.915258, 51.9685056 ], [ 85.9156207, 51.9683132 ], [ 85.9161039, 51.9679816 ], [ 85.9174195, 51.96699 ], [ 85.9191695, 51.9659145 ], [ 85.9193696, 51.9657938 ], [ 85.9211425, 51.9647979 ], [ 85.9219894, 51.9643707 ], [ 85.9240418, 51.9635925 ], [ 85.9245911, 51.963276 ], [ 85.9250794, 51.9628906 ], [ 85.9264679, 51.961483 ], [ 85.9281845, 51.9590263 ], [ 85.9288473, 51.9583049 ], [ 85.9289729, 51.9582012 ], [ 85.9291283, 51.9580871 ], [ 85.9293263, 51.957969 ] ] ] } },
{ "type": "Feature", "properties": { "highway": "primary", "surface": "asphalt", "ref": "Р-256", "name": "Алтайская улица", "Класс": "Главные" }, "geometry": { "type": "MultiLineString", "coordinates": [ [ [ 85.9293263, 51.957969 ], [ 85.9296073, 51.9578103 ], [ 85.9302589, 51.9575191 ], [ 85.9304925, 51.9574147 ], [ 85.9307486, 51.9572946 ], [ 85.9310004, 51.9571702 ], [ 85.9311515, 51.9570822 ], [ 85.9312146, 51.9570454 ], [ 85.9313635, 51.9569454 ], [ 85.9314892, 51.9568369 ], [ 85.9315074, 51.9568174 ], [ 85.9316299, 51.9566964 ], [ 85.9316449, 51.9566336 ], [ 85.931651, 51.9566204 ], [ 85.9316971, 51.9564563 ], [ 85.9318762, 51.9558489 ], [ 85.9321044, 51.9550746 ], [ 85.9321178, 51.9550292 ], [ 85.9321315, 51.9549827 ], [ 85.9322461, 51.9545941 ], [ 85.9322704, 51.9545115 ], [ 85.9323171, 51.9543532 ] ] ] } },
{ "type": "Feature", "properties": { "highway": "living_street", "surface": "asphalt", "ref": null, "name": "улица Титова", "Класс": "Прочие" }, "geometry": { "type": "MultiLineString", "coordinates": [ [ [ 85.912823, 51.9670015 ], [ 85.9120316, 51.9670933 ], [ 85.9115299, 51.9671844 ], [ 85.9103429, 51.9674841 ], [ 85.9095862, 51.9677424 ], [ 85.9092738, 51.9679854 ], [ 85.9078153, 51.9687932 ], [ 85.9066645, 51.9694023 ], [ 85.9054502, 51.9701204 ], [ 85.904856, 51.9704753 ], [ 85.904772, 51.9704863 ], [ 85.9046829, 51.9704879 ], [ 85.9045659, 51.9704565 ], [ 85.903919, 51.9701058 ] ] ] } },
{ "type": "Feature", "properties": { "highway": "service", "surface": null, "ref": null, "name": null, "Класс": "Проезды" }, "geometry": { "type": "MultiLineString", "coordinates": [ [ [ 85.9563486, 51.9559834 ], [ 85.9565742, 51.956072 ], [ 85.9576752, 51.9562311 ], [ 85.9578468, 51.9563992 ], [ 85.9578809, 51.9564383 ] ] ] } },
{ "type": "Feature", "properties": { "highway": "residential", "surface": null, "ref": null, "name": "Береговая улица", "Класс": "Прочие" }, "geometry": { "type": "MultiLineString", "coordinates": [ [ [ 85.9683586, 51.9554762 ], [ 85.9679423, 51.9556159 ], [ 85.9675634, 51.9557251 ], [ 85.9673034, 51.9557375 ], [ 85.967092, 51.9556574 ], [ 85.9669143, 51.9555596 ], [ 85.9666663, 51.9554283 ], [ 85.9664095, 51.9551854 ], [ 85.9661802, 51.954906 ], [ 85.9661795, 51.9548381 ] ] ] } },
{ "type": "Feature", "properties": { "highway": "service", "surface": "asphalt", "ref": null, "name": null, "Класс": "Проезды" }, "geometry": { "type": "MultiLineString", "coordinates": [ [ [ 85.93604, 51.9547677 ], [ 85.9361575, 51.9545165 ], [ 85.936232, 51.9545217 ], [ 85.9363188, 51.9544693 ], [ 85.9364606, 51.9544702 ], [ 85.9365893, 51.9544769 ], [ 85.9366966, 51.9544636 ], [ 85.9367476, 51.9544405 ], [ 85.9367744, 51.9544107 ], [ 85.9367905, 51.954376 ], [ 85.9367958, 51.9543529 ], [ 85.9368232, 51.9542557 ], [ 85.9368551, 51.954193 ], [ 85.9369473, 51.9540583 ], [ 85.9371459, 51.9537917 ] ] ] } },
{ "type": "Feature", "properties": { "highway": "track", "surface": null, "ref": null, "name": null, "Класс": "Прочие" }, "geometry": { "type": "MultiLineString", "coordinates": [ [ [ 85.9740533, 51.9549256 ], [ 85.9740664, 51.9551464 ], [ 85.9745223, 51.9552307 ], [ 85.9748805, 51.9553953 ], [ 85.97561, 51.9557927 ], [ 85.9757664, 51.955877 ], [ 85.9762353, 51.9562623 ], [ 85.9764698, 51.956463 ], [ 85.9768439, 51.9566487 ] ] ] } },
{ "type": "Feature", "properties": { "highway": "service", "surface": null, "ref": null, "name": null, "Класс": "Проезды" }, "geometry": { "type": "MultiLineString", "coordinates": [ [ [ 85.9281237, 51.9395981 ], [ 85.9280688, 51.939285 ], [ 85.9280044, 51.938934 ], [ 85.9280688, 51.9387989 ], [ 85.9281868, 51.9386897 ], [ 85.9284925, 51.9385206 ], [ 85.9289431, 51.9382532 ], [ 85.9290826, 51.9381044 ], [ 85.9292597, 51.9379588 ] ] ] } },
{ "type": "Feature", "properties": { "highway": "service", "surface": null, "ref": null, "name": null, "Класс": "Проезды" }, "geometry": { "type": "MultiLineString", "coordinates": [ [ [ 85.9283853, 51.9400699 ], [ 85.9290022, 51.9399894 ], [ 85.9292006, 51.9398175 ], [ 85.9292382, 51.9396781 ], [ 85.9292489, 51.9395628 ], [ 85.9292006, 51.9391362 ], [ 85.9292436, 51.9390138 ], [ 85.9297693, 51.9387063 ], [ 85.9303111, 51.9383656 ], [ 85.9305793, 51.9383094 ], [ 85.9309655, 51.938326 ], [ 85.9313411, 51.9383689 ], [ 85.9318185, 51.9382135 ] ] ] } },
{ "type": "Feature", "properties": { "highway": "service", "surface": null, "ref": null, "name": null, "Класс": "Проезды" }, "geometry": { "type": "MultiLineString", "coordinates": [ [ [ 85.9300487, 51.9399983 ], [ 85.9302306, 51.9399795 ], [ 85.930354, 51.9399295 ], [ 85.930354, 51.9398142 ], [ 85.9305096, 51.9393975 ], [ 85.9304988, 51.9392648 ], [ 85.9305579, 51.9391892 ], [ 85.9307885, 51.9390668 ], [ 85.9309441, 51.9390271 ], [ 85.9314269, 51.9389212 ], [ 85.9316629, 51.938832 ], [ 85.9317595, 51.93866 ], [ 85.9319097, 51.9384649 ] ] ] } },
{ "type": "Feature", "properties": { "highway": "residential", "surface": null, "ref": null, "name": "Подгорный переулок", "Класс": "Прочие" }, "geometry": { "type": "MultiLineString", "coordinates": [ [ [ 85.9734626, 51.9538496 ], [ 85.9733493, 51.9545004 ] ] ] } },
{ "type": "Feature", "properties": { "highway": "trunk", "surface": "asphalt", "ref": "Р-256", "name": "«Чуйский тракт»", "Класс": "Прочие" }, "geometry": { "type": "MultiLineString", "coordinates": [ [ [ 85.8815735, 51.9802661 ], [ 85.8819457, 51.980347 ] ] ] } },
{ "type": "Feature", "properties": { "highway": "service", "surface": null, "ref": null, "name": null, "Класс": "Проезды" }, "geometry": { "type": "MultiLineString", "coordinates": [ [ [ 85.89422, 51.972324 ], [ 85.8944218, 51.9723116 ], [ 85.8948161, 51.9723174 ], [ 85.8948295, 51.9721493 ] ] ] } },
{ "type": "Feature", "properties": { "highway": "service", "surface": null, "ref": null, "name": null, "Класс": "Проезды" }, "geometry": { "type": "MultiLineString", "coordinates": [ [ [ 85.9409164, 51.9582287 ], [ 85.9410341, 51.958071 ] ] ] } },
{ "type": "Feature", "properties": { "highway": "residential", "surface": null, "ref": null, "name": null, "Класс": "Прочие" }, "geometry": { "type": "MultiLineString", "coordinates": [ [ [ 85.904063, 51.9625956 ], [ 85.903902, 51.9626518 ], [ 85.9037278, 51.9627312 ], [ 85.9036281, 51.9628779 ], [ 85.9035474, 51.9629803 ], [ 85.9033817, 51.9631228 ], [ 85.90314, 51.9631882 ], [ 85.9029579, 51.9633475 ], [ 85.902931, 51.9635508 ] ] ] } },
{ "type": "Feature", "properties": { "highway": "track", "surface": null, "ref": null, "name": null, "Класс": "Прочие" }, "geometry": { "type": "MultiLineString", "coordinates": [ [ [ 85.9523298, 51.9605213 ], [ 85.9526002, 51.9608784 ], [ 85.95267, 51.9608949 ] ] ] } },
{ "type": "Feature", "properties": { "highway": "residential", "surface": null, "ref": null, "name": "Сосновый бор", "Класс": "Прочие" }, "geometry": { "type": "MultiLineString", "coordinates": [ [ [ 85.9178479, 51.9517608 ], [ 85.9183855, 51.9519021 ], [ 85.9182907, 51.9521529 ], [ 85.9181982, 51.9523029 ], [ 85.9180695, 51.9523832 ], [ 85.9178012, 51.9526087 ], [ 85.9175623, 51.952732 ], [ 85.9172973, 51.9528194 ], [ 85.9162683, 51.9530169 ] ] ] } },
{ "type": "Feature", "properties": { "highway": "residential", "surface": null, "ref": null, "name": "Сосновый бор", "Класс": "Прочие" }, "geometry": { "type": "MultiLineString", "coordinates": [ [ [ 85.9183855, 51.9519021 ], [ 85.9185947, 51.9519322 ], [ 85.9190094, 51.951847 ], [ 85.9192859, 51.9517718 ], [ 85.9195948, 51.9517267 ], [ 85.9198388, 51.9517167 ] ] ] } },
{ "type": "Feature", "properties": { "highway": "service", "surface": null, "ref": null, "name": null, "Класс": "Проезды" }, "geometry": { "type": "MultiLineString", "coordinates": [ [ [ 85.9945816, 51.9717249 ], [ 85.9945621, 51.9716073 ], [ 85.9937516, 51.9708682 ] ] ] } },
{ "type": "Feature", "properties": { "highway": "residential", "surface": null, "ref": null, "name": "Береговой переулок", "Класс": "Прочие" }, "geometry": { "type": "MultiLineString", "coordinates": [ [ [ 86.0068555, 51.9689119 ], [ 86.0059947, 51.9695387 ], [ 86.0049469, 51.9695373 ], [ 86.0049105, 51.9694585 ], [ 86.0048335, 51.9694244 ], [ 86.0028431, 51.9692877 ] ] ] } },
{ "type": "Feature", "properties": { "highway": "service", "surface": null, "ref": null, "name": null, "Класс": "Проезды" }, "geometry": { "type": "MultiLineString", "coordinates": [ [ [ 86.0089707, 51.9687526 ], [ 86.0098514, 51.9687469 ] ] ] } },
{ "type": "Feature", "properties": { "highway": "service", "surface": null, "ref": null, "name": null, "Класс": "Проезды" }, "geometry": { "type": "MultiLineString", "coordinates": [ [ [ 86.0089639, 51.9682666 ], [ 86.0099513, 51.968036 ], [ 86.0102273, 51.9680207 ] ] ] } },
{ "type": "Feature", "properties": { "highway": "residential", "surface": null, "ref": null, "name": "Раздольный переулок", "Класс": "Прочие" }, "geometry": { "type": "MultiLineString", "coordinates": [ [ [ 86.0101155, 51.9666979 ], [ 86.0101604, 51.9669668 ], [ 86.0101645, 51.9672786 ], [ 86.0100934, 51.9673188 ], [ 86.0096185, 51.9674281 ], [ 86.009167, 51.9675069 ] ] ] } },
{ "type": "Feature", "properties": { "highway": "service", "surface": null, "ref": null, "name": "Раздольный переулок", "Класс": "Проезды" }, "geometry": { "type": "MultiLineString", "coordinates": [ [ [ 86.0081515, 51.966836 ], [ 86.0074281, 51.9670221 ], [ 86.0066003, 51.9672885 ] ] ] } },
{ "type": "Feature", "properties": { "highway": "service", "surface": "unpaved", "ref": null, "name": null, "Класс": "Проезды" }, "geometry": { "type": "MultiLineString", "coordinates": [ [ [ 85.9975934, 51.9695441 ], [ 85.9977916, 51.9697512 ], [ 85.9982942, 51.9699148 ], [ 85.998641, 51.9702375 ] ] ] } },
{ "type": "Feature", "properties": { "highway": "service", "surface": "unpaved", "ref": null, "name": null, "Класс": "Проезды" }, "geometry": { "type": "MultiLineString", "coordinates": [ [ [ 86.002638, 51.9698074 ], [ 86.0027158, 51.9693839 ], [ 86.0028431, 51.9692877 ] ] ] } },
{ "type": "Feature", "properties": { "highway": "service", "surface": null, "ref": null, "name": null, "Класс": "Проезды" }, "geometry": { "type": "MultiLineString", "coordinates": [ [ [ 85.8941927, 51.975834 ], [ 85.8937449, 51.9762466 ], [ 85.8936955, 51.9766018 ] ] ] } },
{ "type": "Feature", "properties": { "highway": "service", "surface": null, "ref": null, "name": null, "Класс": "Проезды" }, "geometry": { "type": "MultiLineString", "coordinates": [ [ [ 85.8940228, 51.975744 ], [ 85.8932949, 51.975933 ], [ 85.8930515, 51.9760166 ], [ 85.8929713, 51.9762845 ] ] ] } },
{ "type": "Feature", "properties": { "highway": "service", "surface": null, "ref": null, "name": null, "Класс": "Проезды" }, "geometry": { "type": "MultiLineString", "coordinates": [ [ [ 85.8932949, 51.975933 ], [ 85.8932857, 51.9763885 ] ] ] } },
{ "type": "Feature", "properties": { "highway": "primary", "surface": "asphalt", "ref": null, "name": "Алтайская улица", "Класс": "Главные" }, "geometry": { "type": "MultiLineString", "coordinates": [ [ [ 85.8938977, 51.9816302 ], [ 85.8936955, 51.9811172 ], [ 85.8935697, 51.9807897 ], [ 85.8934808, 51.9804271 ], [ 85.893524, 51.9800687 ], [ 85.893682, 51.9795682 ], [ 85.8936843, 51.9793091 ], [ 85.8935318, 51.9790917 ], [ 85.8930272, 51.9786313 ], [ 85.8929214, 51.9785347 ], [ 85.8927536, 51.9782829 ], [ 85.8926468, 51.9778862 ] ] ] } },
{ "type": "Feature", "properties": { "highway": "residential", "surface": null, "ref": null, "name": null, "Класс": "Прочие" }, "geometry": { "type": "MultiLineString", "coordinates": [ [ [ 85.9993678, 51.915852 ], [ 85.9997285, 51.9157226 ] ] ] } },
{ "type": "Feature", "properties": { "highway": "service", "surface": null, "ref": null, "name": null, "Класс": "Проезды" }, "geometry": { "type": "MultiLineString", "coordinates": [ [ [ 85.9997285, 51.9157226 ], [ 85.9998301, 51.9157568 ], [ 85.9999287, 51.9158348 ], [ 85.9999657, 51.9159279 ], [ 85.9999287, 51.9161597 ] ] ] } },
{ "type": "Feature", "properties": { "highway": "service", "surface": null, "ref": null, "name": null, "Класс": "Проезды" }, "geometry": { "type": "MultiLineString", "coordinates": [ [ [ 85.9997285, 51.9157226 ], [ 86.000397, 51.9156257 ], [ 86.0008592, 51.9155421 ], [ 86.0014477, 51.9153901 ] ] ] } },
{ "type": "Feature", "properties": { "highway": "service", "surface": null, "ref": null, "name": null, "Класс": "Проезды" }, "geometry": { "type": "MultiLineString", "coordinates": [ [ [ 85.9997285, 51.9157226 ], [ 85.9997377, 51.9156542 ], [ 85.9998517, 51.9155269 ], [ 86.0002214, 51.9152817 ], [ 86.0008777, 51.9149871 ], [ 86.001041, 51.9149187 ], [ 86.0011149, 51.9147952 ], [ 86.0012536, 51.9144816 ], [ 86.0013861, 51.9143942 ] ] ] } },
{ "type": "Feature", "properties": { "highway": "service", "surface": null, "ref": null, "name": null, "Класс": "Проезды" }, "geometry": { "type": "MultiLineString", "coordinates": [ [ [ 85.9915618, 51.9155514 ], [ 85.9918841, 51.9154144 ], [ 85.9919831, 51.915399 ], [ 85.9920716, 51.9154189 ], [ 85.9928387, 51.9155901 ], [ 85.9935936, 51.9156566 ] ] ] } },
{ "type": "Feature", "properties": { "highway": "service", "surface": null, "ref": null, "name": null, "Класс": "Проезды" }, "geometry": { "type": "MultiLineString", "coordinates": [ [ [ 86.0001594, 51.9169524 ], [ 86.001022, 51.916698 ] ] ] } },
{ "type": "Feature", "properties": { "highway": "residential", "surface": null, "ref": null, "name": null, "Класс": "Прочие" }, "geometry": { "type": "MultiLineString", "coordinates": [ [ [ 86.000401, 51.9201463 ], [ 86.0002722, 51.9202982 ], [ 86.0002442, 51.9203933 ], [ 86.0002675, 51.9205056 ], [ 86.0003796, 51.9206151 ], [ 86.0007485, 51.9210385 ], [ 86.0013276, 51.9217844 ], [ 86.0015985, 51.9219745 ], [ 86.0018536, 51.9220792 ], [ 86.0021057, 51.9221563 ], [ 86.002528, 51.9222443 ], [ 86.0026103, 51.9222533 ], [ 86.0033123, 51.9222942 ] ] ] } },
{ "type": "Feature", "properties": { "highway": "unclassified", "surface": null, "ref": null, "name": null, "Класс": "Прочие" }, "geometry": { "type": "MultiLineString", "coordinates": [ [ [ 86.0033123, 51.9222942 ], [ 86.0034442, 51.9222496 ], [ 86.0039428, 51.9218046 ] ] ] } },
{ "type": "Feature", "properties": { "highway": "service", "surface": null, "ref": null, "name": null, "Класс": "Проезды" }, "geometry": { "type": "MultiLineString", "coordinates": [ [ [ 85.9882805, 51.917731 ], [ 85.9881762, 51.9176155 ], [ 85.9882941, 51.9167278 ] ] ] } },
{ "type": "Feature", "properties": { "highway": "service", "surface": null, "ref": null, "name": null, "Класс": "Проезды" }, "geometry": { "type": "MultiLineString", "coordinates": [ [ [ 85.9907172, 51.9138209 ], [ 85.9912374, 51.913742 ], [ 85.99132, 51.9134695 ], [ 85.9910468, 51.9132466 ] ] ] } },
{ "type": "Feature", "properties": { "highway": "service", "surface": null, "ref": null, "name": null, "Класс": "Проезды" }, "geometry": { "type": "MultiLineString", "coordinates": [ [ [ 85.9902196, 51.9148689 ], [ 85.9907889, 51.9149305 ], [ 85.9910714, 51.9150069 ] ] ] } },
{ "type": "Feature", "properties": { "highway": "unclassified", "surface": null, "ref": null, "name": null, "Класс": "Прочие" }, "geometry": { "type": "MultiLineString", "coordinates": [ [ [ 85.9882683, 51.9196316 ], [ 85.9883841, 51.9194626 ], [ 85.9890226, 51.9186228 ], [ 85.9891125, 51.9185185 ] ] ] } },
{ "type": "Feature", "properties": { "highway": "residential", "surface": null, "ref": null, "name": null, "Класс": "Прочие" }, "geometry": { "type": "MultiLineString", "coordinates": [ [ [ 85.9833386, 51.923474 ], [ 85.9834411, 51.923308 ], [ 85.9836503, 51.9227869 ], [ 85.9837503, 51.9219348 ] ] ] } },
{ "type": "Feature", "properties": { "highway": "service", "surface": null, "ref": null, "name": null, "Класс": "Проезды" }, "geometry": { "type": "MultiLineString", "coordinates": [ [ [ 85.9836503, 51.9227869 ], [ 85.9843434, 51.9228491 ], [ 85.9852654, 51.9228916 ] ] ] } },
{ "type": "Feature", "properties": { "highway": "service", "surface": null, "ref": null, "name": null, "Класс": "Проезды" }, "geometry": { "type": "MultiLineString", "coordinates": [ [ [ 85.9899237, 51.9154693 ], [ 85.9892754, 51.9152898 ], [ 85.9891199, 51.9152228 ], [ 85.9888731, 51.9150003 ] ] ] } },
{ "type": "Feature", "properties": { "highway": "service", "surface": null, "ref": null, "name": "Братская улица", "Класс": "Проезды" }, "geometry": { "type": "MultiLineString", "coordinates": [ [ [ 85.9540915, 51.9769933 ], [ 85.9545958, 51.9774576 ], [ 85.9548774, 51.9778376 ], [ 85.9549311, 51.977978 ] ] ] } },
{ "type": "Feature", "properties": { "highway": "service", "surface": null, "ref": null, "name": "переулок Газпрома", "Класс": "Проезды" }, "geometry": { "type": "MultiLineString", "coordinates": [ [ [ 85.9508783, 51.9792105 ], [ 85.9512806, 51.9794699 ], [ 85.951632, 51.9796863 ], [ 85.9520143, 51.9799905 ] ] ] } },
{ "type": "Feature", "properties": { "highway": "unclassified", "surface": null, "ref": null, "name": null, "Класс": "Прочие" }, "geometry": { "type": "MultiLineString", "coordinates": [ [ [ 85.9170354, 51.9355857 ], [ 85.9169141, 51.9352439 ] ] ] } },
{ "type": "Feature", "properties": { "highway": "unclassified", "surface": null, "ref": null, "name": null, "Класс": "Прочие" }, "geometry": { "type": "MultiLineString", "coordinates": [ [ [ 85.9161318, 51.9352395 ], [ 85.9168647, 51.9351272 ], [ 85.9171636, 51.9350814 ] ] ] } },
{ "type": "Feature", "properties": { "highway": "unclassified", "surface": null, "ref": null, "name": null, "Класс": "Прочие" }, "geometry": { "type": "MultiLineString", "coordinates": [ [ [ 85.9169141, 51.9352439 ], [ 85.9168647, 51.9351272 ] ] ] } },
{ "type": "Feature", "properties": { "highway": "track", "surface": "ground", "ref": null, "name": null, "Класс": "Прочие" }, "geometry": { "type": "MultiLineString", "coordinates": [ [ [ 85.9302306, 51.9399795 ], [ 85.9308116, 51.9400023 ], [ 85.9324907, 51.9398535 ], [ 85.933408, 51.939708 ], [ 85.933526, 51.9397212 ], [ 85.9340732, 51.9397179 ], [ 85.9351461, 51.9395195 ] ] ] } },
{ "type": "Feature", "properties": { "highway": "unclassified", "surface": "ground", "ref": null, "name": null, "Класс": "Прочие" }, "geometry": { "type": "MultiLineString", "coordinates": [ [ [ 85.9100825, 51.9324527 ], [ 85.9099277, 51.9323783 ] ] ] } },
{ "type": "Feature", "properties": { "highway": "unclassified", "surface": "ground", "ref": null, "name": null, "Класс": "Прочие" }, "geometry": { "type": "MultiLineString", "coordinates": [ [ [ 85.9100825, 51.9324527 ], [ 85.9107146, 51.9325279 ] ] ] } },
{ "type": "Feature", "properties": { "highway": "service", "surface": null, "ref": null, "name": null, "Класс": "Проезды" }, "geometry": { "type": "MultiLineString", "coordinates": [ [ [ 85.8935697, 51.9807897 ], [ 85.8937351, 51.9808712 ], [ 85.8939421, 51.9809437 ] ] ] } },
{ "type": "Feature", "properties": { "highway": "service", "surface": null, "ref": null, "name": null, "Класс": "Проезды" }, "geometry": { "type": "MultiLineString", "coordinates": [ [ [ 85.8934808, 51.9804271 ], [ 85.8936485, 51.9805756 ], [ 85.8939715, 51.9807545 ], [ 85.8941267, 51.980899 ], [ 85.8942767, 51.98103 ] ] ] } },
{ "type": "Feature", "properties": { "highway": "residential", "surface": null, "ref": null, "name": null, "Класс": "Прочие" }, "geometry": { "type": "MultiLineString", "coordinates": [ [ [ 85.9171636, 51.9350814 ], [ 85.9188579, 51.9348411 ] ] ] } },
{ "type": "Feature", "properties": { "highway": "residential", "surface": null, "ref": null, "name": null, "Класс": "Прочие" }, "geometry": { "type": "MultiLineString", "coordinates": [ [ [ 85.9190158, 51.9343951 ], [ 85.9187605, 51.9343828 ], [ 85.9181117, 51.9344828 ] ] ] } },
{ "type": "Feature", "properties": { "highway": "service", "surface": "asphalt", "ref": null, "name": null, "Класс": "Проезды" }, "geometry": { "type": "MultiLineString", "coordinates": [ [ [ 85.9368551, 51.954193 ], [ 85.9360688, 51.9540177 ] ] ] } },
{ "type": "Feature", "properties": { "highway": "service", "surface": null, "ref": null, "name": null, "Класс": "Проезды" }, "geometry": { "type": "MultiLineString", "coordinates": [ [ [ 85.9346272, 51.9538228 ], [ 85.9347852, 51.9538494 ], [ 85.9345485, 51.954315 ], [ 85.934676, 51.9543412 ] ] ] } },
{ "type": "Feature", "properties": { "highway": "service", "surface": null, "ref": null, "name": null, "Класс": "Проезды" }, "geometry": { "type": "MultiLineString", "coordinates": [ [ [ 85.9347852, 51.9538494 ], [ 85.935735, 51.9540532 ] ] ] } },
{ "type": "Feature", "properties": { "highway": "service", "surface": null, "ref": null, "name": null, "Класс": "Проезды" }, "geometry": { "type": "MultiLineString", "coordinates": [ [ [ 85.9346272, 51.9538228 ], [ 85.9336472, 51.9537671 ] ] ] } },
{ "type": "Feature", "properties": { "highway": "trunk", "surface": "asphalt", "ref": "Р-256", "name": "«Чуйский тракт»", "Класс": "Прочие" }, "geometry": { "type": "MultiLineString", "coordinates": [ [ [ 85.8810441, 51.9801253 ], [ 85.8811498, 51.9801592 ], [ 85.8812717, 51.980193 ], [ 85.8815735, 51.9802661 ] ] ] } },
{ "type": "Feature", "properties": { "highway": "service", "surface": null, "ref": null, "name": null, "Класс": "Проезды" }, "geometry": { "type": "MultiLineString", "coordinates": [ [ [ 86.0010458, 51.9228713 ], [ 86.0013912, 51.9233551 ], [ 86.0025199, 51.9244471 ], [ 86.0038582, 51.9255267 ] ] ] } },
{ "type": "Feature", "properties": { "highway": "residential", "surface": null, "ref": null, "name": null, "Класс": "Прочие" }, "geometry": { "type": "MultiLineString", "coordinates": [ [ [ 85.9999807, 51.9225329 ], [ 86.0001532, 51.9225294 ], [ 86.0003275, 51.9225688 ], [ 86.0005221, 51.922656 ], [ 86.0007818, 51.922782 ], [ 86.0010458, 51.9228713 ], [ 86.001464, 51.9228664 ], [ 86.0018433, 51.922864 ], [ 86.0022131, 51.9227765 ], [ 86.0024142, 51.9226863 ], [ 86.0024944, 51.9226245 ], [ 86.0026103, 51.9222533 ] ] ] } },
{ "type": "Feature", "properties": { "highway": "service", "surface": null, "ref": null, "name": null, "Класс": "Проезды" }, "geometry": { "type": "MultiLineString", "coordinates": [ [ [ 85.9982146, 51.924568 ], [ 85.9985728, 51.9242554 ], [ 85.9994109, 51.9231967 ], [ 85.9999807, 51.9225329 ] ] ] } },
{ "type": "Feature", "properties": { "highway": "service", "surface": null, "ref": null, "name": null, "Класс": "Проезды" }, "geometry": { "type": "MultiLineString", "coordinates": [ [ [ 85.8985839, 51.9431977 ], [ 85.8983016, 51.9431687 ], [ 85.8975801, 51.9430926 ], [ 85.897277, 51.9430314 ], [ 85.897218, 51.9430513 ], [ 85.897218, 51.9430959 ], [ 85.8973226, 51.9431538 ], [ 85.8975264, 51.943253 ] ] ] } },
{ "type": "Feature", "properties": { "highway": "service", "surface": null, "ref": null, "name": null, "Класс": "Проезды" }, "geometry": { "type": "MultiLineString", "coordinates": [ [ [ 85.8976096, 51.9415235 ], [ 85.8974487, 51.9418013 ], [ 85.8973253, 51.9422543 ], [ 85.8973038, 51.9424263 ], [ 85.8972877, 51.9425619 ], [ 85.8973199, 51.9426545 ], [ 85.8973789, 51.9427305 ], [ 85.8975452, 51.9427702 ], [ 85.8978724, 51.9428099 ], [ 85.8981085, 51.9428429 ], [ 85.898484, 51.9429223 ], [ 85.8987528, 51.9429909 ] ] ] } },
{ "type": "Feature", "properties": { "highway": "residential", "surface": null, "ref": null, "name": null, "Класс": "Прочие" }, "geometry": { "type": "MultiLineString", "coordinates": [ [ [ 85.9576487, 51.943281 ], [ 85.957892, 51.9431268 ], [ 85.9579798, 51.9429185 ], [ 85.9580576, 51.9426123 ], [ 85.9580846, 51.9423873 ], [ 85.9580643, 51.9421352 ], [ 85.9579427, 51.9417561 ], [ 85.9577365, 51.9415352 ], [ 85.9575169, 51.9412727 ], [ 85.957338, 51.940961 ], [ 85.9572252, 51.9406552 ], [ 85.9571613, 51.940377 ], [ 85.9570634, 51.9402471 ], [ 85.95705, 51.940161 ] ] ] } },
{ "type": "Feature", "properties": { "highway": "residential", "surface": null, "ref": null, "name": null, "Класс": "Прочие" }, "geometry": { "type": "MultiLineString", "coordinates": [ [ [ 85.9568881, 51.9401749 ], [ 85.95705, 51.940161 ] ] ] } },
{ "type": "Feature", "properties": { "highway": "service", "surface": null, "ref": null, "name": null, "Класс": "Проезды" }, "geometry": { "type": "MultiLineString", "coordinates": [ [ [ 85.9182317, 51.9163061 ], [ 85.9182857, 51.915539 ], [ 85.9183398, 51.914651 ] ] ] } },
{ "type": "Feature", "properties": { "highway": "service", "surface": null, "ref": null, "name": null, "Класс": "Проезды" }, "geometry": { "type": "MultiLineString", "coordinates": [ [ [ 85.9194077, 51.9184321 ], [ 85.9194829, 51.9179045 ], [ 85.9195293, 51.9167438 ], [ 85.9195361, 51.9158642 ], [ 85.9194888, 51.9152096 ], [ 85.919482, 51.9146218 ] ] ] } },
{ "type": "Feature", "properties": { "highway": "service", "surface": null, "ref": null, "name": null, "Класс": "Проезды" }, "geometry": { "type": "MultiLineString", "coordinates": [ [ [ 85.9190203, 51.9194281 ], [ 85.9191075, 51.9194175 ], [ 85.9191993, 51.9194523 ], [ 85.9193162, 51.9195748 ] ] ] } },
{ "type": "Feature", "properties": { "highway": "service", "surface": null, "ref": null, "name": null, "Класс": "Проезды" }, "geometry": { "type": "MultiLineString", "coordinates": [ [ [ 85.9163126, 51.9197523 ], [ 85.9169286, 51.9196351 ] ] ] } },
{ "type": "Feature", "properties": { "highway": "service", "surface": null, "ref": null, "name": null, "Класс": "Проезды" }, "geometry": { "type": "MultiLineString", "coordinates": [ [ [ 85.9163469, 51.9189739 ], [ 85.9169919, 51.918862 ], [ 85.918105, 51.9186514 ], [ 85.9181561, 51.9186593 ], [ 85.9181941, 51.9186822 ] ] ] } },
{ "type": "Feature", "properties": { "highway": "service", "surface": null, "ref": null, "name": null, "Класс": "Проезды" }, "geometry": { "type": "MultiLineString", "coordinates": [ [ [ 85.9153308, 51.9191569 ], [ 85.9163469, 51.9189739 ] ] ] } },
{ "type": "Feature", "properties": { "highway": "residential", "surface": "gravel", "ref": null, "name": "Заводская улица", "Класс": "Прочие" }, "geometry": { "type": "MultiLineString", "coordinates": [ [ [ 85.8928897, 51.9773577 ], [ 85.892755, 51.9770882 ], [ 85.8927175, 51.9767957 ], [ 85.8924975, 51.97612 ], [ 85.8924718, 51.9746578 ] ] ] } },
{ "type": "Feature", "properties": { "highway": "service", "surface": "asphalt", "ref": null, "name": null, "Класс": "Проезды" }, "geometry": { "type": "MultiLineString", "coordinates": [ [ [ 85.9021918, 51.9647668 ], [ 85.9018998, 51.9645474 ] ] ] } },
{ "type": "Feature", "properties": { "highway": "service", "surface": "asphalt", "ref": null, "name": null, "Класс": "Проезды" }, "geometry": { "type": "MultiLineString", "coordinates": [ [ [ 85.8994016, 51.9646751 ], [ 85.8994932, 51.9645604 ], [ 85.8996869, 51.9644713 ], [ 85.9001034, 51.9644219 ], [ 85.90076, 51.9643496 ] ] ] } },
{ "type": "Feature", "properties": { "highway": "track", "surface": "unpaved", "ref": null, "name": null, "Класс": "Прочие" }, "geometry": { "type": "MultiLineString", "coordinates": [ ] } },
{ "type": "Feature", "properties": { "highway": "service", "surface": "asphalt", "ref": null, "name": null, "Класс": "Проезды" }, "geometry": { "type": "MultiLineString", "coordinates": [ [ [ 85.9433417, 51.9709713 ], [ 85.9442215, 51.9710412 ], [ 85.9455324, 51.9704513 ], [ 85.94655, 51.9693575 ], [ 85.9467161, 51.9687988 ], [ 85.9462094, 51.9687122 ] ] ] } },
{ "type": "Feature", "properties": { "highway": "service", "surface": null, "ref": null, "name": null, "Класс": "Проезды" }, "geometry": { "type": "MultiLineString", "coordinates": [ [ [ 85.94655, 51.9693575 ], [ 85.9457666, 51.9692185 ] ] ] } },
{ "type": "Feature", "properties": { "highway": "service", "surface": null, "ref": null, "name": null, "Класс": "Проезды" }, "geometry": { "type": "MultiLineString", "coordinates": [ [ [ 85.9521977, 51.9574678 ], [ 85.9534629, 51.9574366 ] ] ] } },
{ "type": "Feature", "properties": { "highway": "service", "surface": null, "ref": null, "name": null, "Класс": "Проезды" }, "geometry": { "type": "MultiLineString", "coordinates": [ [ [ 85.9768012, 51.932569 ], [ 85.9759168, 51.9323032 ], [ 85.9747736, 51.9319765 ], [ 85.974456, 51.9323897 ] ] ] } },
{ "type": "Feature", "properties": { "highway": "service", "surface": "asphalt", "ref": null, "name": null, "Класс": "Проезды" }, "geometry": { "type": "MultiLineString", "coordinates": [ [ [ 85.908838, 51.9636807 ], [ 85.9102807, 51.9628203 ] ] ] } },
{ "type": "Feature", "properties": { "highway": "service", "surface": null, "ref": null, "name": null, "Класс": "Проезды" }, "geometry": { "type": "MultiLineString", "coordinates": [ [ [ 85.9786425, 51.93928 ], [ 85.979094, 51.9398528 ] ] ] } },
{ "type": "Feature", "properties": { "highway": "service", "surface": null, "ref": null, "name": null, "Класс": "Проезды" }, "geometry": { "type": "MultiLineString", "coordinates": [ [ [ 85.9808806, 51.9392884 ], [ 85.981098, 51.9393928 ], [ 85.9811793, 51.9394204 ], [ 85.9812362, 51.9394179 ], [ 85.9813054, 51.9394003 ], [ 85.9814395, 51.9393252 ], [ 85.9815249, 51.9392851 ], [ 85.9816834, 51.9392349 ], [ 85.9818176, 51.9391998 ], [ 85.9818867, 51.9391698 ], [ 85.9819355, 51.9391196 ], [ 85.9819436, 51.9390896 ], [ 85.9819274, 51.9390595 ], [ 85.9818705, 51.9390244 ], [ 85.9816594, 51.9389225 ] ] ] } },
{ "type": "Feature", "properties": { "highway": "residential", "surface": null, "ref": null, "name": "Мельничный переулок", "Класс": "Прочие" }, "geometry": { "type": "MultiLineString", "coordinates": [ [ [ 85.9840881, 51.929381 ], [ 85.9844568, 51.928588 ], [ 85.9847117, 51.9280464 ] ] ] } },
{ "type": "Feature", "properties": { "highway": "residential", "surface": null, "ref": null, "name": null, "Класс": "Прочие" }, "geometry": { "type": "MultiLineString", "coordinates": [ [ [ 85.9856164, 51.9270422 ], [ 85.9856386, 51.926429 ] ] ] } },
{ "type": "Feature", "properties": { "highway": "service", "surface": null, "ref": null, "name": null, "Класс": "Проезды" }, "geometry": { "type": "MultiLineString", "coordinates": [ [ [ 85.9859775, 51.9274137 ], [ 85.9861426, 51.9274354 ], [ 85.9866522, 51.9274189 ] ] ] } },
{ "type": "Feature", "properties": { "highway": "residential", "surface": null, "ref": null, "name": null, "Класс": "Прочие" }, "geometry": { "type": "MultiLineString", "coordinates": [ [ [ 85.9687538, 51.9405058 ], [ 85.9695504, 51.9406836 ], [ 85.9706412, 51.9409157 ] ] ] } },
{ "type": "Feature", "properties": { "highway": "residential", "surface": null, "ref": null, "name": null, "Класс": "Прочие" }, "geometry": { "type": "MultiLineString", "coordinates": [ [ [ 85.9673499, 51.9430323 ], [ 85.9685799, 51.9432044 ], [ 85.9697284, 51.9434146 ] ] ] } },
{ "type": "Feature", "properties": { "highway": "residential", "surface": null, "ref": null, "name": null, "Класс": "Прочие" }, "geometry": { "type": "MultiLineString", "coordinates": [ [ [ 85.9244673, 51.9539076 ], [ 85.9243213, 51.9538003 ], [ 85.924169, 51.9536883 ], [ 85.9241899, 51.9536159 ], [ 85.9242536, 51.953541 ], [ 85.924578, 51.9533875 ], [ 85.925024, 51.9531483 ], [ 85.9254611, 51.9529561 ] ] ] } },
{ "type": "Feature", "properties": { "highway": "service", "surface": null, "ref": null, "name": null, "Класс": "Проезды" }, "geometry": { "type": "MultiLineString", "coordinates": [ [ [ 85.9197418, 51.9600865 ], [ 85.9191696, 51.9604629 ] ] ] } },
{ "type": "Feature", "properties": { "highway": "service", "surface": null, "ref": null, "name": null, "Класс": "Проезды" }, "geometry": { "type": "MultiLineString", "coordinates": [ [ [ 85.9081524, 51.9630533 ], [ 85.9076229, 51.9627134 ] ] ] } },
{ "type": "Feature", "properties": { "highway": "service", "surface": null, "ref": null, "name": null, "Класс": "Проезды" }, "geometry": { "type": "MultiLineString", "coordinates": [ [ [ 85.8983962, 51.9721923 ], [ 85.8986835, 51.9721912 ], [ 85.8988516, 51.9721583 ], [ 85.8990274, 51.9720924 ], [ 85.8992452, 51.9719158 ], [ 85.8992873, 51.9718216 ], [ 85.8992911, 51.9717321 ], [ 85.8992957, 51.9716717 ] ] ] } },
{ "type": "Feature", "properties": { "highway": "service", "surface": null, "ref": null, "name": null, "Класс": "Проезды" }, "geometry": { "type": "MultiLineString", "coordinates": [ [ [ 85.9033795, 51.9741152 ], [ 85.9034566, 51.9742567 ], [ 85.9034673, 51.9743228 ], [ 85.9034405, 51.9744153 ], [ 85.903242, 51.9747557 ], [ 85.9031187, 51.9748812 ], [ 85.9030069, 51.9749783 ] ] ] } },
{ "type": "Feature", "properties": { "highway": "service", "surface": null, "ref": null, "name": null, "Класс": "Проезды" }, "geometry": { "type": "MultiLineString", "coordinates": [ [ [ 85.941125, 51.9575336 ], [ 85.9413273, 51.9575962 ], [ 85.9420817, 51.9577704 ] ] ] } },
{ "type": "Feature", "properties": { "highway": "service", "surface": null, "ref": null, "name": null, "Класс": "Проезды" }, "geometry": { "type": "MultiLineString", "coordinates": [ [ [ 85.9325405, 51.9535089 ], [ 85.9326656, 51.9530901 ] ] ] } },
{ "type": "Feature", "properties": { "highway": "service", "surface": null, "ref": null, "name": null, "Класс": "Проезды" }, "geometry": { "type": "MultiLineString", "coordinates": [ [ [ 85.924745, 51.9566198 ], [ 85.9248873, 51.9564364 ], [ 85.9250925, 51.9562009 ], [ 85.9252131, 51.9560869 ], [ 85.9253297, 51.9560125 ], [ 85.9254745, 51.9559357 ], [ 85.9259939, 51.9554781 ] ] ] } },
{ "type": "Feature", "properties": { "highway": "service", "surface": null, "ref": null, "name": null, "Класс": "Проезды" }, "geometry": { "type": "MultiLineString", "coordinates": [ [ [ 85.924926, 51.9583475 ], [ 85.9243487, 51.958357 ], [ 85.924216, 51.9583595 ], [ 85.9241195, 51.958352 ], [ 85.9240712, 51.9583272 ], [ 85.9240434, 51.9582916 ], [ 85.9240471, 51.9582454 ], [ 85.9240873, 51.9580967 ], [ 85.9241452, 51.9577724 ] ] ] } },
{ "type": "Feature", "properties": { "highway": "service", "surface": null, "ref": null, "name": null, "Класс": "Проезды" }, "geometry": { "type": "MultiLineString", "coordinates": [ [ [ 85.9167807, 51.9624023 ], [ 85.9169779, 51.9626384 ], [ 85.9170949, 51.9627923 ], [ 85.9171854, 51.9628771 ] ] ] } },
{ "type": "Feature", "properties": { "highway": "residential", "surface": null, "ref": null, "name": "Лесная улица", "Класс": "Прочие" }, "geometry": { "type": "MultiLineString", "coordinates": [ [ [ 85.9145852, 51.9616803 ], [ 85.9153065, 51.9612007 ] ] ] } },
{ "type": "Feature", "properties": { "highway": "residential", "surface": null, "ref": null, "name": "Лесная улица", "Класс": "Прочие" }, "geometry": { "type": "MultiLineString", "coordinates": [ [ [ 85.9153065, 51.9612007 ], [ 85.9155961, 51.9613593 ], [ 85.9159219, 51.9615972 ], [ 85.9165131, 51.9620854 ] ] ] } },
{ "type": "Feature", "properties": { "highway": "tertiary", "surface": null, "ref": null, "name": null, "Класс": "Прочие" }, "geometry": { "type": "MultiLineString", "coordinates": [ [ [ 85.9163669, 51.9298476 ], [ 85.9160195, 51.9296272 ], [ 85.9159417, 51.9296111 ], [ 85.9158424, 51.929605 ], [ 85.9156492, 51.9296125 ] ] ] } },
{ "type": "Feature", "properties": { "highway": "unclassified", "surface": null, "ref": null, "name": null, "Класс": "Прочие" }, "geometry": { "type": "MultiLineString", "coordinates": [ [ [ 85.9163669, 51.9298476 ], [ 85.9162376, 51.9294195 ], [ 85.916182, 51.9293348 ] ] ] } },
{ "type": "Feature", "properties": { "highway": "residential", "surface": null, "ref": null, "name": "Соловьиный переулок", "Класс": "Прочие" }, "geometry": { "type": "MultiLineString", "coordinates": [ [ [ 85.9122722, 51.9301805 ], [ 85.9121091, 51.9297043 ], [ 85.9120915, 51.9296526 ], [ 85.9120985, 51.9295915 ], [ 85.9121552, 51.9295609 ], [ 85.9145618, 51.92943 ], [ 85.9148379, 51.9293907 ], [ 85.9149653, 51.9293863 ], [ 85.9150785, 51.92943 ], [ 85.9151493, 51.9294998 ], [ 85.9153607, 51.9297185 ] ] ] } },
{ "type": "Feature", "properties": { "highway": "service", "surface": null, "ref": null, "name": null, "Класс": "Проезды" }, "geometry": { "type": "MultiLineString", "coordinates": [ [ [ 85.911702, 51.929763 ], [ 85.9121091, 51.9297043 ] ] ] } },
{ "type": "Feature", "properties": { "highway": "residential", "surface": null, "ref": null, "name": null, "Класс": "Прочие" }, "geometry": { "type": "MultiLineString", "coordinates": [ [ [ 85.9142839, 51.9471501 ], [ 85.9149975, 51.9471565 ] ] ] } },
{ "type": "Feature", "properties": { "highway": "residential", "surface": null, "ref": null, "name": null, "Класс": "Прочие" }, "geometry": { "type": "MultiLineString", "coordinates": [ [ [ 85.9180748, 51.956928 ], [ 85.91805, 51.9566718 ], [ 85.9179565, 51.9560104 ], [ 85.9179809, 51.9559052 ], [ 85.9180541, 51.95581 ], [ 85.9182818, 51.9556772 ], [ 85.9189112, 51.9553197 ] ] ] } },
{ "type": "Feature", "properties": { "highway": "residential", "surface": "asphalt", "ref": null, "name": null, "Класс": "Прочие" }, "geometry": { "type": "MultiLineString", "coordinates": [ [ [ 85.9186925, 51.9575918 ], [ 85.9185726, 51.9575018 ], [ 85.918404, 51.9573361 ], [ 85.9181794, 51.9571809 ], [ 85.9181419, 51.9571347 ], [ 85.9181204, 51.9570867 ], [ 85.9180748, 51.956928 ] ] ] } },
{ "type": "Feature", "properties": { "highway": "residential", "surface": null, "ref": null, "name": null, "Класс": "Прочие" }, "geometry": { "type": "MultiLineString", "coordinates": [ [ [ 85.9164412, 51.9415097 ], [ 85.9166533, 51.9414143 ], [ 85.9170449, 51.9413466 ], [ 85.9173851, 51.9413136 ], [ 85.9178388, 51.9412374 ], [ 85.9184537, 51.9411292 ] ] ] } },
{ "type": "Feature", "properties": { "highway": "service", "surface": null, "ref": null, "name": null, "Класс": "Проезды" }, "geometry": { "type": "MultiLineString", "coordinates": [ [ [ 85.9161673, 51.9411515 ], [ 85.9162928, 51.9407835 ], [ 85.9169149, 51.9389585 ], [ 85.9169237, 51.9389325 ], [ 85.9173046, 51.9381619 ], [ 85.9173294, 51.9381077 ], [ 85.9175138, 51.9377055 ] ] ] } },
{ "type": "Feature", "properties": { "highway": "residential", "surface": null, "ref": null, "name": null, "Класс": "Прочие" }, "geometry": { "type": "MultiLineString", "coordinates": [ [ [ 85.917312, 51.9375989 ], [ 85.9174176, 51.9376205 ], [ 85.9175138, 51.9377055 ], [ 85.9176852, 51.9379134 ] ] ] } },
{ "type": "Feature", "properties": { "highway": "service", "surface": null, "ref": null, "name": null, "Класс": "Проезды" }, "geometry": { "type": "MultiLineString", "coordinates": [ [ [ 85.9176852, 51.9379134 ], [ 85.9177338, 51.938023 ], [ 85.9177123, 51.9381222 ], [ 85.917578, 51.9383379 ], [ 85.9174441, 51.9385654 ], [ 85.9173636, 51.9388234 ], [ 85.9171115, 51.9395443 ], [ 85.9167467, 51.9407812 ], [ 85.9164412, 51.9415097 ] ] ] } },
{ "type": "Feature", "properties": { "highway": "service", "surface": null, "ref": null, "name": null, "Класс": "Проезды" }, "geometry": { "type": "MultiLineString", "coordinates": [ [ [ 85.9162928, 51.9407835 ], [ 85.9164924, 51.9408123 ] ] ] } },
{ "type": "Feature", "properties": { "highway": "service", "surface": null, "ref": null, "name": null, "Класс": "Проезды" }, "geometry": { "type": "MultiLineString", "coordinates": [ [ [ 85.9169149, 51.9389585 ], [ 85.9170816, 51.9390096 ] ] ] } },
{ "type": "Feature", "properties": { "highway": "service", "surface": null, "ref": null, "name": null, "Класс": "Проезды" }, "geometry": { "type": "MultiLineString", "coordinates": [ [ [ 85.9173294, 51.9381077 ], [ 85.9175671, 51.938058 ] ] ] } },
{ "type": "Feature", "properties": { "highway": "residential", "surface": null, "ref": null, "name": null, "Класс": "Прочие" }, "geometry": { "type": "MultiLineString", "coordinates": [ [ [ 85.9131863, 51.9435426 ], [ 85.913215, 51.943537 ] ] ] } },
{ "type": "Feature", "properties": { "highway": "residential", "surface": null, "ref": null, "name": null, "Класс": "Прочие" }, "geometry": { "type": "MultiLineString", "coordinates": [ [ [ 85.9130575, 51.9435678 ], [ 85.9131863, 51.9435426 ] ] ] } },
{ "type": "Feature", "properties": { "highway": "residential", "surface": null, "ref": null, "name": null, "Класс": "Прочие" }, "geometry": { "type": "MultiLineString", "coordinates": [ [ [ 85.9125744, 51.938709 ], [ 85.9142441, 51.9386193 ] ] ] } },
{ "type": "Feature", "properties": { "highway": "residential", "surface": null, "ref": null, "name": null, "Класс": "Прочие" }, "geometry": { "type": "MultiLineString", "coordinates": [ [ [ 85.9124737, 51.9381455 ], [ 85.9141514, 51.938052 ] ] ] } },
{ "type": "Feature", "properties": { "highway": "residential", "surface": null, "ref": null, "name": null, "Класс": "Прочие" }, "geometry": { "type": "MultiLineString", "coordinates": [ [ [ 85.9123744, 51.9375899 ], [ 85.9140608, 51.9374982 ] ] ] } },
{ "type": "Feature", "properties": { "highway": "residential", "surface": null, "ref": null, "name": null, "Класс": "Прочие" }, "geometry": { "type": "MultiLineString", "coordinates": [ [ [ 85.9122777, 51.937049 ], [ 85.9139695, 51.93694 ] ] ] } },
{ "type": "Feature", "properties": { "highway": "service", "surface": null, "ref": null, "name": null, "Класс": "Проезды" }, "geometry": { "type": "MultiLineString", "coordinates": [ [ [ 85.9141016, 51.9377474 ], [ 85.915552, 51.9376515 ] ] ] } },
{ "type": "Feature", "properties": { "highway": "service", "surface": null, "ref": null, "name": null, "Класс": "Проезды" }, "geometry": { "type": "MultiLineString", "coordinates": [ [ [ 85.915191, 51.9336976 ], [ 85.9153962, 51.9337368 ], [ 85.915552, 51.9338154 ], [ 85.9157572, 51.933859 ], [ 85.9158422, 51.9338503 ], [ 85.9159554, 51.9338241 ], [ 85.916189, 51.9338241 ], [ 85.9163801, 51.9337936 ], [ 85.9165996, 51.9337194 ], [ 85.9166193, 51.9337037 ], [ 85.9166506, 51.9336789 ] ] ] } },
{ "type": "Feature", "properties": { "highway": "service", "surface": null, "ref": null, "name": null, "Класс": "Проезды" }, "geometry": { "type": "MultiLineString", "coordinates": [ [ [ 85.915191, 51.9336976 ], [ 85.9152662, 51.9338465 ], [ 85.9152621, 51.9339066 ], [ 85.9152459, 51.9339342 ], [ 85.915193, 51.9339768 ], [ 85.9148596, 51.9340746 ] ] ] } },
{ "type": "Feature", "properties": { "highway": "service", "surface": null, "ref": null, "name": null, "Класс": "Проезды" }, "geometry": { "type": "MultiLineString", "coordinates": [ [ [ 85.9133602, 51.9339414 ], [ 85.9130825, 51.9335155 ], [ 85.9124029, 51.9324945 ] ] ] } },
{ "type": "Feature", "properties": { "highway": "service", "surface": null, "ref": null, "name": null, "Класс": "Проезды" }, "geometry": { "type": "MultiLineString", "coordinates": [ [ [ 85.9183149, 51.9417645 ], [ 85.9197006, 51.9418197 ] ] ] } },
{ "type": "Feature", "properties": { "highway": "service", "surface": null, "ref": null, "name": null, "Класс": "Проезды" }, "geometry": { "type": "MultiLineString", "coordinates": [ [ [ 85.9295697, 51.9567857 ], [ 85.9298669, 51.9568098 ], [ 85.9300932, 51.9568282 ], [ 85.9301979, 51.9565225 ], [ 85.9303428, 51.9563136 ], [ 85.9304831, 51.9561757 ] ] ] } },
{ "type": "Feature", "properties": { "highway": "service", "surface": null, "ref": null, "name": null, "Класс": "Проезды" }, "geometry": { "type": "MultiLineString", "coordinates": [ [ [ 85.9300932, 51.9568282 ], [ 85.9300827, 51.9568777 ], [ 85.9300562, 51.9570028 ], [ 85.9298498, 51.9569858 ], [ 85.9298652, 51.9569022 ] ] ] } },
{ "type": "Feature", "properties": { "highway": "service", "surface": null, "ref": null, "name": null, "Класс": "Проезды" }, "geometry": { "type": "MultiLineString", "coordinates": [ [ [ 85.9298669, 51.9568098 ], [ 85.9298898, 51.9566896 ] ] ] } },
{ "type": "Feature", "properties": { "highway": "service", "surface": null, "ref": null, "name": null, "Класс": "Проезды" }, "geometry": { "type": "MultiLineString", "coordinates": [ [ [ 85.9300827, 51.9568777 ], [ 85.9304845, 51.9569155 ], [ 85.9305215, 51.956906 ], [ 85.9305553, 51.9568813 ], [ 85.9305862, 51.9568016 ], [ 85.9306046, 51.9567009 ], [ 85.9306016, 51.9566763 ], [ 85.9305646, 51.9566554 ], [ 85.9305369, 51.9566383 ], [ 85.9305215, 51.9566022 ], [ 85.9305215, 51.956568 ], [ 85.9305985, 51.9562471 ], [ 85.9305985, 51.9562187 ], [ 85.9305985, 51.956194 ], [ 85.9305671, 51.9561395 ] ] ] } },
{ "type": "Feature", "properties": { "highway": "service", "surface": null, "ref": null, "name": null, "Класс": "Проезды" }, "geometry": { "type": "MultiLineString", "coordinates": [ [ [ 85.9300069, 51.9562718 ], [ 85.9303428, 51.9563136 ] ] ] } },
{ "type": "Feature", "properties": { "highway": "service", "surface": null, "ref": null, "name": null, "Класс": "Проезды" }, "geometry": { "type": "MultiLineString", "coordinates": [ [ [ 85.9603382, 51.9651954 ], [ 85.9607275, 51.9637605 ], [ 85.9622662, 51.9635824 ] ] ] } },
{ "type": "Feature", "properties": { "highway": "service", "surface": null, "ref": null, "name": null, "Класс": "Проезды" }, "geometry": { "type": "MultiLineString", "coordinates": [ [ [ 85.9648259, 51.9635119 ], [ 85.965017, 51.9625567 ], [ 85.9649533, 51.9625044 ], [ 85.96476, 51.9624651 ] ] ] } },
{ "type": "Feature", "properties": { "highway": "service", "surface": null, "ref": null, "name": null, "Класс": "Проезды" }, "geometry": { "type": "MultiLineString", "coordinates": [ [ [ 85.9654466, 51.9597548 ], [ 85.9654047, 51.9592346 ] ] ] } },
{ "type": "Feature", "properties": { "highway": "residential", "surface": null, "ref": null, "name": "Колхозная улица", "Класс": "Прочие" }, "geometry": { "type": "MultiLineString", "coordinates": [ ] } },
{ "type": "Feature", "properties": { "highway": "service", "surface": null, "ref": null, "name": null, "Класс": "Проезды" }, "geometry": { "type": "MultiLineString", "coordinates": [ [ [ 85.9667641, 51.9582234 ], [ 85.9663505, 51.958222 ], [ 85.9663368, 51.9577322 ], [ 85.9663346, 51.9576567 ], [ 85.9667455, 51.9576569 ] ] ] } },
{ "type": "Feature", "properties": { "highway": "service", "surface": null, "ref": null, "name": null, "Класс": "Проезды" }, "geometry": { "type": "MultiLineString", "coordinates": [ [ [ 85.9663368, 51.9577322 ], [ 85.9656506, 51.9577322 ] ] ] } },
{ "type": "Feature", "properties": { "highway": "tertiary", "surface": "asphalt", "ref": null, "name": "улица Ленина", "Класс": "Прочие" }, "geometry": { "type": "MultiLineString", "coordinates": [ [ [ 85.9684821, 51.9519928 ], [ 85.9684469, 51.9517947 ], [ 85.9684177, 51.9514514 ], [ 85.9684167, 51.951399 ] ] ] } },
{ "type": "Feature", "properties": { "highway": "tertiary", "surface": "asphalt", "ref": null, "name": "улица Ленина", "Класс": "Прочие" }, "geometry": { "type": "MultiLineString", "coordinates": [ [ [ 85.968504, 51.9520754 ], [ 85.9684821, 51.9519928 ] ] ] } },
{ "type": "Feature", "properties": { "highway": "service", "surface": null, "ref": null, "name": null, "Класс": "Проезды" }, "geometry": { "type": "MultiLineString", "coordinates": [ [ [ 85.97626, 51.9603561 ], [ 85.9760267, 51.9603197 ], [ 85.9757692, 51.9603081 ], [ 85.9756109, 51.9603197 ], [ 85.975458, 51.9603495 ], [ 85.9752998, 51.960361 ], [ 85.9752005, 51.9603561 ], [ 85.975144, 51.9603619 ], [ 85.9750718, 51.9603693 ], [ 85.9749028, 51.9604057 ], [ 85.9747392, 51.960409 ], [ 85.9745595, 51.9603792 ], [ 85.9744281, 51.9603445 ], [ 85.974251, 51.9602883 ] ] ] } },
{ "type": "Feature", "properties": { "highway": "service", "surface": null, "ref": null, "name": null, "Класс": "Проезды" }, "geometry": { "type": "MultiLineString", "coordinates": [ [ [ 85.967875, 51.9597328 ], [ 85.9682161, 51.9590024 ] ] ] } },
{ "type": "Feature", "properties": { "highway": "service", "surface": null, "ref": null, "name": null, "Класс": "Проезды" }, "geometry": { "type": "MultiLineString", "coordinates": [ [ [ 85.9683407, 51.9598367 ], [ 85.9681721, 51.9597993 ], [ 85.967875, 51.9597328 ], [ 85.9677783, 51.9597154 ], [ 85.967665, 51.9596918 ], [ 85.9675631, 51.9596654 ], [ 85.967504, 51.959629 ], [ 85.9675094, 51.9591299 ] ] ] } },
{ "type": "Feature", "properties": { "highway": "service", "surface": null, "ref": null, "name": null, "Класс": "Проезды" }, "geometry": { "type": "MultiLineString", "coordinates": [ [ [ 86.0010075, 51.9686467 ], [ 86.0012126, 51.9687234 ], [ 86.0014084, 51.9688011 ], [ 86.0015666, 51.9688771 ] ] ] } },
{ "type": "Feature", "properties": { "highway": "service", "surface": null, "ref": null, "name": null, "Класс": "Проезды" }, "geometry": { "type": "MultiLineString", "coordinates": [ [ [ 86.0154105, 51.9640656 ], [ 86.0159326, 51.9638929 ], [ 86.0161686, 51.9638268 ] ] ] } },
{ "type": "Feature", "properties": { "highway": "service", "surface": null, "ref": null, "name": null, "Класс": "Проезды" }, "geometry": { "type": "MultiLineString", "coordinates": [ [ [ 86.015595, 51.9644284 ], [ 86.0155597, 51.9643417 ], [ 86.0155034, 51.9642036 ], [ 86.0154105, 51.9640656 ], [ 86.0152942, 51.9638929 ] ] ] } },
{ "type": "Feature", "properties": { "highway": "service", "surface": null, "ref": null, "name": null, "Класс": "Проезды" }, "geometry": { "type": "MultiLineString", "coordinates": [ [ [ 85.9903935, 51.9463575 ], [ 85.990575, 51.9464804 ], [ 85.9907842, 51.9466622 ], [ 85.9909773, 51.9468011 ], [ 85.9911919, 51.9469218 ] ] ] } },
{ "type": "Feature", "properties": { "highway": "tertiary", "surface": null, "ref": null, "name": "Колхозная улица", "Класс": "Прочие" }, "geometry": { "type": "MultiLineString", "coordinates": [ [ [ 86.0211852, 51.9626753 ], [ 86.0210255, 51.9627619 ] ] ] } },
{ "type": "Feature", "properties": { "highway": "service", "surface": null, "ref": null, "name": null, "Класс": "Проезды" }, "geometry": { "type": "MultiLineString", "coordinates": [ [ [ 85.9208548, 51.9147986 ], [ 85.9205069, 51.9139724 ] ] ] } },
{ "type": "Feature", "properties": { "highway": "service", "surface": null, "ref": null, "name": null, "Класс": "Проезды" }, "geometry": { "type": "MultiLineString", "coordinates": [ [ [ 85.9962036, 51.9537928 ], [ 85.9955038, 51.9537923 ] ] ] } },
{ "type": "Feature", "properties": { "highway": "service", "surface": null, "ref": null, "name": null, "Класс": "Проезды" }, "geometry": { "type": "MultiLineString", "coordinates": [ [ [ 85.9948085, 51.9519094 ], [ 85.9949779, 51.9513562 ] ] ] } },
{ "type": "Feature", "properties": { "highway": "service", "surface": null, "ref": null, "name": null, "Класс": "Проезды" }, "geometry": { "type": "MultiLineString", "coordinates": [ [ [ 85.995915, 51.9528156 ], [ 85.9957322, 51.9527272 ], [ 85.9955128, 51.9526738 ], [ 85.9952321, 51.9526738 ], [ 85.995033, 51.9526297 ], [ 85.9949718, 51.9525637 ], [ 85.9949973, 51.9524725 ] ] ] } },
{ "type": "Feature", "properties": { "highway": "service", "surface": null, "ref": null, "name": null, "Класс": "Проезды" }, "geometry": { "type": "MultiLineString", "coordinates": [ [ [ 85.9893143, 51.9508095 ], [ 85.9895039, 51.9507663 ], [ 85.9897573, 51.9507309 ] ] ] } },
{ "type": "Feature", "properties": { "highway": "service", "surface": null, "ref": null, "name": null, "Класс": "Проезды" }, "geometry": { "type": "MultiLineString", "coordinates": [ [ [ 85.9826169, 51.952547 ], [ 85.9828191, 51.9528751 ] ] ] } },
{ "type": "Feature", "properties": { "highway": "service", "surface": null, "ref": null, "name": null, "Класс": "Проезды" }, "geometry": { "type": "MultiLineString", "coordinates": [ [ [ 85.9821102, 51.9539613 ], [ 85.9820795, 51.9540622 ], [ 85.9819875, 51.9541812 ], [ 85.9818179, 51.9543257 ], [ 85.9817024, 51.954368 ] ] ] } },
{ "type": "Feature", "properties": { "highway": "service", "surface": null, "ref": null, "name": null, "Класс": "Проезды" }, "geometry": { "type": "MultiLineString", "coordinates": [ [ [ 85.9080631, 51.9631814 ], [ 85.9075871, 51.9634997 ], [ 85.9070067, 51.9631702 ], [ 85.9068075, 51.9633035 ] ] ] } },
{ "type": "Feature", "properties": { "highway": "service", "surface": null, "ref": null, "name": null, "Класс": "Проезды" }, "geometry": { "type": "MultiLineString", "coordinates": [ [ [ 85.9103025, 51.9570549 ], [ 85.9111394, 51.9570893 ], [ 85.9112289, 51.9571439 ] ] ] } },
{ "type": "Feature", "properties": { "highway": "service", "surface": null, "ref": null, "name": null, "Класс": "Проезды" }, "geometry": { "type": "MultiLineString", "coordinates": [ [ [ 85.9124155, 51.9555786 ], [ 85.9123658, 51.9556247 ], [ 85.9123698, 51.9556925 ], [ 85.9125918, 51.9561393 ] ] ] } },
{ "type": "Feature", "properties": { "highway": "service", "surface": null, "ref": null, "name": null, "Класс": "Проезды" }, "geometry": { "type": "MultiLineString", "coordinates": [ [ [ 85.9582495, 51.9550371 ], [ 85.9583035, 51.9550755 ], [ 85.9586116, 51.9552769 ], [ 85.9579307, 51.9556629 ], [ 85.9576752, 51.9562311 ] ] ] } },
{ "type": "Feature", "properties": { "highway": "service", "surface": null, "ref": null, "name": null, "Класс": "Проезды" }, "geometry": { "type": "MultiLineString", "coordinates": [ [ [ 85.9586116, 51.9552769 ], [ 85.958118, 51.9564397 ] ] ] } },
{ "type": "Feature", "properties": { "highway": "service", "surface": null, "ref": null, "name": null, "Класс": "Проезды" }, "geometry": { "type": "MultiLineString", "coordinates": [ [ [ 85.9626935, 51.9506506 ], [ 85.9623202, 51.9507982 ] ] ] } },
{ "type": "Feature", "properties": { "highway": "residential", "surface": null, "ref": null, "name": "улица Головачёва", "Класс": "Прочие" }, "geometry": { "type": "MultiLineString", "coordinates": [ [ [ 85.8982068, 51.9746164 ], [ 85.8977608, 51.9750528 ], [ 85.8976508, 51.9753173 ], [ 85.8976571, 51.9754741 ], [ 85.8975247, 51.9758346 ], [ 85.8972799, 51.9763794 ], [ 85.8971293, 51.9764961 ], [ 85.8968638, 51.9766497 ], [ 85.8967648, 51.976669 ], [ 85.8965238, 51.9766887 ], [ 85.8966325, 51.9768037 ] ] ] } },
{ "type": "Feature", "properties": { "highway": "service", "surface": null, "ref": null, "name": null, "Класс": "Проезды" }, "geometry": { "type": "MultiLineString", "coordinates": [ [ [ 85.8968638, 51.9766497 ], [ 85.8971575, 51.9766056 ], [ 85.8976157, 51.9764168 ], [ 85.897992, 51.9762186 ], [ 85.8983046, 51.9759438 ], [ 85.8986202, 51.9757102 ], [ 85.8987749, 51.975512 ], [ 85.8984806, 51.9754036 ] ] ] } },
{ "type": "Feature", "properties": { "highway": "service", "surface": null, "ref": null, "name": null, "Класс": "Проезды" }, "geometry": { "type": "MultiLineString", "coordinates": [ [ [ 85.908299, 51.9651277 ], [ 85.9085165, 51.9652913 ], [ 85.9088469, 51.9655398 ], [ 85.9090983, 51.9656175 ], [ 85.909246, 51.9658118 ] ] ] } },
{ "type": "Feature", "properties": { "highway": "residential", "surface": null, "ref": null, "name": "Больничный переулок", "Класс": "Прочие" }, "geometry": { "type": "MultiLineString", "coordinates": [ [ [ 85.917713, 51.9649075 ], [ 85.9179249, 51.9648449 ], [ 85.9183831, 51.9646748 ], [ 85.9186168, 51.9645701 ] ] ] } },
{ "type": "Feature", "properties": { "highway": "service", "surface": null, "ref": null, "name": null, "Класс": "Проезды" }, "geometry": { "type": "MultiLineString", "coordinates": [ [ [ 85.9207041, 51.9635731 ], [ 85.9209049, 51.9641325 ] ] ] } },
{ "type": "Feature", "properties": { "highway": "residential", "surface": null, "ref": null, "name": null, "Класс": "Прочие" }, "geometry": { "type": "MultiLineString", "coordinates": [ [ [ 85.9695279, 51.9478891 ], [ 85.969936, 51.9482736 ], [ 85.9700083, 51.9483276 ], [ 85.9701238, 51.9484753 ] ] ] } },
{ "type": "Feature", "properties": { "highway": "tertiary", "surface": "asphalt", "ref": null, "name": "улица Ленина", "Класс": "Прочие" }, "geometry": { "type": "MultiLineString", "coordinates": [ [ [ 85.9686112, 51.9498524 ], [ 85.9685827, 51.9496786 ], [ 85.9685594, 51.9495167 ], [ 85.968515, 51.9491982 ] ] ] } },
{ "type": "Feature", "properties": { "highway": "tertiary", "surface": null, "ref": null, "name": "улица Ленина", "Класс": "Прочие" }, "geometry": { "type": "MultiLineString", "coordinates": [ [ [ 85.9684568, 51.9481671 ], [ 85.9684606, 51.9477458 ] ] ] } },
{ "type": "Feature", "properties": { "highway": "residential", "surface": null, "ref": null, "name": "Трудовая улица", "Класс": "Прочие" }, "geometry": { "type": "MultiLineString", "coordinates": [ [ [ 85.9684568, 51.9481671 ], [ 85.9695279, 51.9478891 ] ] ] } },
{ "type": "Feature", "properties": { "highway": "residential", "surface": null, "ref": null, "name": "Октябрьская улица", "Класс": "Прочие" }, "geometry": { "type": "MultiLineString", "coordinates": [ [ [ 85.9741088, 51.9548566 ], [ 85.9740982, 51.9547675 ], [ 85.9740482, 51.9546704 ], [ 85.973986, 51.9546052 ], [ 85.9740166, 51.9542119 ], [ 85.9738352, 51.9541238 ], [ 85.973683, 51.9540254 ], [ 85.9736077, 51.9539516 ], [ 85.9734626, 51.9538496 ], [ 85.973196, 51.9538063 ], [ 85.9727857, 51.953776 ] ] ] } },
{ "type": "Feature", "properties": { "highway": "service", "surface": null, "ref": null, "name": null, "Класс": "Проезды" }, "geometry": { "type": "MultiLineString", "coordinates": [ [ [ 85.9168463, 51.962919 ], [ 85.9169604, 51.9630805 ], [ 85.9169713, 51.9634084 ] ] ] } },
{ "type": "Feature", "properties": { "highway": "residential", "surface": null, "ref": null, "name": "Карьерная улица", "Класс": "Прочие" }, "geometry": { "type": "MultiLineString", "coordinates": [ [ [ 85.9859115, 51.968711 ], [ 85.9857962, 51.9688526 ], [ 85.9857248, 51.9689317 ], [ 85.9853151, 51.9694657 ], [ 85.9850732, 51.9696772 ], [ 85.9843386, 51.9705428 ], [ 85.9840505, 51.9708723 ] ] ] } },
{ "type": "Feature", "properties": { "highway": "tertiary", "surface": "asphalt", "ref": null, "name": "Рассветная улица", "Класс": "Прочие" }, "geometry": { "type": "MultiLineString", "coordinates": [ [ [ 85.9120387, 51.9403872 ], [ 85.9122273, 51.9408462 ], [ 85.9122472, 51.9412379 ], [ 85.9122193, 51.941291 ] ] ] } },
{ "type": "Feature", "properties": { "highway": "tertiary", "surface": "asphalt", "ref": null, "name": "Рассветная улица", "Класс": "Прочие" }, "geometry": { "type": "MultiLineString", "coordinates": [ [ [ 85.9122193, 51.941291 ], [ 85.9121779, 51.9413701 ] ] ] } },
{ "type": "Feature", "properties": { "highway": "service", "surface": null, "ref": null, "name": null, "Класс": "Проезды" }, "geometry": { "type": "MultiLineString", "coordinates": [ [ [ 85.9266142, 51.9482246 ], [ 85.9265934, 51.9481048 ], [ 85.9265717, 51.9478712 ], [ 85.9265934, 51.9475287 ], [ 85.9265898, 51.9474108 ] ] ] } },
{ "type": "Feature", "properties": { "highway": "residential", "surface": "asphalt", "ref": null, "name": null, "Класс": "Прочие" }, "geometry": { "type": "MultiLineString", "coordinates": [ [ [ 85.9789581, 51.9666129 ], [ 85.9791241, 51.9665355 ], [ 85.9792695, 51.9663133 ], [ 85.9793118, 51.9661448 ], [ 85.9792521, 51.9659763 ], [ 85.9790832, 51.965702 ] ] ] } },
{ "type": "Feature", "properties": { "highway": "residential", "surface": "asphalt", "ref": null, "name": "улица Островского", "Класс": "Прочие" }, "geometry": { "type": "MultiLineString", "coordinates": [ [ [ 85.9788494, 51.9665738 ], [ 85.9789581, 51.9666129 ], [ 85.9793728, 51.9667381 ], [ 85.9797424, 51.9668766 ], [ 85.9803156, 51.9674484 ], [ 85.9806927, 51.9677677 ], [ 85.9809239, 51.9680737 ] ] ] } },
{ "type": "Feature", "properties": { "highway": "residential", "surface": null, "ref": null, "name": null, "Класс": "Прочие" }, "geometry": { "type": "MultiLineString", "coordinates": [ [ [ 85.9728014, 51.9514546 ], [ 85.9728529, 51.9514825 ], [ 85.972897, 51.9514976 ], [ 85.9729451, 51.9515027 ], [ 85.9729897, 51.9514998 ], [ 85.9730432, 51.9514954 ] ] ] } },
{ "type": "Feature", "properties": { "highway": "service", "surface": "asphalt", "ref": null, "name": null, "Класс": "Проезды" }, "geometry": { "type": "MultiLineString", "coordinates": [ [ [ 85.9727751, 51.950186 ], [ 85.9729173, 51.9501813 ], [ 85.9730782, 51.9501733 ], [ 85.9731812, 51.9501786 ], [ 85.9732799, 51.9501985 ], [ 85.9733464, 51.9502223 ], [ 85.9734344, 51.9502712 ], [ 85.9734687, 51.9503069 ], [ 85.9735052, 51.9505357 ], [ 85.9735159, 51.9506746 ], [ 85.9734859, 51.9507883 ] ] ] } },
{ "type": "Feature", "properties": { "highway": "service", "surface": null, "ref": null, "name": null, "Класс": "Проезды" }, "geometry": { "type": "MultiLineString", "coordinates": [ [ [ 85.9718639, 51.9491641 ], [ 85.9719147, 51.9492393 ], [ 85.9721332, 51.9493178 ] ] ] } },
{ "type": "Feature", "properties": { "highway": "service", "surface": null, "ref": null, "name": null, "Класс": "Проезды" }, "geometry": { "type": "MultiLineString", "coordinates": [ [ [ 85.9365675, 51.956224 ], [ 85.9360183, 51.9561362 ], [ 85.9359887, 51.9560892 ], [ 85.9342674, 51.9558605 ] ] ] } },
{ "type": "Feature", "properties": { "highway": "service", "surface": null, "ref": null, "name": null, "Класс": "Проезды" }, "geometry": { "type": "MultiLineString", "coordinates": [ [ [ 85.9342674, 51.9558605 ], [ 85.9341007, 51.9558372 ], [ 85.9341639, 51.9556658 ], [ 85.9343306, 51.9556892 ], [ 85.9342674, 51.9558605 ] ] ] } },
{ "type": "Feature", "properties": { "highway": "residential", "surface": "gravel", "ref": null, "name": "улица Трофимова", "Класс": "Прочие" }, "geometry": { "type": "MultiLineString", "coordinates": [ [ [ 85.9800866, 51.9609051 ], [ 85.9805753, 51.9607801 ], [ 85.9815378, 51.9606331 ], [ 85.9818417, 51.9605313 ], [ 85.9823469, 51.960284 ], [ 85.9830367, 51.9599524 ] ] ] } },
{ "type": "Feature", "properties": { "highway": "service", "surface": null, "ref": null, "name": null, "Класс": "Проезды" }, "geometry": { "type": "MultiLineString", "coordinates": [ [ [ 85.9684177, 51.9514514 ], [ 85.9687188, 51.9515063 ], [ 85.9687465, 51.9516627 ], [ 85.9684469, 51.9517947 ] ] ] } },
{ "type": "Feature", "properties": { "highway": "service", "surface": null, "ref": null, "name": null, "Класс": "Проезды" }, "geometry": { "type": "MultiLineString", "coordinates": [ [ [ 85.9509016, 51.9593542 ], [ 85.9503281, 51.9593705 ], [ 85.9501627, 51.9593748 ], [ 85.9500906, 51.9598841 ], [ 85.950336, 51.9598819 ], [ 85.9503281, 51.9593705 ] ] ] } },
{ "type": "Feature", "properties": { "highway": "service", "surface": null, "ref": null, "name": null, "Класс": "Проезды" }, "geometry": { "type": "MultiLineString", "coordinates": [ [ [ 85.9507983, 51.9602483 ], [ 85.9499156, 51.9602709 ] ] ] } },
{ "type": "Feature", "properties": { "highway": "service", "surface": null, "ref": null, "name": null, "Класс": "Проезды" }, "geometry": { "type": "MultiLineString", "coordinates": [ [ [ 85.984276, 51.9755477 ], [ 85.9836169, 51.9752152 ], [ 85.9829121, 51.9748775 ], [ 85.9825962, 51.974774 ], [ 85.9825188, 51.9747097 ], [ 85.9824491, 51.9745411 ], [ 85.9824184, 51.9743757 ] ] ] } },
{ "type": "Feature", "properties": { "highway": "residential", "surface": null, "ref": null, "name": "Карьерный переулок", "Класс": "Прочие" }, "geometry": { "type": "MultiLineString", "coordinates": [ [ [ 85.9870117, 51.9694705 ], [ 85.9863874, 51.9690918 ], [ 85.9860823, 51.9689382 ], [ 85.9857962, 51.9688526 ] ] ] } },
{ "type": "Feature", "properties": { "highway": "service", "surface": null, "ref": null, "name": null, "Класс": "Проезды" }, "geometry": { "type": "MultiLineString", "coordinates": [ [ [ 85.9296386, 51.9547613 ], [ 85.9294016, 51.9547341 ], [ 85.9294998, 51.9544084 ], [ 85.9299853, 51.9544639 ] ] ] } },
{ "type": "Feature", "properties": { "highway": "service", "surface": null, "ref": null, "name": null, "Класс": "Проезды" }, "geometry": { "type": "MultiLineString", "coordinates": [ [ [ 85.9291845, 51.9552474 ], [ 85.9289825, 51.9552092 ], [ 85.9291211, 51.9548337 ], [ 85.9295873, 51.954899 ] ] ] } },
{ "type": "Feature", "properties": { "highway": "residential", "surface": null, "ref": null, "name": "Верховая улица", "Класс": "Прочие" }, "geometry": { "type": "MultiLineString", "coordinates": [ [ [ 86.0019584, 51.9622665 ], [ 86.0019127, 51.9622072 ], [ 86.001735, 51.9620887 ], [ 86.00136, 51.9618276 ], [ 86.0010034, 51.9616667 ], [ 86.0005662, 51.9615075 ], [ 86.0000405, 51.9614105 ], [ 85.9997319, 51.9613711 ], [ 85.9993082, 51.9613048 ], [ 85.9982887, 51.9611828 ] ] ] } },
{ "type": "Feature", "properties": { "highway": "residential", "surface": "fine_gravel", "ref": null, "name": "Турочакская улица", "Класс": "Прочие" }, "geometry": { "type": "MultiLineString", "coordinates": [ [ [ 85.9873656, 51.9648993 ], [ 85.9883016, 51.9653162 ], [ 85.9892414, 51.9656699 ], [ 85.9902689, 51.9660293 ], [ 85.991385, 51.966395 ] ] ] } },
{ "type": "Feature", "properties": { "highway": "service", "surface": null, "ref": null, "name": null, "Класс": "Проезды" }, "geometry": { "type": "MultiLineString", "coordinates": [ [ [ 85.9155102, 51.9693092 ], [ 85.914658, 51.9695166 ], [ 85.9145658, 51.9693728 ], [ 85.9154055, 51.9691684 ] ] ] } },
{ "type": "Feature", "properties": { "highway": "service", "surface": null, "ref": null, "name": null, "Класс": "Проезды" }, "geometry": { "type": "MultiLineString", "coordinates": [ [ [ 85.9149428, 51.9686091 ], [ 85.9152055, 51.9688994 ], [ 85.9154055, 51.9691684 ], [ 85.9155102, 51.9693092 ] ] ] } },
{ "type": "Feature", "properties": { "highway": "service", "surface": null, "ref": null, "name": null, "Класс": "Проезды" }, "geometry": { "type": "MultiLineString", "coordinates": [ [ [ 85.9156207, 51.9683132 ], [ 85.9158127, 51.9684618 ] ] ] } },
{ "type": "Feature", "properties": { "highway": "service", "surface": null, "ref": null, "name": null, "Класс": "Проезды" }, "geometry": { "type": "MultiLineString", "coordinates": [ [ [ 85.9098337, 51.9698359 ], [ 85.9104556, 51.969586 ], [ 85.911172, 51.9693452 ] ] ] } },
{ "type": "Feature", "properties": { "highway": "service", "surface": null, "ref": null, "name": null, "Класс": "Проезды" }, "geometry": { "type": "MultiLineString", "coordinates": [ [ [ 85.9055826, 51.9723539 ], [ 85.9050813, 51.9720905 ], [ 85.9045379, 51.971819 ] ] ] } },
{ "type": "Feature", "properties": { "highway": "service", "surface": null, "ref": null, "name": null, "Класс": "Проезды" }, "geometry": { "type": "MultiLineString", "coordinates": [ [ [ 85.9050813, 51.9720905 ], [ 85.9043297, 51.972637 ], [ 85.9037229, 51.9723203 ] ] ] } },
{ "type": "Feature", "properties": { "highway": "service", "surface": null, "ref": null, "name": null, "Класс": "Проезды" }, "geometry": { "type": "MultiLineString", "coordinates": [ [ [ 85.8894008, 51.9751894 ], [ 85.8893513, 51.9751308 ], [ 85.8893384, 51.9750726 ], [ 85.8893956, 51.9748834 ], [ 85.8895959, 51.974869 ], [ 85.8896903, 51.9747487 ], [ 85.8904349, 51.9746364 ] ] ] } },
{ "type": "Feature", "properties": { "highway": "service", "surface": null, "ref": null, "name": null, "Класс": "Проезды" }, "geometry": { "type": "MultiLineString", "coordinates": [ [ [ 85.8893956, 51.9748834 ], [ 85.8893218, 51.9747353 ], [ 85.8890403, 51.9746775 ], [ 85.888582, 51.9747353 ], [ 85.8882861, 51.9748198 ], [ 85.8874128, 51.9748086 ] ] ] } },
{ "type": "Feature", "properties": { "highway": "service", "surface": null, "ref": null, "name": null, "Класс": "Проезды" }, "geometry": { "type": "MultiLineString", "coordinates": [ [ [ 85.891398, 51.9720078 ], [ 85.89004, 51.9719676 ], [ 85.8900869, 51.971603 ], [ 85.8906426, 51.9716052 ] ] ] } },
{ "type": "Feature", "properties": { "highway": "residential", "surface": null, "ref": null, "name": null, "Класс": "Прочие" }, "geometry": { "type": "MultiLineString", "coordinates": [ [ [ 85.9768423, 51.9723324 ], [ 85.9771374, 51.9717202 ], [ 85.9770961, 51.9714475 ], [ 85.9770024, 51.9711427 ], [ 85.9770081, 51.970976 ] ] ] } },
{ "type": "Feature", "properties": { "highway": "residential", "surface": null, "ref": null, "name": null, "Класс": "Прочие" }, "geometry": { "type": "MultiLineString", "coordinates": [ [ [ 85.9715851, 51.9682006 ], [ 85.9713487, 51.9683529 ] ] ] } },
{ "type": "Feature", "properties": { "highway": "service", "surface": null, "ref": null, "name": null, "Класс": "Проезды" }, "geometry": { "type": "MultiLineString", "coordinates": [ [ [ 85.9694986, 51.9696706 ], [ 85.969724, 51.9687127 ], [ 85.9696866, 51.9681391 ], [ 85.9698565, 51.9678863 ] ] ] } },
{ "type": "Feature", "properties": { "highway": "residential", "surface": null, "ref": null, "name": "Майская улица", "Класс": "Прочие" }, "geometry": { "type": "MultiLineString", "coordinates": [ [ [ 85.9159031, 51.9474594 ], [ 85.9157145, 51.9474839 ], [ 85.9150468, 51.947527 ] ] ] } },
{ "type": "Feature", "properties": { "highway": "service", "surface": null, "ref": null, "name": null, "Класс": "Проезды" }, "geometry": { "type": "MultiLineString", "coordinates": [ [ [ 85.8961491, 51.9719811 ], [ 85.8960908, 51.9721648 ] ] ] } },
{ "type": "Feature", "properties": { "highway": "service", "surface": "gravel", "ref": null, "name": null, "Класс": "Проезды" }, "geometry": { "type": "MultiLineString", "coordinates": [ [ [ 85.9163517, 51.9638199 ], [ 85.9162658, 51.9639159 ], [ 85.9161536, 51.9639981 ], [ 85.9160019, 51.9640709 ], [ 85.9157803, 51.9641683 ], [ 85.9157287, 51.9642618 ], [ 85.9157348, 51.9647161 ] ] ] } },
{ "type": "Feature", "properties": { "highway": "service", "surface": null, "ref": null, "name": null, "Класс": "Проезды" }, "geometry": { "type": "MultiLineString", "coordinates": [ [ [ 85.9161852, 51.9635571 ], [ 85.9160674, 51.9635562 ], [ 85.9160625, 51.9638205 ] ] ] } },
{ "type": "Feature", "properties": { "highway": "service", "surface": null, "ref": null, "name": null, "Класс": "Проезды" }, "geometry": { "type": "MultiLineString", "coordinates": [ [ [ 85.91196, 51.964306 ], [ 85.9119598, 51.9641309 ], [ 85.9125589, 51.9638613 ], [ 85.9125828, 51.9636575 ], [ 85.9117236, 51.963659 ] ] ] } },
{ "type": "Feature", "properties": { "highway": "service", "surface": null, "ref": null, "name": null, "Класс": "Проезды" }, "geometry": { "type": "MultiLineString", "coordinates": [ [ [ 85.9107665, 51.9641526 ], [ 85.9108835, 51.9640775 ], [ 85.9108866, 51.9640092 ] ] ] } },
{ "type": "Feature", "properties": { "highway": "service", "surface": null, "ref": null, "name": null, "Класс": "Проезды" }, "geometry": { "type": "MultiLineString", "coordinates": [ [ [ 85.912087, 51.9643051 ], [ 85.9120902, 51.9647355 ], [ 85.9129794, 51.9647329 ] ] ] } },
{ "type": "Feature", "properties": { "highway": "service", "surface": null, "ref": null, "name": null, "Класс": "Проезды" }, "geometry": { "type": "MultiLineString", "coordinates": [ [ [ 85.9090447, 51.9653759 ], [ 85.9098967, 51.9649359 ] ] ] } },
{ "type": "Feature", "properties": { "highway": "service", "surface": null, "ref": null, "name": null, "Класс": "Проезды" }, "geometry": { "type": "MultiLineString", "coordinates": [ [ [ 85.9147635, 51.9623563 ], [ 85.9146119, 51.9623552 ], [ 85.9144961, 51.9623416 ], [ 85.9144331, 51.9622986 ], [ 85.9144311, 51.9622164 ], [ 85.9144362, 51.9621724 ] ] ] } },
{ "type": "Feature", "properties": { "highway": "service", "surface": null, "ref": null, "name": null, "Класс": "Проезды" }, "geometry": { "type": "MultiLineString", "coordinates": [ [ [ 85.9129327, 51.9552046 ], [ 85.9126435, 51.955213 ], [ 85.911893, 51.9553373 ] ] ] } },
{ "type": "Feature", "properties": { "highway": "service", "surface": null, "ref": null, "name": null, "Класс": "Проезды" }, "geometry": { "type": "MultiLineString", "coordinates": [ [ [ 85.9117339, 51.9539428 ], [ 85.911717, 51.9538674 ], [ 85.9118384, 51.9536186 ] ] ] } },
{ "type": "Feature", "properties": { "highway": "service", "surface": null, "ref": null, "name": null, "Класс": "Проезды" }, "geometry": { "type": "MultiLineString", "coordinates": [ [ [ 85.9025995, 51.9689271 ], [ 85.9032722, 51.9692519 ] ] ] } },
{ "type": "Feature", "properties": { "highway": "service", "surface": null, "ref": null, "name": null, "Класс": "Проезды" }, "geometry": { "type": "MultiLineString", "coordinates": [ [ [ 85.9031779, 51.9685059 ], [ 85.9034866, 51.9686639 ], [ 85.9033437, 51.9687787 ] ] ] } },
{ "type": "Feature", "properties": { "highway": "service", "surface": null, "ref": null, "name": null, "Класс": "Проезды" }, "geometry": { "type": "MultiLineString", "coordinates": [ [ [ 85.9034512, 51.9680835 ], [ 85.9031971, 51.9679539 ], [ 85.9028361, 51.9677599 ], [ 85.9026862, 51.9676811 ], [ 85.9018904, 51.968261 ], [ 85.9018758, 51.9682802 ], [ 85.9018735, 51.9683014 ], [ 85.9018837, 51.9683217 ], [ 85.9019051, 51.9683384 ], [ 85.9019316, 51.9683483 ], [ 85.9019618, 51.9683525 ], [ 85.9019926, 51.9683503 ], [ 85.9020206, 51.9683421 ], [ 85.9020427, 51.9683288 ], [ 85.9028361, 51.9677599 ] ] ] } },
{ "type": "Feature", "properties": { "highway": "service", "surface": null, "ref": null, "name": null, "Класс": "Проезды" }, "geometry": { "type": "MultiLineString", "coordinates": [ [ [ 85.9011569, 51.9681849 ], [ 85.9016477, 51.9678082 ], [ 85.9018956, 51.9676129 ], [ 85.9023762, 51.9673026 ], [ 85.902669, 51.9671136 ], [ 85.9030952, 51.9668386 ], [ 85.9038992, 51.9663669 ], [ 85.9043761, 51.9661022 ], [ 85.9046194, 51.9659671 ] ] ] } },
{ "type": "Feature", "properties": { "highway": "track", "surface": null, "ref": null, "name": null, "Класс": "Прочие" }, "geometry": { "type": "MultiLineString", "coordinates": [ [ [ 85.901522, 51.9609954 ], [ 85.9011503, 51.9611545 ], [ 85.9011009, 51.9611661 ], [ 85.9010503, 51.9611579 ], [ 85.9008063, 51.9609971 ], [ 85.9004565, 51.96074 ], [ 85.9002273, 51.9605921 ], [ 85.9000991, 51.9605129 ], [ 85.8999218, 51.9605728 ], [ 85.899696, 51.9606097 ], [ 85.8988571, 51.9604971 ] ] ] } },
{ "type": "Feature", "properties": { "highway": "residential", "surface": null, "ref": null, "name": "232 стрелковой дивизии улица", "Класс": "Прочие" }, "geometry": { "type": "MultiLineString", "coordinates": [ [ [ 85.901522, 51.9609954 ], [ 85.901326, 51.9607975 ], [ 85.9013143, 51.9607261 ], [ 85.9013541, 51.9606689 ], [ 85.9014341, 51.9606109 ], [ 85.9016905, 51.9604241 ], [ 85.9018502, 51.96029 ], [ 85.9019364, 51.9600411 ] ] ] } },
{ "type": "Feature", "properties": { "highway": "service", "surface": null, "ref": null, "name": null, "Класс": "Проезды" }, "geometry": { "type": "MultiLineString", "coordinates": [ [ [ 85.9045704, 51.9731586 ], [ 85.9043927, 51.973066 ], [ 85.9040703, 51.972898 ], [ 85.9040104, 51.9729416 ] ] ] } },
{ "type": "Feature", "properties": { "highway": "service", "surface": null, "ref": null, "name": null, "Класс": "Проезды" }, "geometry": { "type": "MultiLineString", "coordinates": [ [ [ 85.9043927, 51.973066 ], [ 85.9043311, 51.9731131 ] ] ] } },
{ "type": "Feature", "properties": { "highway": "service", "surface": null, "ref": null, "name": null, "Класс": "Проезды" }, "geometry": { "type": "MultiLineString", "coordinates": [ [ [ 85.9032012, 51.975883 ], [ 85.9020485, 51.975926 ] ] ] } },
{ "type": "Feature", "properties": { "highway": "service", "surface": null, "ref": null, "name": null, "Класс": "Проезды" }, "geometry": { "type": "MultiLineString", "coordinates": [ [ [ 85.9637648, 51.9530328 ], [ 85.9641102, 51.9528562 ] ] ] } },
{ "type": "Feature", "properties": { "highway": "service", "surface": null, "ref": null, "name": null, "Класс": "Проезды" }, "geometry": { "type": "MultiLineString", "coordinates": [ [ [ 85.9608796, 51.9547616 ], [ 85.9606276, 51.9547535 ], [ 85.9606577, 51.9543224 ] ] ] } },
{ "type": "Feature", "properties": { "highway": "service", "surface": null, "ref": null, "name": null, "Класс": "Проезды" }, "geometry": { "type": "MultiLineString", "coordinates": [ [ [ 85.9586116, 51.9552769 ], [ 85.9590407, 51.955325 ], [ 85.9591628, 51.9553305 ], [ 85.9592894, 51.9553555 ], [ 85.9596491, 51.9554147 ], [ 85.9600122, 51.9554788 ] ] ] } },
{ "type": "Feature", "properties": { "highway": "service", "surface": null, "ref": null, "name": null, "Класс": "Проезды" }, "geometry": { "type": "MultiLineString", "coordinates": [ [ [ 85.9522332, 51.9571434 ], [ 85.9522366, 51.9573306 ] ] ] } },
{ "type": "Feature", "properties": { "highway": "service", "surface": null, "ref": null, "name": null, "Класс": "Проезды" }, "geometry": { "type": "MultiLineString", "coordinates": [ [ [ 85.9445379, 51.9588595 ], [ 85.9447275, 51.9587205 ], [ 85.9453884, 51.9588263 ], [ 85.9452956, 51.9589967 ] ] ] } },
{ "type": "Feature", "properties": { "highway": "service", "surface": null, "ref": null, "name": null, "Класс": "Проезды" }, "geometry": { "type": "MultiLineString", "coordinates": [ [ [ 85.9423634, 51.9555297 ], [ 85.9418736, 51.9554067 ] ] ] } },
{ "type": "Feature", "properties": { "highway": "service", "surface": null, "ref": null, "name": null, "Класс": "Проезды" }, "geometry": { "type": "MultiLineString", "coordinates": [ [ [ 85.9265272, 51.9528299 ], [ 85.9266732, 51.9530487 ], [ 85.9267039, 51.9530948 ], [ 85.9267342, 51.9531401 ], [ 85.9272543, 51.9530083 ], [ 85.9273465, 51.9531466 ], [ 85.9278832, 51.9530105 ] ] ] } },
{ "type": "Feature", "properties": { "highway": "residential", "surface": "asphalt", "ref": null, "name": "Заречная улица", "Класс": "Прочие" }, "geometry": { "type": "MultiLineString", "coordinates": [ [ [ 85.9166212, 51.9558542 ], [ 85.9168393, 51.9558109 ], [ 85.9170486, 51.9557122 ], [ 85.9172603, 51.9555049 ], [ 85.9173802, 51.9554503 ], [ 85.9178192, 51.9553176 ], [ 85.9183022, 51.9551437 ], [ 85.9184813, 51.9551069 ], [ 85.9187199, 51.9551736 ], [ 85.9189654, 51.9550366 ], [ 85.9193752, 51.9548782 ], [ 85.9196042, 51.9547764 ], [ 85.919926, 51.9546177 ], [ 85.9204732, 51.9543532 ], [ 85.920956, 51.9541482 ], [ 85.9213422, 51.9539499 ], [ 85.9216426, 51.9538308 ], [ 85.9219271, 51.953761 ], [ 85.9221474, 51.9537336 ], [ 85.9222378, 51.9537214 ], [ 85.9226241, 51.9537214 ], [ 85.9229674, 51.9537214 ], [ 85.9230224, 51.9537221 ], [ 85.9235145, 51.953728 ], [ 85.9239701, 51.9537004 ], [ 85.924169, 51.9536883 ] ] ] } },
{ "type": "Feature", "properties": { "highway": "service", "surface": null, "ref": null, "name": null, "Класс": "Проезды" }, "geometry": { "type": "MultiLineString", "coordinates": [ [ [ 85.9243213, 51.9538003 ], [ 85.9238806, 51.9538931 ] ] ] } },
{ "type": "Feature", "properties": { "highway": "residential", "surface": null, "ref": null, "name": null, "Класс": "Прочие" }, "geometry": { "type": "MultiLineString", "coordinates": [ [ [ 85.9839742, 51.9281218 ], [ 85.9843356, 51.9279961 ], [ 85.98454, 51.9279992 ], [ 85.9847117, 51.9280464 ], [ 85.9852499, 51.9281221 ], [ 85.9858596, 51.9281691 ] ] ] } },
{ "type": "Feature", "properties": { "highway": "residential", "surface": null, "ref": null, "name": "Академическая улица", "Класс": "Прочие" }, "geometry": { "type": "MultiLineString", "coordinates": [ [ [ 85.9689477, 51.9237079 ], [ 85.9699794, 51.9242552 ], [ 85.9706457, 51.9246487 ], [ 85.9714058, 51.924999 ], [ 85.9717425, 51.9252879 ], [ 85.9720071, 51.9254904 ], [ 85.9732778, 51.926408 ], [ 85.9738663, 51.9269005 ] ] ] } },
{ "type": "Feature", "properties": { "highway": "service", "surface": null, "ref": null, "name": null, "Класс": "Проезды" }, "geometry": { "type": "MultiLineString", "coordinates": [ [ [ 85.914541, 51.9624904 ], [ 85.9133975, 51.9624872 ] ] ] } },
{ "type": "Feature", "properties": { "highway": "service", "surface": null, "ref": null, "name": null, "Класс": "Проезды" }, "geometry": { "type": "MultiLineString", "coordinates": [ [ [ 85.9151028, 51.9621257 ], [ 85.9138686, 51.9621211 ] ] ] } },
{ "type": "Feature", "properties": { "highway": "service", "surface": null, "ref": null, "name": null, "Класс": "Проезды" }, "geometry": { "type": "MultiLineString", "coordinates": [ [ [ 85.9139195, 51.9628907 ], [ 85.9128515, 51.9628988 ] ] ] } },
{ "type": "Feature", "properties": { "highway": "service", "surface": null, "ref": null, "name": null, "Класс": "Проезды" }, "geometry": { "type": "MultiLineString", "coordinates": [ [ [ 85.9103599, 51.9659986 ], [ 85.9106085, 51.9662917 ] ] ] } },
{ "type": "Feature", "properties": { "highway": "residential", "surface": "asphalt", "ref": null, "name": "Больничный переулок", "Класс": "Прочие" }, "geometry": { "type": "MultiLineString", "coordinates": [ [ [ 85.9178399, 51.9651609 ], [ 85.9178339, 51.9651011 ], [ 85.9177216, 51.9649795 ], [ 85.917713, 51.9649075 ], [ 85.917712, 51.9648993 ], [ 85.9171705, 51.9644078 ] ] ] } },
{ "type": "Feature", "properties": { "highway": "residential", "surface": null, "ref": null, "name": "Лесная улица", "Класс": "Прочие" }, "geometry": { "type": "MultiLineString", "coordinates": [ [ [ 85.9166587, 51.9639404 ], [ 85.916987, 51.9637862 ], [ 85.9173587, 51.9636617 ] ] ] } },
{ "type": "Feature", "properties": { "highway": "service", "surface": null, "ref": null, "name": null, "Класс": "Проезды" }, "geometry": { "type": "MultiLineString", "coordinates": [ [ [ 85.9266732, 51.9530487 ], [ 85.9262915, 51.9531404 ], [ 85.9261775, 51.9529584 ] ] ] } },
{ "type": "Feature", "properties": { "highway": "service", "surface": null, "ref": null, "name": null, "Класс": "Проезды" }, "geometry": { "type": "MultiLineString", "coordinates": [ [ [ 85.9267039, 51.9530948 ], [ 85.9263148, 51.9531807 ], [ 85.9262915, 51.9531404 ] ] ] } },
{ "type": "Feature", "properties": { "highway": "residential", "surface": null, "ref": null, "name": "улица Мирона Эдокова", "Класс": "Прочие" }, "geometry": { "type": "MultiLineString", "coordinates": [ [ [ 85.9973213, 51.9534422 ], [ 85.9972649, 51.9510642 ] ] ] } },
{ "type": "Feature", "properties": { "highway": "residential", "surface": null, "ref": null, "name": "Дачная улица", "Класс": "Прочие" }, "geometry": { "type": "MultiLineString", "coordinates": [ [ [ 85.9813609, 51.9576922 ], [ 85.9812668, 51.9575195 ], [ 85.9812601, 51.9573592 ], [ 85.9813002, 51.9570073 ], [ 85.9814304, 51.9564238 ], [ 85.9815657, 51.9560657 ], [ 85.9815256, 51.9559824 ], [ 85.9810623, 51.9558845 ] ] ] } },
{ "type": "Feature", "properties": { "highway": "residential", "surface": null, "ref": null, "name": "Дачный переулок", "Класс": "Прочие" }, "geometry": { "type": "MultiLineString", "coordinates": [ [ [ 85.9813609, 51.9576922 ], [ 85.982673, 51.9568447 ], [ 85.9833304, 51.956436 ] ] ] } },
{ "type": "Feature", "properties": { "highway": "service", "surface": null, "ref": null, "name": null, "Класс": "Проезды" }, "geometry": { "type": "MultiLineString", "coordinates": [ [ [ 85.9230224, 51.9537221 ], [ 85.9229556, 51.9533682 ], [ 85.9228312, 51.9533028 ] ] ] } },
{ "type": "Feature", "properties": { "highway": "service", "surface": null, "ref": null, "name": null, "Класс": "Проезды" }, "geometry": { "type": "MultiLineString", "coordinates": [ [ [ 85.9144225, 51.9605784 ], [ 85.9146844, 51.9607683 ] ] ] } },
{ "type": "Feature", "properties": { "highway": "service", "surface": null, "ref": null, "name": null, "Класс": "Проезды" }, "geometry": { "type": "MultiLineString", "coordinates": [ [ [ 85.9086348, 51.9534411 ], [ 85.9086665, 51.9535351 ], [ 85.9088425, 51.9536623 ], [ 85.9088425, 51.9537446 ], [ 85.9087697, 51.9537483 ] ] ] } },
{ "type": "Feature", "properties": { "highway": "service", "surface": null, "ref": null, "name": null, "Класс": "Проезды" }, "geometry": { "type": "MultiLineString", "coordinates": [ [ [ 85.9086713, 51.9534152 ], [ 85.909583, 51.9535164 ], [ 85.9096983, 51.95358 ], [ 85.9096861, 51.9537858 ], [ 85.909765, 51.9538381 ] ] ] } },
{ "type": "Feature", "properties": { "highway": "service", "surface": null, "ref": null, "name": null, "Класс": "Проезды" }, "geometry": { "type": "MultiLineString", "coordinates": [ [ [ 85.9096861, 51.9537858 ], [ 85.9096035, 51.9538687 ], [ 85.9094533, 51.9539692 ] ] ] } },
{ "type": "Feature", "properties": { "highway": "service", "surface": null, "ref": null, "name": null, "Класс": "Проезды" }, "geometry": { "type": "MultiLineString", "coordinates": [ [ [ 85.9067827, 51.9535989 ], [ 85.9068483, 51.9536545 ], [ 85.9071702, 51.9537391 ], [ 85.9074964, 51.9537999 ], [ 85.9077195, 51.9540036 ], [ 85.9078397, 51.9541729 ] ] ] } },
{ "type": "Feature", "properties": { "highway": "service", "surface": null, "ref": null, "name": null, "Класс": "Проезды" }, "geometry": { "type": "MultiLineString", "coordinates": [ [ [ 85.8953853, 51.9719351 ], [ 85.8953541, 51.9724052 ], [ 85.8962022, 51.9724452 ], [ 85.8966455, 51.972011 ] ] ] } },
{ "type": "Feature", "properties": { "highway": "service", "surface": null, "ref": null, "name": null, "Класс": "Проезды" }, "geometry": { "type": "MultiLineString", "coordinates": [ [ [ 85.8943844, 51.971967 ], [ 85.8931961, 51.9719872 ] ] ] } },
{ "type": "Feature", "properties": { "highway": "service", "surface": null, "ref": null, "name": null, "Класс": "Проезды" }, "geometry": { "type": "MultiLineString", "coordinates": [ [ [ 85.8942208, 51.9723829 ], [ 85.8931708, 51.9723963 ] ] ] } },
{ "type": "Feature", "properties": { "highway": "service", "surface": null, "ref": null, "name": null, "Класс": "Проезды" }, "geometry": { "type": "MultiLineString", "coordinates": [ [ [ 85.8925506, 51.9730446 ], [ 85.8925685, 51.9727525 ], [ 85.8923556, 51.9726213 ] ] ] } },
{ "type": "Feature", "properties": { "highway": "service", "surface": null, "ref": null, "name": null, "Класс": "Проезды" }, "geometry": { "type": "MultiLineString", "coordinates": [ [ [ 85.8915105, 51.9725229 ], [ 85.8913846, 51.9725561 ], [ 85.890807, 51.9725359 ] ] ] } },
{ "type": "Feature", "properties": { "highway": "residential", "surface": null, "ref": null, "name": "Ленинградская улица", "Класс": "Прочие" }, "geometry": { "type": "MultiLineString", "coordinates": [ [ [ 85.9110135, 51.9521359 ], [ 85.9113144, 51.9521049 ], [ 85.9116724, 51.9521136 ], [ 85.912011, 51.952144 ], [ 85.9121568, 51.9522174 ], [ 85.9121695, 51.9522318 ], [ 85.9124305, 51.9525289 ], [ 85.9126298, 51.9527365 ], [ 85.9129196, 51.9529868 ], [ 85.9130551, 51.9532155 ] ] ] } },
{ "type": "Feature", "properties": { "highway": "service", "surface": null, "ref": null, "name": null, "Класс": "Проезды" }, "geometry": { "type": "MultiLineString", "coordinates": [ [ [ 85.9079617, 51.9666097 ], [ 85.9081807, 51.9665216 ], [ 85.9077515, 51.966067 ] ] ] } },
{ "type": "Feature", "properties": { "highway": "service", "surface": null, "ref": null, "name": null, "Класс": "Проезды" }, "geometry": { "type": "MultiLineString", "coordinates": [ [ [ 85.9067466, 51.9651008 ], [ 85.9068958, 51.9654165 ], [ 85.9068127, 51.9654544 ], [ 85.9063384, 51.9651187 ], [ 85.906682, 51.9649571 ] ] ] } },
{ "type": "Feature", "properties": { "highway": "service", "surface": "asphalt", "ref": null, "name": null, "Класс": "Проезды" }, "geometry": { "type": "MultiLineString", "coordinates": [ [ [ 85.9047437, 51.9648395 ], [ 85.9051339, 51.9655664 ], [ 85.9054006, 51.9655098 ], [ 85.9056401, 51.9654254 ], [ 85.9058232, 51.9652683 ], [ 85.9058895, 51.9651523 ], [ 85.9056299, 51.9649985 ], [ 85.9052719, 51.964788 ] ] ] } },
{ "type": "Feature", "properties": { "highway": "service", "surface": null, "ref": null, "name": null, "Класс": "Проезды" }, "geometry": { "type": "MultiLineString", "coordinates": [ [ [ 85.9068584, 51.9647601 ], [ 85.9066848, 51.9648076 ], [ 85.9066312, 51.9648468 ], [ 85.906682, 51.9649571 ], [ 85.9067466, 51.9651008 ], [ 85.9069731, 51.9650652 ] ] ] } },
{ "type": "Feature", "properties": { "highway": "service", "surface": null, "ref": null, "name": null, "Класс": "Проезды" }, "geometry": { "type": "MultiLineString", "coordinates": [ [ [ 85.9033028, 51.9647664 ], [ 85.9033797, 51.9645961 ], [ 85.9035496, 51.9644371 ], [ 85.9037741, 51.9645138 ], [ 85.9039138, 51.9645213 ] ] ] } },
{ "type": "Feature", "properties": { "highway": "service", "surface": null, "ref": null, "name": null, "Класс": "Проезды" }, "geometry": { "type": "MultiLineString", "coordinates": [ [ [ 85.9045558, 51.9633925 ], [ 85.9041232, 51.9634667 ], [ 85.9038197, 51.9629207 ] ] ] } },
{ "type": "Feature", "properties": { "highway": "service", "surface": null, "ref": null, "name": null, "Класс": "Проезды" }, "geometry": { "type": "MultiLineString", "coordinates": [ [ [ 85.9057927, 51.9632994 ], [ 85.9052397, 51.9633889 ], [ 85.9049639, 51.9628822 ], [ 85.9055317, 51.962759 ] ] ] } },
{ "type": "Feature", "properties": { "highway": "service", "surface": null, "ref": null, "name": null, "Класс": "Проезды" }, "geometry": { "type": "MultiLineString", "coordinates": [ [ [ 85.9416072, 51.9547502 ], [ 85.9416987, 51.9546228 ] ] ] } },
{ "type": "Feature", "properties": { "highway": "service", "surface": null, "ref": null, "name": null, "Класс": "Проезды" }, "geometry": { "type": "MultiLineString", "coordinates": [ [ [ 85.9315074, 51.9568174 ], [ 85.9317025, 51.9568421 ], [ 85.9325785, 51.9569528 ] ] ] } },
{ "type": "Feature", "properties": { "highway": "service", "surface": null, "ref": null, "name": null, "Класс": "Проезды" }, "geometry": { "type": "MultiLineString", "coordinates": [ [ [ 85.9317025, 51.9568421 ], [ 85.9316236, 51.9569792 ], [ 85.9314713, 51.9570916 ], [ 85.9313447, 51.9570612 ], [ 85.9311515, 51.9570822 ] ] ] } },
{ "type": "Feature", "properties": { "highway": "service", "surface": null, "ref": null, "name": null, "Класс": "Проезды" }, "geometry": { "type": "MultiLineString", "coordinates": [ [ [ 85.9316236, 51.9569792 ], [ 85.931733, 51.9570321 ], [ 85.9315779, 51.9571466 ], [ 85.9314713, 51.9570916 ] ] ] } },
{ "type": "Feature", "properties": { "highway": "residential", "surface": null, "ref": null, "name": "Кленовый переулок", "Класс": "Прочие" }, "geometry": { "type": "MultiLineString", "coordinates": [ [ [ 85.9080285, 51.9557624 ], [ 85.9082472, 51.9555611 ], [ 85.9083432, 51.9554294 ], [ 85.9083089, 51.9553743 ], [ 85.9080461, 51.9552073 ], [ 85.9071282, 51.9545584 ] ] ] } },
{ "type": "Feature", "properties": { "highway": "tertiary", "surface": "asphalt", "ref": null, "name": "Дубовая роща улица", "Класс": "Прочие" }, "geometry": { "type": "MultiLineString", "coordinates": [ [ [ 85.9960587, 51.9661626 ], [ 85.995521, 51.9660152 ], [ 85.9942695, 51.9656553 ], [ 85.9929285, 51.9649883 ] ] ] } },
{ "type": "Feature", "properties": { "highway": "residential", "surface": null, "ref": null, "name": "улица Потанина", "Класс": "Прочие" }, "geometry": { "type": "MultiLineString", "coordinates": [ [ [ 86.0110554, 51.965736 ], [ 86.0109544, 51.9659686 ], [ 86.0107667, 51.9661886 ], [ 86.0105038, 51.966352 ], [ 86.0102995, 51.9665071 ], [ 86.010139, 51.9666561 ], [ 86.0101155, 51.9666979 ], [ 86.009329, 51.9667701 ], [ 86.0092083, 51.9667784 ], [ 86.0091338, 51.9667657 ] ] ] } },
{ "type": "Feature", "properties": { "highway": "service", "surface": null, "ref": null, "name": null, "Класс": "Проезды" }, "geometry": { "type": "MultiLineString", "coordinates": [ [ [ 85.9116079, 51.9503119 ], [ 85.9114674, 51.949743 ] ] ] } },
{ "type": "Feature", "properties": { "highway": "service", "surface": null, "ref": null, "name": null, "Класс": "Проезды" }, "geometry": { "type": "MultiLineString", "coordinates": [ [ [ 85.9109519, 51.950803 ], [ 85.9111066, 51.9507817 ], [ 85.9112437, 51.9507195 ] ] ] } },
{ "type": "Feature", "properties": { "highway": "service", "surface": null, "ref": null, "name": null, "Класс": "Проезды" }, "geometry": { "type": "MultiLineString", "coordinates": [ [ [ 85.9094366, 51.951673 ], [ 85.9100817, 51.9518071 ] ] ] } },
{ "type": "Feature", "properties": { "highway": "service", "surface": null, "ref": null, "name": null, "Класс": "Проезды" }, "geometry": { "type": "MultiLineString", "coordinates": [ [ [ 85.9093759, 51.951788 ], [ 85.9090929, 51.9519005 ], [ 85.9087645, 51.951925 ], [ 85.9084361, 51.951856 ], [ 85.9080463, 51.9517381 ], [ 85.9078154, 51.9516603 ], [ 85.9071406, 51.951538 ], [ 85.9071333, 51.9514623 ] ] ] } },
{ "type": "Feature", "properties": { "highway": "residential", "surface": null, "ref": null, "name": "Ленинградская улица", "Класс": "Прочие" }, "geometry": { "type": "MultiLineString", "coordinates": [ [ [ 85.9121695, 51.9522318 ], [ 85.9121151, 51.952049 ], [ 85.911895, 51.951662 ], [ 85.9120646, 51.9514307 ], [ 85.912061, 51.951097 ] ] ] } },
{ "type": "Feature", "properties": { "highway": "residential", "surface": null, "ref": null, "name": null, "Класс": "Прочие" }, "geometry": { "type": "MultiLineString", "coordinates": [ [ [ 85.912387, 51.9510217 ], [ 85.9128486, 51.9510025 ], [ 85.913375, 51.9510069 ], [ 85.9137036, 51.9511145 ] ] ] } },
{ "type": "Feature", "properties": { "highway": "service", "surface": null, "ref": null, "name": null, "Класс": "Проезды" }, "geometry": { "type": "MultiLineString", "coordinates": [ [ [ 85.9143293, 51.9566319 ], [ 85.9139997, 51.9567315 ], [ 85.913672, 51.9569185 ], [ 85.9139329, 51.9571691 ], [ 85.9138449, 51.9572139 ], [ 85.9140665, 51.9574159 ], [ 85.9139299, 51.9574814 ], [ 85.9141302, 51.9577002 ] ] ] } },
{ "type": "Feature", "properties": { "highway": "service", "surface": null, "ref": null, "name": null, "Класс": "Проезды" }, "geometry": { "type": "MultiLineString", "coordinates": [ [ [ 85.9129789, 51.9569143 ], [ 85.9128375, 51.9570606 ], [ 85.912619, 51.9571653 ], [ 85.9123823, 51.9572794 ] ] ] } },
{ "type": "Feature", "properties": { "highway": "tertiary", "surface": "asphalt", "ref": null, "name": null, "Класс": "Прочие" }, "geometry": { "type": "MultiLineString", "coordinates": [ [ [ 85.9102916, 51.934928 ], [ 85.9099826, 51.9355743 ], [ 85.9099894, 51.9360024 ], [ 85.9102427, 51.9366604 ], [ 85.9103809, 51.9375353 ], [ 85.9105695, 51.9385512 ], [ 85.9107216, 51.9388665 ], [ 85.910849, 51.9391192 ], [ 85.9112148, 51.9395243 ], [ 85.9117494, 51.9400466 ], [ 85.9120387, 51.9403872 ] ] ] } },
{ "type": "Feature", "properties": { "highway": "service", "surface": null, "ref": null, "name": null, "Класс": "Проезды" }, "geometry": { "type": "MultiLineString", "coordinates": [ [ [ 85.9666628, 51.9568881 ], [ 85.9659874, 51.9568986 ], [ 85.965982, 51.9567666 ], [ 85.9666627, 51.9567558 ] ] ] } },
{ "type": "Feature", "properties": { "highway": "service", "surface": null, "ref": null, "name": null, "Класс": "Проезды" }, "geometry": { "type": "MultiLineString", "coordinates": [ [ [ 85.9666628, 51.9568881 ], [ 85.9676348, 51.9568643 ] ] ] } },
{ "type": "Feature", "properties": { "highway": "service", "surface": null, "ref": null, "name": null, "Класс": "Проезды" }, "geometry": { "type": "MultiLineString", "coordinates": [ [ [ 85.9676348, 51.9568643 ], [ 85.9676176, 51.9564967 ], [ 85.9666626, 51.9564768 ] ] ] } },
{ "type": "Feature", "properties": { "highway": "service", "surface": null, "ref": null, "name": null, "Класс": "Проезды" }, "geometry": { "type": "MultiLineString", "coordinates": [ [ [ 85.9676176, 51.9564967 ], [ 85.9676262, 51.956338 ] ] ] } },
{ "type": "Feature", "properties": { "highway": "service", "surface": null, "ref": null, "name": null, "Класс": "Проезды" }, "geometry": { "type": "MultiLineString", "coordinates": [ [ [ 85.9676349, 51.9569653 ], [ 85.9676348, 51.9568643 ] ] ] } },
{ "type": "Feature", "properties": { "highway": "service", "surface": null, "ref": null, "name": null, "Класс": "Проезды" }, "geometry": { "type": "MultiLineString", "coordinates": [ [ [ 85.9652627, 51.9563664 ], [ 85.965283, 51.9561 ] ] ] } },
{ "type": "Feature", "properties": { "highway": "service", "surface": null, "ref": null, "name": null, "Класс": "Проезды" }, "geometry": { "type": "MultiLineString", "coordinates": [ [ [ 85.9361575, 51.9545165 ], [ 85.9353311, 51.9543363 ] ] ] } },
{ "type": "Feature", "properties": { "highway": "service", "surface": null, "ref": null, "name": null, "Класс": "Проезды" }, "geometry": { "type": "MultiLineString", "coordinates": [ [ [ 85.9387892, 51.9539978 ], [ 85.9386314, 51.9542519 ] ] ] } },
{ "type": "Feature", "properties": { "highway": "residential", "surface": null, "ref": null, "name": "Братский переулок", "Класс": "Прочие" }, "geometry": { "type": "MultiLineString", "coordinates": [ [ [ 85.9537526, 51.9777427 ], [ 85.953563, 51.9774331 ] ] ] } },
{ "type": "Feature", "properties": { "highway": "residential", "surface": null, "ref": null, "name": null, "Класс": "Прочие" }, "geometry": { "type": "MultiLineString", "coordinates": [ [ [ 85.9499687, 51.9799484 ], [ 85.9499127, 51.979792 ], [ 85.9508783, 51.9792105 ] ] ] } },
{ "type": "Feature", "properties": { "highway": "residential", "surface": null, "ref": null, "name": "Геодезический переулок", "Класс": "Прочие" }, "geometry": { "type": "MultiLineString", "coordinates": [ [ [ 85.951406, 51.9789027 ], [ 85.9522175, 51.9794614 ] ] ] } },
{ "type": "Feature", "properties": { "highway": "residential", "surface": null, "ref": null, "name": "переулок Газпрома", "Класс": "Прочие" }, "geometry": { "type": "MultiLineString", "coordinates": [ [ [ 85.9508783, 51.9792105 ], [ 85.951406, 51.9789027 ] ] ] } },
{ "type": "Feature", "properties": { "highway": "residential", "surface": null, "ref": null, "name": "Радужный переулок", "Класс": "Прочие" }, "geometry": { "type": "MultiLineString", "coordinates": [ [ [ 85.962201, 51.9777492 ], [ 85.9625931, 51.9776847 ], [ 85.9628464, 51.9776664 ], [ 85.9633669, 51.9776727 ], [ 85.964061, 51.9777859 ], [ 85.9642652, 51.9773521 ] ] ] } },
{ "type": "Feature", "properties": { "highway": "service", "surface": null, "ref": null, "name": null, "Класс": "Проезды" }, "geometry": { "type": "MultiLineString", "coordinates": [ [ [ 85.9322461, 51.9545941 ], [ 85.9325927, 51.9546332 ], [ 85.9324766, 51.9550244 ] ] ] } },
{ "type": "Feature", "properties": { "highway": "service", "surface": null, "ref": null, "name": null, "Класс": "Проезды" }, "geometry": { "type": "MultiLineString", "coordinates": [ [ [ 85.932645, 51.9550447 ], [ 85.9325398, 51.9553798 ] ] ] } },
{ "type": "Feature", "properties": { "highway": "service", "surface": null, "ref": null, "name": null, "Класс": "Проезды" }, "geometry": { "type": "MultiLineString", "coordinates": [ [ [ 85.9326953, 51.9550508 ], [ 85.9337843, 51.955229 ] ] ] } },
{ "type": "Feature", "properties": { "highway": "service", "surface": null, "ref": null, "name": null, "Класс": "Проезды" }, "geometry": { "type": "MultiLineString", "coordinates": [ [ [ 85.9331239, 51.9558974 ], [ 85.9332013, 51.955691 ], [ 85.9333298, 51.9557093 ] ] ] } },
{ "type": "Feature", "properties": { "highway": "service", "surface": null, "ref": null, "name": null, "Класс": "Проезды" }, "geometry": { "type": "MultiLineString", "coordinates": [ [ [ 85.9335049, 51.9559418 ], [ 85.933571, 51.9557404 ], [ 85.9334662, 51.9557274 ] ] ] } },
{ "type": "Feature", "properties": { "highway": "service", "surface": null, "ref": null, "name": null, "Класс": "Проезды" }, "geometry": { "type": "MultiLineString", "coordinates": [ [ [ 85.9291858, 51.9577762 ], [ 85.9298222, 51.9574922 ], [ 85.9302589, 51.9575191 ] ] ] } },
{ "type": "Feature", "properties": { "highway": "service", "surface": null, "ref": null, "name": null, "Класс": "Проезды" }, "geometry": { "type": "MultiLineString", "coordinates": [ [ [ 85.9331998, 51.9571208 ], [ 85.9333921, 51.9573123 ], [ 85.9336779, 51.9574444 ], [ 85.934423, 51.957501 ], [ 85.9346727, 51.9575293 ], [ 85.9358979, 51.9576677 ] ] ] } },
{ "type": "Feature", "properties": { "highway": "service", "surface": null, "ref": null, "name": null, "Класс": "Проезды" }, "geometry": { "type": "MultiLineString", "coordinates": [ [ [ 85.9346727, 51.9575293 ], [ 85.9344944, 51.9580231 ] ] ] } },
{ "type": "Feature", "properties": { "highway": "service", "surface": null, "ref": null, "name": null, "Класс": "Проезды" }, "geometry": { "type": "MultiLineString", "coordinates": [ [ [ 85.9638422, 51.9592885 ], [ 85.9643027, 51.9592773 ] ] ] } },
{ "type": "Feature", "properties": { "highway": "service", "surface": null, "ref": null, "name": null, "Класс": "Проезды" }, "geometry": { "type": "MultiLineString", "coordinates": [ [ [ 85.9638485, 51.9594101 ], [ 85.964269, 51.9593997 ], [ 85.9643639, 51.9594263 ], [ 85.9644096, 51.9594885 ], [ 85.964438, 51.9605027 ], [ 85.9643063, 51.9605367 ], [ 85.9638755, 51.9605412 ] ] ] } },
{ "type": "Feature", "properties": { "highway": "service", "surface": null, "ref": null, "name": null, "Класс": "Проезды" }, "geometry": { "type": "MultiLineString", "coordinates": [ [ [ 85.9659281, 51.9619342 ], [ 85.9656825, 51.9618408 ], [ 85.9656463, 51.9612565 ], [ 85.9658149, 51.9611135 ], [ 85.9661109, 51.9610177 ] ] ] } },
{ "type": "Feature", "properties": { "highway": "service", "surface": null, "ref": null, "name": null, "Класс": "Проезды" }, "geometry": { "type": "MultiLineString", "coordinates": [ [ [ 85.9638658, 51.9601869 ], [ 85.9629782, 51.9601933 ] ] ] } },
{ "type": "Feature", "properties": { "highway": "service", "surface": null, "ref": null, "name": null, "Класс": "Проезды" }, "geometry": { "type": "MultiLineString", "coordinates": [ [ [ 85.957944, 51.9583489 ], [ 85.9567943, 51.9583656 ] ] ] } },
{ "type": "Feature", "properties": { "highway": "service", "surface": null, "ref": null, "name": null, "Класс": "Проезды" }, "geometry": { "type": "MultiLineString", "coordinates": [ [ [ 85.9473502, 51.9568561 ], [ 85.9471516, 51.9568053 ] ] ] } },
{ "type": "Feature", "properties": { "highway": "service", "surface": null, "ref": null, "name": null, "Класс": "Проезды" }, "geometry": { "type": "MultiLineString", "coordinates": [ [ [ 85.9448203, 51.9569261 ], [ 85.9447283, 51.9568796 ], [ 85.9449104, 51.9566234 ], [ 85.9450373, 51.9566182 ] ] ] } },
{ "type": "Feature", "properties": { "highway": "residential", "surface": null, "ref": null, "name": "Алтайская улица", "Класс": "Прочие" }, "geometry": { "type": "MultiLineString", "coordinates": [ [ [ 85.9287631, 51.9560955 ], [ 85.9285911, 51.9559675 ], [ 85.9284738, 51.9558813 ], [ 85.9284386, 51.9554177 ] ] ] } },
{ "type": "Feature", "properties": { "highway": "residential", "surface": null, "ref": null, "name": "Коммунистический проспект", "Класс": "Прочие" }, "geometry": { "type": "MultiLineString", "coordinates": [ [ [ 85.8989214, 51.9729972 ], [ 85.8986837, 51.9729594 ], [ 85.8984873, 51.9729684 ], [ 85.8983096, 51.973006 ], [ 85.8981121, 51.9730348 ], [ 85.8977651, 51.9730279 ], [ 85.8975417, 51.972995 ] ] ] } },
{ "type": "Feature", "properties": { "highway": "service", "surface": null, "ref": null, "name": null, "Класс": "Проезды" }, "geometry": { "type": "MultiLineString", "coordinates": [ [ [ 85.92145, 51.9565103 ], [ 85.9211984, 51.9566665 ], [ 85.9214469, 51.9568186 ], [ 85.9217007, 51.9566611 ] ] ] } },
{ "type": "Feature", "properties": { "highway": "service", "surface": null, "ref": null, "name": null, "Класс": "Проезды" }, "geometry": { "type": "MultiLineString", "coordinates": [ [ [ 85.9747736, 51.9319765 ], [ 85.9749881, 51.9316912 ] ] ] } },
{ "type": "Feature", "properties": { "highway": "service", "surface": null, "ref": null, "name": null, "Класс": "Проезды" }, "geometry": { "type": "MultiLineString", "coordinates": [ [ [ 85.9759168, 51.9323032 ], [ 85.9760914, 51.9320552 ], [ 85.9752971, 51.9318341 ] ] ] } },
{ "type": "Feature", "properties": { "highway": "service", "surface": null, "ref": null, "name": null, "Класс": "Проезды" }, "geometry": { "type": "MultiLineString", "coordinates": [ [ [ 85.9771681, 51.934102 ], [ 85.9766342, 51.9348447 ] ] ] } },
{ "type": "Feature", "properties": { "highway": "service", "surface": "ground", "ref": null, "name": null, "Класс": "Проезды" }, "geometry": { "type": "MultiLineString", "coordinates": [ [ [ 85.9038249, 51.9604977 ], [ 85.9039792, 51.9604192 ], [ 85.9041127, 51.9602947 ], [ 85.9042751, 51.9601879 ], [ 85.9044592, 51.9600501 ], [ 85.9045529, 51.9599286 ] ] ] } },
{ "type": "Feature", "properties": { "highway": "track", "surface": null, "ref": null, "name": null, "Класс": "Прочие" }, "geometry": { "type": "MultiLineString", "coordinates": [ [ [ 85.9013143, 51.9607261 ], [ 85.9011141, 51.9605342 ], [ 85.9008774, 51.9602313 ], [ 85.9005254, 51.9599658 ], [ 85.9000095, 51.9596666 ], [ 85.8994808, 51.9591214 ] ] ] } },
{ "type": "Feature", "properties": { "highway": "service", "surface": null, "ref": null, "name": null, "Класс": "Проезды" }, "geometry": { "type": "MultiLineString", "coordinates": [ [ [ 85.9584986, 51.9570362 ], [ 85.9584957, 51.9564941 ], [ 85.9588908, 51.9556637 ], [ 85.9590407, 51.955325 ] ] ] } },
{ "type": "Feature", "properties": { "highway": "service", "surface": null, "ref": null, "name": null, "Класс": "Проезды" }, "geometry": { "type": "MultiLineString", "coordinates": [ [ [ 85.9588908, 51.9556637 ], [ 85.9591387, 51.9556994 ], [ 85.9592894, 51.9553555 ] ] ] } },
{ "type": "Feature", "properties": { "highway": "service", "surface": null, "ref": null, "name": null, "Класс": "Проезды" }, "geometry": { "type": "MultiLineString", "coordinates": [ [ [ 85.9798566, 51.9751861 ], [ 85.9795036, 51.9749372 ], [ 85.9789599, 51.97471 ], [ 85.9787463, 51.9745784 ], [ 85.9789599, 51.974387 ], [ 85.97929, 51.9742673 ], [ 85.979807, 51.9736271 ] ] ] } },
{ "type": "Feature", "properties": { "highway": "service", "surface": null, "ref": null, "name": null, "Класс": "Проезды" }, "geometry": { "type": "MultiLineString", "coordinates": [ [ [ 85.9767617, 51.9750731 ], [ 85.975445, 51.9743032 ], [ 85.9753673, 51.9740281 ], [ 85.9755615, 51.9739085 ], [ 85.9767461, 51.9733701 ] ] ] } },
{ "type": "Feature", "properties": { "highway": "service", "surface": null, "ref": null, "name": null, "Класс": "Проезды" }, "geometry": { "type": "MultiLineString", "coordinates": [ [ [ 85.975042, 51.9750258 ], [ 85.9738526, 51.9739324 ], [ 85.9738138, 51.9738008 ], [ 85.9747653, 51.9733103 ] ] ] } },
{ "type": "Feature", "properties": { "highway": "service", "surface": null, "ref": null, "name": null, "Класс": "Проезды" }, "geometry": { "type": "MultiLineString", "coordinates": [ [ [ 85.9736583, 51.974984 ], [ 85.9724992, 51.9738634 ], [ 85.9724486, 51.9736973 ], [ 85.9731567, 51.973043 ] ] ] } },
{ "type": "Feature", "properties": { "highway": "residential", "surface": null, "ref": null, "name": null, "Класс": "Прочие" }, "geometry": { "type": "MultiLineString", "coordinates": [ [ [ 85.9003023, 51.970153 ], [ 85.9005643, 51.9702689 ] ] ] } },
{ "type": "Feature", "properties": { "highway": "service", "surface": null, "ref": null, "name": null, "Класс": "Проезды" }, "geometry": { "type": "MultiLineString", "coordinates": [ [ [ 85.9689477, 51.9237079 ], [ 85.9687003, 51.9233106 ], [ 85.9688454, 51.9229145 ], [ 85.9691326, 51.9224041 ], [ 85.9690821, 51.9213584 ], [ 85.9687947, 51.9209313 ] ] ] } },
{ "type": "Feature", "properties": { "highway": "residential", "surface": null, "ref": null, "name": "Янсона улица", "Класс": "Прочие" }, "geometry": { "type": "MultiLineString", "coordinates": [ [ [ 85.9688454, 51.9229145 ], [ 85.9700035, 51.9233281 ], [ 85.9701257, 51.923637 ], [ 85.9707887, 51.9240757 ], [ 85.9715016, 51.924365 ], [ 85.9723091, 51.924373 ] ] ] } },
{ "type": "Feature", "properties": { "highway": "residential", "surface": null, "ref": null, "name": "Чунижекова улица", "Класс": "Прочие" }, "geometry": { "type": "MultiLineString", "coordinates": [ [ [ 85.9691326, 51.9224041 ], [ 85.9697144, 51.9227099 ], [ 85.9704036, 51.9228546 ], [ 85.9708692, 51.9234488 ], [ 85.9714899, 51.9238916 ], [ 85.9725906, 51.9239674 ] ] ] } },
{ "type": "Feature", "properties": { "highway": "unclassified", "surface": "asphalt", "ref": null, "name": null, "Класс": "Прочие" }, "geometry": { "type": "MultiLineString", "coordinates": [ [ [ 85.9115733, 51.9691418 ], [ 85.9118209, 51.9695242 ], [ 85.9120819, 51.9699398 ], [ 85.9121519, 51.9700337 ], [ 85.912795, 51.9699221 ], [ 85.9129685, 51.9702963 ] ] ] } },
{ "type": "Feature", "properties": { "highway": "service", "surface": null, "ref": null, "name": null, "Класс": "Проезды" }, "geometry": { "type": "MultiLineString", "coordinates": [ [ [ 85.9028361, 51.9677599 ], [ 85.9031827, 51.9675114 ] ] ] } },
{ "type": "Feature", "properties": { "highway": "service", "surface": null, "ref": null, "name": null, "Класс": "Проезды" }, "geometry": { "type": "MultiLineString", "coordinates": [ [ [ 85.9016477, 51.9678082 ], [ 85.9018268, 51.967901 ], [ 85.9014949, 51.9681443 ] ] ] } },
{ "type": "Feature", "properties": { "highway": "service", "surface": null, "ref": null, "name": null, "Класс": "Проезды" }, "geometry": { "type": "MultiLineString", "coordinates": [ [ [ 85.9018268, 51.967901 ], [ 85.9023452, 51.9675211 ], [ 85.902364, 51.9675171 ], [ 85.9023824, 51.9675213 ], [ 85.9026862, 51.9676811 ] ] ] } },
{ "type": "Feature", "properties": { "highway": "service", "surface": "asphalt", "ref": null, "name": null, "Класс": "Проезды" }, "geometry": { "type": "MultiLineString", "coordinates": [ [ [ 85.902669, 51.9671136 ], [ 85.902685, 51.9671629 ], [ 85.9026842, 51.9671739 ], [ 85.9026779, 51.9671827 ], [ 85.9025215, 51.9672974 ], [ 85.9025073, 51.9673049 ], [ 85.9024858, 51.9673069 ], [ 85.9023762, 51.9673026 ] ] ] } },
{ "type": "Feature", "properties": { "highway": "service", "surface": "asphalt", "ref": null, "name": null, "Класс": "Проезды" }, "geometry": { "type": "MultiLineString", "coordinates": [ [ [ 85.9036712, 51.9670814 ], [ 85.9032957, 51.9673258 ] ] ] } },
{ "type": "Feature", "properties": { "highway": "service", "surface": null, "ref": null, "name": null, "Класс": "Проезды" }, "geometry": { "type": "MultiLineString", "coordinates": [ [ [ 85.9316299, 51.9566964 ], [ 85.9313241, 51.9566144 ], [ 85.9311814, 51.9565403 ], [ 85.9311375, 51.9565218 ], [ 85.9311611, 51.9564279 ] ] ] } },
{ "type": "Feature", "properties": { "highway": "service", "surface": null, "ref": null, "name": null, "Класс": "Проезды" }, "geometry": { "type": "MultiLineString", "coordinates": [ [ [ 85.9416315, 51.9545752 ], [ 85.9418653, 51.9544912 ], [ 85.9423967, 51.9545148 ], [ 85.9424779, 51.9544889 ] ] ] } },
{ "type": "Feature", "properties": { "highway": "service", "surface": null, "ref": null, "name": null, "Класс": "Проезды" }, "geometry": { "type": "MultiLineString", "coordinates": [ [ [ 85.9442928, 51.9544152 ], [ 85.9444369, 51.954133 ], [ 85.9444617, 51.9541167 ], [ 85.9445077, 51.9541101 ] ] ] } },
{ "type": "Feature", "properties": { "highway": "service", "surface": "asphalt", "ref": null, "name": null, "Класс": "Проезды" }, "geometry": { "type": "MultiLineString", "coordinates": [ [ [ 85.9051339, 51.9655664 ], [ 85.9050436, 51.9656027 ], [ 85.9051023, 51.9658017 ] ] ] } },
{ "type": "Feature", "properties": { "highway": "service", "surface": null, "ref": null, "name": null, "Класс": "Проезды" }, "geometry": { "type": "MultiLineString", "coordinates": [ [ [ 85.9066312, 51.9648468 ], [ 85.9065343, 51.9648531 ], [ 85.9062432, 51.9646145 ] ] ] } },
{ "type": "Feature", "properties": { "highway": "service", "surface": null, "ref": null, "name": null, "Класс": "Проезды" }, "geometry": { "type": "MultiLineString", "coordinates": [ [ [ 85.9656637, 51.9502663 ], [ 85.9653082, 51.9500527 ], [ 85.9652096, 51.9500351 ], [ 85.9648204, 51.9501486 ] ] ] } },
{ "type": "Feature", "properties": { "highway": "service", "surface": null, "ref": null, "name": null, "Класс": "Проезды" }, "geometry": { "type": "MultiLineString", "coordinates": [ [ [ 85.9697539, 51.9569158 ], [ 85.9697493, 51.9564706 ], [ 85.9699699, 51.9562319 ], [ 85.9701457, 51.9561106 ], [ 85.9703752, 51.9560078 ], [ 85.9705987, 51.9558866 ], [ 85.9707358, 51.9557543 ], [ 85.9708103, 51.9556074 ], [ 85.9708759, 51.9552823 ] ] ] } },
{ "type": "Feature", "properties": { "highway": "service", "surface": "asphalt", "ref": null, "name": null, "Класс": "Проезды" }, "geometry": { "type": "MultiLineString", "coordinates": [ [ [ 85.9673057, 51.9520886 ], [ 85.9673059, 51.9520459 ], [ 85.9673059, 51.9520245 ], [ 85.9673082, 51.9514692 ], [ 85.9672953, 51.9514372 ], [ 85.9672564, 51.9514164 ], [ 85.9668672, 51.951378 ], [ 85.9665818, 51.9513701 ], [ 85.9665351, 51.9513844 ], [ 85.9665221, 51.9514196 ], [ 85.9665387, 51.9519071 ], [ 85.9665414, 51.9519855 ], [ 85.966544, 51.952063 ], [ 85.9665456, 51.9521082 ] ] ] } },
{ "type": "Feature", "properties": { "highway": "service", "surface": "asphalt", "ref": null, "name": null, "Класс": "Проезды" }, "geometry": { "type": "MultiLineString", "coordinates": [ [ [ 85.9661364, 51.9519155 ], [ 85.9665387, 51.9519071 ] ] ] } },
{ "type": "Feature", "properties": { "highway": "service", "surface": null, "ref": null, "name": null, "Класс": "Проезды" }, "geometry": { "type": "MultiLineString", "coordinates": [ [ [ 85.9599499, 51.9609295 ], [ 85.9599532, 51.9607139 ], [ 85.9599306, 51.9606513 ], [ 85.959898, 51.9606156 ], [ 85.9598262, 51.9605916 ], [ 85.9591621, 51.9605912 ], [ 85.9591275, 51.9593601 ], [ 85.9590708, 51.9593215 ], [ 85.9590053, 51.9593032 ], [ 85.9583019, 51.959305 ], [ 85.9582971, 51.9587574 ] ] ] } },
{ "type": "Feature", "properties": { "highway": "service", "surface": null, "ref": null, "name": null, "Класс": "Проезды" }, "geometry": { "type": "MultiLineString", "coordinates": [ [ [ 85.9598262, 51.9605916 ], [ 85.9598232, 51.9601032 ], [ 85.9602097, 51.9601032 ], [ 85.9602103, 51.9598438 ], [ 85.9602108, 51.959631 ] ] ] } },
{ "type": "Feature", "properties": { "highway": "service", "surface": null, "ref": null, "name": null, "Класс": "Проезды" }, "geometry": { "type": "MultiLineString", "coordinates": [ [ [ 85.9602097, 51.9601032 ], [ 85.9602038, 51.9605353 ] ] ] } },
{ "type": "Feature", "properties": { "highway": "service", "surface": null, "ref": null, "name": null, "Класс": "Проезды" }, "geometry": { "type": "MultiLineString", "coordinates": [ [ [ 85.9609544, 51.9598479 ], [ 85.9602103, 51.9598438 ] ] ] } },
{ "type": "Feature", "properties": { "highway": "service", "surface": null, "ref": null, "name": null, "Класс": "Проезды" }, "geometry": { "type": "MultiLineString", "coordinates": [ [ [ 85.9578742, 51.9584717 ], [ 85.9584455, 51.958471 ] ] ] } },
{ "type": "Feature", "properties": { "highway": "service", "surface": null, "ref": null, "name": null, "Класс": "Проезды" }, "geometry": { "type": "MultiLineString", "coordinates": [ [ [ 85.9506369, 51.9346362 ], [ 85.9504812, 51.9345451 ], [ 85.9502748, 51.9344403 ], [ 85.9500472, 51.9343075 ], [ 85.9499074, 51.9342394 ], [ 85.9497589, 51.9341671 ], [ 85.9494191, 51.9339407 ], [ 85.9491945, 51.933806 ], [ 85.9491242, 51.9337634 ], [ 85.9486817, 51.9334954 ], [ 85.9485048, 51.9332954 ], [ 85.9482161, 51.9329572 ], [ 85.9478624, 51.9324588 ], [ 85.9476531, 51.9322184 ], [ 85.9469602, 51.9318713 ] ] ] } },
{ "type": "Feature", "properties": { "highway": "service", "surface": null, "ref": null, "name": null, "Класс": "Проезды" }, "geometry": { "type": "MultiLineString", "coordinates": [ [ [ 85.9499074, 51.9342394 ], [ 85.9499712, 51.9341132 ], [ 85.9502008, 51.9340503 ], [ 85.9506652, 51.9336443 ], [ 85.9508235, 51.9333832 ], [ 85.9509153, 51.9329552 ], [ 85.9509664, 51.9324643 ], [ 85.9511297, 51.9318822 ], [ 85.950951, 51.9318192 ] ] ] } },
{ "type": "Feature", "properties": { "highway": "service", "surface": null, "ref": null, "name": null, "Класс": "Проезды" }, "geometry": { "type": "MultiLineString", "coordinates": [ [ [ 85.9484031, 51.9352312 ], [ 85.9477325, 51.9349864 ], [ 85.947184, 51.9346705 ], [ 85.9466066, 51.934399 ], [ 85.9461519, 51.9339941 ], [ 85.9451125, 51.9331797 ] ] ] } },
{ "type": "Feature", "properties": { "highway": "service", "surface": null, "ref": null, "name": null, "Класс": "Проезды" }, "geometry": { "type": "MultiLineString", "coordinates": [ [ [ 85.9499712, 51.9341132 ], [ 85.9499699, 51.9339629 ], [ 85.9500349, 51.933816 ], [ 85.9499916, 51.9336469 ], [ 85.9500276, 51.9334778 ] ] ] } },
{ "type": "Feature", "properties": { "highway": "service", "surface": null, "ref": null, "name": null, "Класс": "Проезды" }, "geometry": { "type": "MultiLineString", "coordinates": [ [ [ 85.9491242, 51.9337634 ], [ 85.9492337, 51.9334956 ], [ 85.9492987, 51.9332286 ], [ 85.9492265, 51.9328949 ], [ 85.9486996, 51.9318402 ] ] ] } },
{ "type": "Feature", "properties": { "highway": "service", "surface": null, "ref": null, "name": null, "Класс": "Проезды" }, "geometry": { "type": "MultiLineString", "coordinates": [ [ [ 85.9770088, 51.9693566 ], [ 85.9771857, 51.9692273 ], [ 85.9771987, 51.9691149 ], [ 85.9769968, 51.9690427 ], [ 85.9766386, 51.9689905 ] ] ] } },
{ "type": "Feature", "properties": { "highway": "service", "surface": null, "ref": null, "name": null, "Класс": "Проезды" }, "geometry": { "type": "MultiLineString", "coordinates": [ [ [ 85.9791578, 51.9718483 ], [ 85.9786798, 51.9722315 ], [ 85.9779684, 51.9723864 ], [ 85.9775423, 51.9724557 ], [ 85.9773421, 51.9724211 ], [ 85.9769889, 51.9723601 ], [ 85.9768423, 51.9723324 ], [ 85.9762735, 51.9723554 ], [ 85.9758197, 51.9724075 ], [ 85.9756894, 51.9723997 ], [ 85.9751043, 51.9723648 ], [ 85.9746582, 51.9722464 ], [ 85.9729547, 51.9724317 ], [ 85.9719581, 51.9725402 ], [ 85.9718581, 51.9724501 ], [ 85.9722043, 51.9718151 ], [ 85.972112, 51.9716493 ], [ 85.9713812, 51.9718104 ], [ 85.9710987, 51.9718254 ], [ 85.9709351, 51.9718341 ], [ 85.9687712, 51.971853 ] ] ] } },
{ "type": "Feature", "properties": { "highway": "service", "surface": null, "ref": null, "name": null, "Класс": "Проезды" }, "geometry": { "type": "MultiLineString", "coordinates": [ [ [ 85.9733067, 51.970771 ], [ 85.9735043, 51.9714976 ], [ 85.9734658, 51.9716777 ], [ 85.9729547, 51.9724317 ] ] ] } },
{ "type": "Feature", "properties": { "highway": "service", "surface": null, "ref": null, "name": null, "Класс": "Проезды" }, "geometry": { "type": "MultiLineString", "coordinates": [ [ [ 85.9746582, 51.9722464 ], [ 85.9749659, 51.9716682 ], [ 85.9749351, 51.9715071 ], [ 85.9745559, 51.9709227 ] ] ] } },
{ "type": "Feature", "properties": { "highway": "service", "surface": null, "ref": null, "name": null, "Класс": "Проезды" }, "geometry": { "type": "MultiLineString", "coordinates": [ [ [ 85.972112, 51.9716493 ], [ 85.9716934, 51.9710454 ] ] ] } },
{ "type": "Feature", "properties": { "highway": "service", "surface": null, "ref": null, "name": null, "Класс": "Проезды" }, "geometry": { "type": "MultiLineString", "coordinates": [ [ [ 85.9705658, 51.971237 ], [ 85.9706616, 51.9713507 ], [ 85.9709966, 51.9717488 ], [ 85.9710987, 51.9718254 ], [ 85.9710658, 51.9719478 ], [ 85.9708966, 51.9721232 ], [ 85.9705505, 51.972725 ] ] ] } },
{ "type": "Feature", "properties": { "highway": "service", "surface": null, "ref": null, "name": null, "Класс": "Проезды" }, "geometry": { "type": "MultiLineString", "coordinates": [ [ [ 85.9756894, 51.9723997 ], [ 85.9762274, 51.9718341 ], [ 85.9762505, 51.9717062 ], [ 85.9757636, 51.9708967 ] ] ] } },
{ "type": "Feature", "properties": { "highway": "service", "surface": null, "ref": null, "name": null, "Класс": "Проезды" }, "geometry": { "type": "MultiLineString", "coordinates": [ [ [ 85.9773421, 51.9724211 ], [ 85.9776274, 51.9720331 ], [ 85.9778197, 51.9717725 ], [ 85.9778043, 51.9714976 ], [ 85.977854, 51.9711445 ] ] ] } },
{ "type": "Feature", "properties": { "highway": "service", "surface": null, "ref": null, "name": null, "Класс": "Проезды" }, "geometry": { "type": "MultiLineString", "coordinates": [ [ [ 85.9722723, 51.9749312 ], [ 85.971912, 51.9745304 ], [ 85.9713043, 51.9741276 ], [ 85.9710966, 51.9738054 ], [ 85.9711505, 51.9736348 ], [ 85.9716889, 51.9731894 ] ] ] } },
{ "type": "Feature", "properties": { "highway": "service", "surface": null, "ref": null, "name": null, "Класс": "Проезды" }, "geometry": { "type": "MultiLineString", "coordinates": [ [ [ 85.9905988, 51.967197 ], [ 85.990393, 51.9674969 ], [ 85.9902744, 51.9676704 ] ] ] } },
{ "type": "Feature", "properties": { "highway": "service", "surface": null, "ref": null, "name": null, "Класс": "Проезды" }, "geometry": { "type": "MultiLineString", "coordinates": [ [ [ 85.9882673, 51.9678994 ], [ 85.9884238, 51.9677779 ], [ 85.9886652, 51.9674308 ] ] ] } },
{ "type": "Feature", "properties": { "highway": "service", "surface": null, "ref": null, "name": null, "Класс": "Проезды" }, "geometry": { "type": "MultiLineString", "coordinates": [ [ [ 85.9870591, 51.9675857 ], [ 85.9875709, 51.9672656 ] ] ] } },
{ "type": "Feature", "properties": { "highway": "service", "surface": null, "ref": null, "name": null, "Класс": "Проезды" }, "geometry": { "type": "MultiLineString", "coordinates": [ [ [ 85.9690401, 51.9582596 ], [ 85.9690431, 51.9584079 ], [ 85.9690552, 51.9584393 ], [ 85.9690819, 51.9584575 ], [ 85.9707278, 51.959251 ] ] ] } },
{ "type": "Feature", "properties": { "highway": "service", "surface": "asphalt", "ref": null, "name": null, "Класс": "Проезды" }, "geometry": { "type": "MultiLineString", "coordinates": [ [ [ 85.9687901, 51.957591 ], [ 85.9691143, 51.9575845 ], [ 85.9697609, 51.9575716 ] ] ] } },
{ "type": "Feature", "properties": { "highway": "service", "surface": "asphalt", "ref": null, "name": null, "Класс": "Проезды" }, "geometry": { "type": "MultiLineString", "coordinates": [ [ [ 85.9691259, 51.958135 ], [ 85.9691196, 51.9578381 ], [ 85.9691143, 51.9575845 ] ] ] } },
{ "type": "Feature", "properties": { "highway": "service", "surface": "asphalt", "ref": null, "name": null, "Класс": "Проезды" }, "geometry": { "type": "MultiLineString", "coordinates": [ [ [ 85.9688002, 51.9578406 ], [ 85.9691196, 51.9578381 ] ] ] } },
{ "type": "Feature", "properties": { "highway": "service", "surface": null, "ref": null, "name": null, "Класс": "Проезды" }, "geometry": { "type": "MultiLineString", "coordinates": [ [ [ 85.9663828, 51.9602468 ], [ 85.9662811, 51.960051 ], [ 85.9662553, 51.9599265 ], [ 85.9662705, 51.9597513 ] ] ] } },
{ "type": "Feature", "properties": { "highway": "service", "surface": null, "ref": null, "name": null, "Класс": "Проезды" }, "geometry": { "type": "MultiLineString", "coordinates": [ [ [ 85.9686214, 51.959301 ], [ 85.9687563, 51.9593291 ], [ 85.9697258, 51.9593442 ] ] ] } },
{ "type": "Feature", "properties": { "highway": "service", "surface": "asphalt", "ref": null, "name": null, "Класс": "Проезды" }, "geometry": { "type": "MultiLineString", "coordinates": [ [ [ 85.9703836, 51.9598901 ], [ 85.9707105, 51.9596519 ], [ 85.9707132, 51.9595185 ], [ 85.970727, 51.9593587 ] ] ] } },
{ "type": "Feature", "properties": { "highway": "service", "surface": null, "ref": null, "name": null, "Класс": "Проезды" }, "geometry": { "type": "MultiLineString", "coordinates": [ [ [ 85.9665299, 51.960771 ], [ 85.966033, 51.9607711 ], [ 85.9659927, 51.9608751 ] ] ] } },
{ "type": "Feature", "properties": { "highway": "residential", "surface": null, "ref": null, "name": "Сосновая улица", "Класс": "Прочие" }, "geometry": { "type": "MultiLineString", "coordinates": [ [ [ 86.0015886, 51.9680482 ], [ 86.0018433, 51.9677015 ], [ 86.0020266, 51.9675106 ], [ 86.0025884, 51.9672621 ], [ 86.0034853, 51.9668858 ], [ 86.0037485, 51.9667489 ], [ 86.0040776, 51.9666171 ], [ 86.0041987, 51.9664836 ] ] ] } },
{ "type": "Feature", "properties": { "highway": "service", "surface": null, "ref": null, "name": null, "Класс": "Проезды" }, "geometry": { "type": "MultiLineString", "coordinates": [ [ [ 85.8883603, 51.9716812 ], [ 85.8880127, 51.9718163 ], [ 85.8876973, 51.9719118 ], [ 85.8867263, 51.9718887 ], [ 85.8865037, 51.9718738 ], [ 85.8863454, 51.9718127 ], [ 85.8863025, 51.97173 ], [ 85.8863562, 51.9716309 ], [ 85.8853369, 51.9712905 ] ] ] } },
{ "type": "Feature", "properties": { "highway": "service", "surface": null, "ref": null, "name": "улица Хвойная", "Класс": "Проезды" }, "geometry": { "type": "MultiLineString", "coordinates": [ [ [ 85.9184068, 51.9286156 ], [ 85.9192523, 51.9285967 ], [ 85.9202126, 51.9286265 ], [ 85.9204915, 51.9287687 ], [ 85.9201428, 51.9294039 ], [ 85.9200194, 51.9297777 ], [ 85.920175, 51.9305484 ], [ 85.9207812, 51.9311636 ], [ 85.9209155, 51.9313642 ], [ 85.920985, 51.9314679 ], [ 85.9214875, 51.9321752 ], [ 85.9215912, 51.9323213 ], [ 85.9220096, 51.9327116 ], [ 85.922099, 51.932831 ], [ 85.9221706, 51.9329266 ], [ 85.9221062, 51.9330754 ], [ 85.9218433, 51.9332243 ], [ 85.9212482, 51.9334159 ] ] ] } },
{ "type": "Feature", "properties": { "highway": "service", "surface": null, "ref": null, "name": "переулок Ровный", "Класс": "Проезды" }, "geometry": { "type": "MultiLineString", "coordinates": [ [ [ 85.9214875, 51.9321752 ], [ 85.9218058, 51.9321592 ], [ 85.9228894, 51.9322882 ] ] ] } },
{ "type": "Feature", "properties": { "highway": "service", "surface": null, "ref": null, "name": null, "Класс": "Проезды" }, "geometry": { "type": "MultiLineString", "coordinates": [ [ [ 85.9207812, 51.9311636 ], [ 85.921264, 51.9306972 ], [ 85.922648, 51.9309122 ], [ 85.9234741, 51.9309652 ], [ 85.923796, 51.931028 ], [ 85.923973, 51.9312397 ], [ 85.923973, 51.9313985 ], [ 85.9237299, 51.9317339 ], [ 85.9236565, 51.9318351 ], [ 85.9232971, 51.9320799 ], [ 85.9228894, 51.9322882 ], [ 85.9224227, 51.9324966 ], [ 85.9222564, 51.9326058 ], [ 85.922099, 51.932831 ] ] ] } },
{ "type": "Feature", "properties": { "highway": "service", "surface": null, "ref": null, "name": null, "Класс": "Проезды" }, "geometry": { "type": "MultiLineString", "coordinates": [ [ [ 85.9209155, 51.9313642 ], [ 85.9217039, 51.9314382 ], [ 85.9237299, 51.9317339 ] ] ] } },
{ "type": "Feature", "properties": { "highway": "track", "surface": null, "ref": null, "name": null, "Класс": "Прочие" }, "geometry": { "type": "MultiLineString", "coordinates": [ [ [ 85.8866125, 51.9797706 ], [ 85.8866072, 51.9796863 ], [ 85.8865482, 51.9794087 ], [ 85.8865106, 51.9789792 ], [ 85.8865428, 51.9787578 ] ] ] } },
{ "type": "Feature", "properties": { "highway": "track", "surface": null, "ref": null, "name": null, "Класс": "Прочие" }, "geometry": { "type": "MultiLineString", "coordinates": [ [ [ 85.8863926, 51.9799242 ], [ 85.8866125, 51.9797706 ], [ 85.8868647, 51.9796731 ], [ 85.887047, 51.9796367 ], [ 85.8873796, 51.9795673 ], [ 85.8877605, 51.9795409 ], [ 85.8880609, 51.9795541 ], [ 85.8883882, 51.979531 ], [ 85.8888227, 51.9794715 ], [ 85.8890855, 51.9794253 ], [ 85.8893162, 51.9793988 ] ] ] } },
{ "type": "Feature", "properties": { "highway": "track", "surface": null, "ref": null, "name": null, "Класс": "Прочие" }, "geometry": { "type": "MultiLineString", "coordinates": [ [ [ 85.8869237, 51.9814309 ], [ 85.8870095, 51.981302 ], [ 85.8870202, 51.9812591 ], [ 85.8870256, 51.9811038 ], [ 85.887031, 51.980932 ], [ 85.8869344, 51.980704 ], [ 85.8867091, 51.9804429 ], [ 85.8864945, 51.9801125 ], [ 85.8864301, 51.9800134 ], [ 85.8863926, 51.9799242 ], [ 85.8862317, 51.9796301 ], [ 85.8861834, 51.9794748 ], [ 85.8860868, 51.9792171 ], [ 85.8859634, 51.9791081 ], [ 85.8857167, 51.9789924 ], [ 85.8854377, 51.9788305 ], [ 85.8848798, 51.9785662 ], [ 85.8845472, 51.9784043 ] ] ] } },
{ "type": "Feature", "properties": { "highway": "service", "surface": null, "ref": null, "name": null, "Класс": "Проезды" }, "geometry": { "type": "MultiLineString", "coordinates": [ [ [ 85.9111574, 51.9450845 ], [ 85.9119692, 51.9451183 ] ] ] } },
{ "type": "Feature", "properties": { "highway": null, "surface": null, "ref": null, "name": null, "Класс": "Прочие" }, "geometry": { "type": "MultiLineString", "coordinates": [ [ [ 85.8898598, 51.9640535 ], [ 85.889843456306963, 51.963930225285637 ], [ 85.889933914405688, 51.963717231993215 ], [ 85.890605888853543, 51.963386791798136 ], [ 85.891491085962741, 51.963295223602181 ], [ 85.891978913566703, 51.963175786543722 ] ] ] } },
{ "type": "Feature", "properties": { "highway": null, "surface": null, "ref": null, "name": null, "Класс": "Прочие" }, "geometry": { "type": "MultiLineString", "coordinates": [ [ [ 85.967701984217257, 51.929878244890133 ], [ 85.967381392505075, 51.929981854010421 ], [ 85.966916179425795, 51.930125284556524 ], [ 85.966166669464741, 51.930081458604967 ] ] ] } },
{ "type": "Feature", "properties": { "highway": "service", "surface": null, "ref": null, "name": null, "Класс": "Проезды" }, "geometry": { "type": "MultiLineString", "coordinates": [ [ [ 85.9508854, 51.9561803 ], [ 85.9504241, 51.9561539 ], [ 85.9498477, 51.956142 ] ] ] } },
{ "type": "Feature", "properties": { "highway": "service", "surface": null, "ref": null, "name": null, "Класс": "Проезды" }, "geometry": { "type": "MultiLineString", "coordinates": [ [ [ 85.9529558, 51.9559742 ], [ 85.9530082, 51.9558494 ], [ 85.9529626, 51.9557981 ], [ 85.9529196, 51.9557569 ], [ 85.9521013, 51.9551445 ], [ 85.9520343, 51.9550751 ], [ 85.9517473, 51.9548751 ], [ 85.9516051, 51.9548304 ], [ 85.951176, 51.9548222 ], [ 85.9511474, 51.9548245 ], [ 85.9511205, 51.9548344 ], [ 85.9511071, 51.9548509 ], [ 85.9511044, 51.9548729 ] ] ] } },
{ "type": "Feature", "properties": { "highway": "primary", "surface": "asphalt", "ref": null, "name": "Коммунистический проспект", "Класс": "Главные" }, "geometry": { "type": "MultiLineString", "coordinates": [ [ [ 85.9688273, 51.9586623 ], [ 85.9685862, 51.9586502 ], [ 85.9673828, 51.9586645 ], [ 85.966974, 51.9586711 ], [ 85.9668225, 51.9586724 ], [ 85.9654601, 51.9586814 ], [ 85.9638907, 51.9586934 ], [ 85.9637183, 51.9586928 ], [ 85.9634666, 51.9586974 ], [ 85.9611416, 51.9587222 ], [ 85.9609504, 51.9587251 ], [ 85.960038, 51.9587353 ], [ 85.9597344, 51.9587389 ], [ 85.9582971, 51.9587574 ], [ 85.957813, 51.9587606 ], [ 85.9577297, 51.9587618 ], [ 85.957665, 51.9587631 ], [ 85.9574547, 51.9587656 ], [ 85.9556716, 51.9587953 ], [ 85.955202, 51.9587991 ], [ 85.9518561, 51.9588261 ], [ 85.9516832, 51.9588279 ], [ 85.9508678, 51.9588362 ], [ 85.9507218, 51.9588271 ], [ 85.950275, 51.958823 ], [ 85.9495697, 51.9587454 ], [ 85.9486847, 51.9585737 ], [ 85.947895, 51.9583544 ], [ 85.9471088, 51.9581354 ], [ 85.9446532, 51.9574374 ], [ 85.9444922, 51.9573916 ], [ 85.9442765, 51.9573328 ], [ 85.9418376, 51.9566651 ], [ 85.9415958, 51.9566024 ], [ 85.9408996, 51.9564118 ], [ 85.9405532, 51.9563169 ], [ 85.9391409, 51.9559475 ], [ 85.9379106, 51.9556045 ], [ 85.9378031, 51.9555781 ], [ 85.9371423, 51.9553818 ], [ 85.9357986, 51.9550723 ], [ 85.9352993, 51.954957 ], [ 85.934223, 51.9546985 ], [ 85.9338808, 51.9546293 ], [ 85.9326655, 51.9544147 ], [ 85.9323171, 51.9543532 ], [ 85.9319915, 51.9543074 ], [ 85.9311904, 51.9541947 ] ] ] } },
{ "type": "Feature", "properties": { "highway": "primary", "surface": "asphalt", "ref": null, "name": "Коммунистический проспект", "Класс": "Главные" }, "geometry": { "type": "MultiLineString", "coordinates": [ [ [ 85.9688273, 51.9586623 ], [ 85.9685862, 51.9586502 ], [ 85.9673828, 51.9586645 ], [ 85.966974, 51.9586711 ], [ 85.9668225, 51.9586724 ], [ 85.9654601, 51.9586814 ], [ 85.9638907, 51.9586934 ], [ 85.9637183, 51.9586928 ], [ 85.9634666, 51.9586974 ], [ 85.9611416, 51.9587222 ], [ 85.9609504, 51.9587251 ], [ 85.960038, 51.9587353 ], [ 85.9597344, 51.9587389 ], [ 85.9582971, 51.9587574 ], [ 85.957813, 51.9587606 ], [ 85.9577297, 51.9587618 ], [ 85.957665, 51.9587631 ], [ 85.9574547, 51.9587656 ], [ 85.9556716, 51.9587953 ], [ 85.955202, 51.9587991 ], [ 85.9518561, 51.9588261 ], [ 85.9516832, 51.9588279 ], [ 85.9508678, 51.9588362 ], [ 85.9507218, 51.9588271 ], [ 85.950275, 51.958823 ], [ 85.9495697, 51.9587454 ], [ 85.9486847, 51.9585737 ], [ 85.947895, 51.9583544 ], [ 85.9471088, 51.9581354 ], [ 85.9446532, 51.9574374 ], [ 85.9444922, 51.9573916 ], [ 85.9442765, 51.9573328 ], [ 85.9418376, 51.9566651 ], [ 85.9415958, 51.9566024 ], [ 85.9408996, 51.9564118 ], [ 85.9405532, 51.9563169 ], [ 85.9391409, 51.9559475 ], [ 85.9379106, 51.9556045 ], [ 85.9378031, 51.9555781 ], [ 85.9371423, 51.9553818 ], [ 85.9357986, 51.9550723 ], [ 85.9352993, 51.954957 ], [ 85.934223, 51.9546985 ], [ 85.9338808, 51.9546293 ], [ 85.9326655, 51.9544147 ], [ 85.9323171, 51.9543532 ], [ 85.9319915, 51.9543074 ], [ 85.9311904, 51.9541947 ] ] ] } }
]
}
