{
"type": "FeatureCollection",
"name": "Rastitelnost",
"crs": { "type": "name", "properties": { "name": "urn:ogc:def:crs:OGC:1.3:CRS84" } },
"features": [
{ "type": "Feature", "properties": { "fid": 1, "natural": "wood", "Растительность": null, "Area": 163.32016157876424, "Sum": 3980.1286288703418 }, "geometry": { "type": "MultiPolygon", "coordinates": [ [ [ [ 85.949065, 51.9542899 ], [ 85.9532916, 51.9538828 ], [ 85.951234, 51.9514076 ], [ 85.9506187, 51.9510388 ], [ 85.9505842, 51.9510182 ], [ 85.9506564, 51.9504231 ], [ 85.9508374, 51.9504832 ], [ 85.9513603, 51.9506567 ], [ 85.9523531, 51.9505955 ], [ 85.9546585, 51.9533668 ], [ 85.9550141, 51.9533973 ], [ 85.9553897, 51.9531328 ], [ 85.9555828, 51.9531163 ], [ 85.9556901, 51.9530667 ], [ 85.9557973, 51.9529113 ], [ 85.9558832, 51.952822 ], [ 85.9560978, 51.95267 ], [ 85.9564101, 51.9524078 ], [ 85.9565537, 51.9523393 ], [ 85.9567844, 51.9521344 ], [ 85.9570419, 51.9519525 ], [ 85.9571884, 51.9518196 ], [ 85.9575783, 51.9514996 ], [ 85.9578144, 51.9513772 ], [ 85.9580987, 51.9511789 ], [ 85.9584996, 51.9508621 ], [ 85.958737, 51.9507325 ], [ 85.9590428, 51.9505936 ], [ 85.959413, 51.9503655 ], [ 85.9596597, 51.9502002 ], [ 85.9598529, 51.9500977 ], [ 85.9600443, 51.9498393 ], [ 85.9595378, 51.9495385 ], [ 85.9582193, 51.9497722 ], [ 85.9585121, 51.9494138 ], [ 85.9524579, 51.9472876 ], [ 85.9516169, 51.9470289 ], [ 85.9507973, 51.946876 ], [ 85.949597, 51.9468982 ], [ 85.948893, 51.9467424 ], [ 85.9486042, 51.9470484 ], [ 85.9453462, 51.9462863 ], [ 85.9453643, 51.9460415 ], [ 85.9448438, 51.945567 ], [ 85.9449345, 51.9450516 ], [ 85.9448491, 51.9446029 ], [ 85.9429869, 51.9443766 ], [ 85.9400536, 51.9444176 ], [ 85.9365366, 51.9441478 ], [ 85.936033, 51.9445289 ], [ 85.9355133, 51.9444074 ], [ 85.9355883, 51.9441007 ], [ 85.9358619, 51.9439164 ], [ 85.9356823, 51.943761 ], [ 85.9352827, 51.9433616 ], [ 85.9348153, 51.942826 ], [ 85.9342348, 51.9425344 ], [ 85.9339603, 51.9423931 ], [ 85.9333836, 51.9419267 ], [ 85.9330917, 51.9416783 ], [ 85.932558, 51.9413755 ], [ 85.9318419, 51.9412446 ], [ 85.9312681, 51.9409961 ], [ 85.9304027, 51.9406917 ], [ 85.9298289, 51.9404197 ], [ 85.9294858, 51.940442 ], [ 85.9284991, 51.9401353 ], [ 85.9280754, 51.9401308 ], [ 85.9274158, 51.9401725 ], [ 85.925756, 51.9403261 ], [ 85.9240104, 51.9408303 ], [ 85.9239338, 51.9410872 ], [ 85.9240487, 51.9418032 ], [ 85.9249038, 51.941811 ], [ 85.9254782, 51.9413075 ], [ 85.9262057, 51.9412209 ], [ 85.9264482, 51.9421808 ], [ 85.9270994, 51.9429992 ], [ 85.9277245, 51.9427867 ], [ 85.928155, 51.9432134 ], [ 85.927872, 51.9436374 ], [ 85.9289995, 51.9442471 ], [ 85.9284947, 51.9446157 ], [ 85.9279849, 51.9449081 ], [ 85.9278124, 51.9453495 ], [ 85.9277201, 51.9458312 ], [ 85.9279375, 51.9459421 ], [ 85.9278992, 51.9462193 ], [ 85.9279318, 51.9466441 ], [ 85.9278015, 51.9470321 ], [ 85.9280586, 51.9474662 ], [ 85.9280915, 51.9477126 ], [ 85.9281695, 51.9483521 ], [ 85.9286656, 51.9487697 ], [ 85.9293102, 51.9489684 ], [ 85.9295254, 51.9491497 ], [ 85.9311987, 51.9491562 ], [ 85.9322328, 51.9489267 ], [ 85.9327123, 51.9487611 ], [ 85.9330589, 51.948768 ], [ 85.9335697, 51.9490109 ], [ 85.9335893, 51.9491709 ], [ 85.9349377, 51.9493205 ], [ 85.9351696, 51.94949 ], [ 85.935696, 51.9496271 ], [ 85.9362387, 51.9496405 ], [ 85.9362332, 51.9497776 ], [ 85.9360542, 51.9498947 ], [ 85.9362929, 51.9499382 ], [ 85.9366077, 51.9500151 ], [ 85.9366863, 51.9503908 ], [ 85.9369181, 51.9506747 ], [ 85.9370201, 51.9509383 ], [ 85.9374163, 51.9509283 ], [ 85.9375695, 51.9510764 ], [ 85.9381001, 51.9508346 ], [ 85.9386536, 51.9503228 ], [ 85.9390606, 51.9498378 ], [ 85.9388507, 51.9503999 ], [ 85.9382631, 51.9510719 ], [ 85.9378016, 51.9515872 ], [ 85.9374838, 51.9524368 ], [ 85.9387085, 51.9526995 ], [ 85.94008095425886, 51.952733298692458 ], [ 85.942039431297502, 51.952791892421821 ], [ 85.9431891, 51.9526964 ], [ 85.943845793614656, 51.952461813413876 ], [ 85.9444407, 51.9520846 ], [ 85.9460668, 51.9521695 ], [ 85.9471935, 51.9519962 ], [ 85.9483775, 51.9519959 ], [ 85.9475068, 51.9523008 ], [ 85.947333, 51.9522986 ], [ 85.9468334, 51.9522922 ], [ 85.9449833, 51.9522687 ], [ 85.9443092, 51.9524612 ], [ 85.9440027, 51.9528615 ], [ 85.9439205, 51.9531527 ], [ 85.9445643, 51.9533279 ], [ 85.9450202, 51.9534436 ], [ 85.945444, 51.953577 ], [ 85.9460824, 51.9537907 ], [ 85.9464203, 51.9538899 ], [ 85.9470169, 51.95401 ], [ 85.9470533, 51.9540189 ], [ 85.9479331, 51.9541445 ], [ 85.9482389, 51.9541511 ], [ 85.9488665, 51.9542569 ], [ 85.949065, 51.9542899 ] ] ] ] } },
{ "type": "Feature", "properties": { "fid": 2, "natural": "wood", "Растительность": null, "Area": 22.779017570609785, "Sum": 3980.1286288703418 }, "geometry": { "type": "MultiPolygon", "coordinates": [ [ [ [ 85.9635942, 51.9413722 ], [ 85.9573644, 51.9409484 ], [ 85.9592118, 51.9431202 ], [ 85.9599422, 51.9439148 ], [ 85.9582666, 51.9442591 ], [ 85.9567199, 51.9442061 ], [ 85.9552272, 51.9442617 ], [ 85.9561626, 51.9457798 ], [ 85.9574731, 51.9462015 ], [ 85.9577567, 51.9460447 ], [ 85.9581037, 51.9460878 ], [ 85.9585193, 51.9462074 ], [ 85.9592791, 51.9463949 ], [ 85.9603553, 51.9467725 ], [ 85.9613601, 51.9469869 ], [ 85.962606, 51.9465632 ], [ 85.9630704, 51.9458635 ], [ 85.9637231, 51.9447358 ], [ 85.9637231, 51.9430673 ], [ 85.9637099, 51.9429058 ], [ 85.963938, 51.9427494 ], [ 85.9635942, 51.9413722 ] ], [ [ 85.9620664, 51.941832 ], [ 85.9618739, 51.9415438 ], [ 85.9614065, 51.9415099 ], [ 85.9612965, 51.9419506 ], [ 85.961489, 51.9425439 ], [ 85.960719, 51.943188 ], [ 85.9620664, 51.9437644 ], [ 85.9628088, 51.943527 ], [ 85.9626714, 51.943205 ], [ 85.9621489, 51.9430016 ], [ 85.9618464, 51.9431202 ], [ 85.9620939, 51.9425948 ], [ 85.9620664, 51.941832 ] ] ] ] } },
{ "type": "Feature", "properties": { "fid": 5, "natural": "wood", "Растительность": null, "Area": 556.64426399242427, "Sum": 3980.1286288703418 }, "geometry": { "type": "MultiPolygon", "coordinates": [ [ [ [ 85.956626, 51.9041119 ], [ 85.960845853432303, 51.900619428585799 ], [ 85.9602338, 51.9004263 ], [ 85.9583927, 51.9001996 ], [ 85.9584749, 51.8996292 ], [ 85.9612484, 51.899008 ], [ 85.9611046, 51.8985009 ], [ 85.9592145, 51.8982981 ], [ 85.956482, 51.8991855 ], [ 85.9520444, 51.8995277 ], [ 85.9501223, 51.8994379 ], [ 85.9501368, 51.9 ], [ 85.9199876, 51.9 ], [ 85.9204961, 51.9004379 ], [ 85.9192903, 51.9008682 ], [ 85.9192177, 51.9014418 ], [ 85.919639, 51.9024726 ], [ 85.9171984, 51.9037992 ], [ 85.9175761, 51.9039964 ], [ 85.9201619, 51.9031628 ], [ 85.9205542, 51.9043011 ], [ 85.9190288, 51.9049106 ], [ 85.9198423, 51.9059503 ], [ 85.9194065, 51.906497 ], [ 85.920961, 51.9078145 ], [ 85.9177504, 51.9084956 ], [ 85.9179393, 51.9089079 ], [ 85.9200457, 51.9089079 ], [ 85.9219198, 51.9084239 ], [ 85.9225154, 51.9094277 ], [ 85.9202636, 51.9099027 ], [ 85.9178521, 51.9106375 ], [ 85.916995, 51.9107361 ], [ 85.917242, 51.9110677 ], [ 85.9193048, 51.9110856 ], [ 85.9224573, 51.909831 ], [ 85.9230965, 51.9106555 ], [ 85.9226171, 51.9112559 ], [ 85.922341, 51.9119907 ], [ 85.9230093, 51.9122417 ], [ 85.9235904, 51.9120714 ], [ 85.9248397, 51.9127345 ], [ 85.9246073, 51.9129854 ], [ 85.9225735, 51.9128241 ], [ 85.92176, 51.9132722 ], [ 85.9240698, 51.9137023 ], [ 85.9252901, 51.9133708 ], [ 85.9270479, 51.9136575 ], [ 85.9281084, 51.9143923 ], [ 85.9317257, 51.9148494 ], [ 85.9344132, 51.9147329 ], [ 85.9373187, 51.9143655 ], [ 85.9378811, 51.9140264 ], [ 85.9368128, 51.9124422 ], [ 85.9372032, 51.9118593 ], [ 85.9390111, 51.9118593 ], [ 85.9422777, 51.9108454 ], [ 85.9425037, 51.9100216 ], [ 85.944760057034856, 51.909649774722553 ], [ 85.946669540856561, 51.909079003614409 ], [ 85.9462018, 51.9087795 ], [ 85.9490986, 51.9083866 ], [ 85.9512763, 51.9074994 ], [ 85.9522625, 51.9068149 ], [ 85.9565769, 51.9054587 ], [ 85.957848652120717, 51.904859277624006 ], [ 85.956626, 51.9041119 ] ] ], [ [ [ 85.902640701354287, 51.90030534175758 ], [ 85.9043368, 51.9000713 ], [ 85.9048339, 51.9002633 ], [ 85.9043538, 51.9008558 ], [ 85.90274643069742, 51.900867755259426 ], [ 85.902960681639684, 51.902007435306068 ], [ 85.9051877, 51.9017445 ], [ 85.9055667, 51.9020096 ], [ 85.903082416909356, 51.902654990254234 ], [ 85.903805941544761, 51.906503685534233 ], [ 85.9043498, 51.9067913 ], [ 85.9049931, 51.9067913 ], [ 85.9053862, 51.906196 ], [ 85.9079413, 51.9056117 ], [ 85.9087454, 51.9058763 ], [ 85.9095852, 51.9070889 ], [ 85.9090491, 51.9074306 ], [ 85.9084595, 51.9073204 ], [ 85.9080664, 51.9066259 ], [ 85.9070836, 51.9063724 ], [ 85.9066191, 51.9065047 ], [ 85.9065655, 51.9069676 ], [ 85.9058329, 51.9072432 ], [ 85.9059044, 51.9076952 ], [ 85.9053504, 51.9077724 ], [ 85.903986777465548, 51.90746561871623 ], [ 85.9054577, 51.91529 ], [ 85.895506565290958, 51.917738637996734 ], [ 85.895392, 51.917824 ], [ 85.8925366, 51.9186968 ], [ 85.890793, 51.9189618 ], [ 85.8895801, 51.919367 ], [ 85.8897822, 51.9197722 ], [ 85.8912731, 51.9202086 ], [ 85.8915511, 51.9207697 ], [ 85.8908941, 51.9212372 ], [ 85.8908688, 51.9217048 ], [ 85.8917785, 51.9222658 ], [ 85.8928903, 51.9223125 ], [ 85.8944823, 51.9218138 ], [ 85.8957963, 51.9218606 ], [ 85.8962764, 51.9223281 ], [ 85.8953667, 51.9228268 ], [ 85.8954931, 51.9231697 ], [ 85.8941285, 51.9232788 ], [ 85.8935473, 51.9235904 ], [ 85.8920312, 51.9236372 ], [ 85.8912731, 51.9242605 ], [ 85.891078382208534, 51.925154540659989 ], [ 85.891599991082401, 51.926409376214707 ], [ 85.8920817, 51.9267383 ], [ 85.8931538, 51.9264647 ], [ 85.8935827, 51.9260239 ], [ 85.8950121, 51.9263214 ], [ 85.8964773, 51.92609 ], [ 85.8983534, 51.9252967 ], [ 85.8994434, 51.9246466 ], [ 85.9008192, 51.9242168 ], [ 85.9014268, 51.9237209 ], [ 85.901426799999982, 51.923720899999985 ], [ 85.9031637, 51.9243434 ], [ 85.903947, 51.9252005 ], [ 85.9054379, 51.9259485 ], [ 85.9064234, 51.9258082 ], [ 85.9059433, 51.9247018 ], [ 85.906538, 51.9239639 ], [ 85.9083908, 51.9249787 ], [ 85.909302, 51.925144 ], [ 85.9100882, 51.9247252 ], [ 85.9104992, 51.9238657 ], [ 85.9104099, 51.9229842 ], [ 85.9094629, 51.922312 ], [ 85.909177, 51.9216838 ], [ 85.9105885, 51.9205267 ], [ 85.9112139, 51.9196782 ], [ 85.9106422, 51.9191822 ], [ 85.911071, 51.9180912 ], [ 85.9101776, 51.9171434 ], [ 85.9102669, 51.9163168 ], [ 85.9113926, 51.9160964 ], [ 85.9119465, 51.9166364 ], [ 85.9133938, 51.9162948 ], [ 85.9127684, 51.9135724 ], [ 85.9143944, 51.9124592 ], [ 85.9139835, 51.9072124 ], [ 85.9128399, 51.9036847 ], [ 85.9131973, 51.9022185 ], [ 85.9162706, 51.9011821 ], [ 85.9161634, 51.9000465 ], [ 85.9116428, 51.9013695 ], [ 85.9113613, 51.9 ], [ 85.90258329949009, 51.9 ], [ 85.902640701354287, 51.90030534175758 ] ], [ [ 85.9110278, 51.9057762 ], [ 85.9098653, 51.9058115 ], [ 85.9099987, 51.9055999 ], [ 85.9113517, 51.9052824 ], [ 85.9115042, 51.9050825 ], [ 85.911104, 51.904718 ], [ 85.9103608, 51.9046005 ], [ 85.9104561, 51.9041419 ], [ 85.9103989, 51.9036834 ], [ 85.9106276, 51.9029896 ], [ 85.9103989, 51.9021313 ], [ 85.910761, 51.9021783 ], [ 85.9110659, 51.9033541 ], [ 85.9113327, 51.9040243 ], [ 85.9119997, 51.9051531 ], [ 85.9125523, 51.9057762 ], [ 85.9124952, 51.9060114 ], [ 85.912114, 51.9061054 ], [ 85.9118472, 51.9059878 ], [ 85.9110278, 51.9057762 ] ], [ [ 85.9060116, 51.903462 ], [ 85.9073695, 51.9030431 ], [ 85.9083523, 51.9031533 ], [ 85.9084952, 51.9036605 ], [ 85.90703, 51.9038148 ], [ 85.906494, 51.9039912 ], [ 85.9060116, 51.9038699 ], [ 85.9060116, 51.903462 ] ] ] ] } },
{ "type": "Feature", "properties": { "fid": 6, "natural": "wood", "Растительность": null, "Area": 911.01098931858087, "Sum": 3980.1286288703418 }, "geometry": { "type": "MultiPolygon", "coordinates": [ [ [ [ 86.0435577, 51.9115529 ], [ 86.035633499379301, 51.9143675924213 ], [ 86.0357635, 51.9151294 ], [ 86.0338234, 51.9159093 ], [ 86.032153324578317, 51.915603757696012 ], [ 86.028941053678153, 51.916744762952007 ], [ 86.0292754, 51.917017 ], [ 86.0271531, 51.9182398 ], [ 86.024623306092039, 51.918278435809306 ], [ 86.02419786368489, 51.91842955383072 ], [ 86.023678, 51.9190022 ], [ 86.0239112, 51.9198077 ], [ 86.0223019, 51.9203687 ], [ 86.0210694, 51.9211721 ], [ 86.0213493, 51.9220208 ], [ 86.0223522, 51.9223372 ], [ 86.0209994, 51.9227544 ], [ 86.0200432, 51.923603 ], [ 86.0193268, 51.9246289 ], [ 86.0198545, 51.9248323 ], [ 86.0203657, 51.9244967 ], [ 86.0206296, 51.9245374 ], [ 86.0199864, 51.9258188 ], [ 86.0194422, 51.9263375 ], [ 86.0190134, 51.9263375 ], [ 86.018931, 51.925951 ], [ 86.0184197, 51.9259307 ], [ 86.0176116, 51.9265002 ], [ 86.0176116, 51.9275782 ], [ 86.0181723, 51.9288087 ], [ 86.0181064, 51.9297951 ], [ 86.018766, 51.9307917 ], [ 86.0186671, 51.9316052 ], [ 86.0181806, 51.9320455 ], [ 86.0181476, 51.9325234 ], [ 86.0188238, 51.9338555 ], [ 86.0190876, 51.9338656 ], [ 86.0193185, 51.9345774 ], [ 86.0195989, 51.9346791 ], [ 86.0195989, 51.9358789 ], [ 86.0190381, 51.9359602 ], [ 86.0183545, 51.9346004 ], [ 86.0166752, 51.9332343 ], [ 86.0162088, 51.9323714 ], [ 86.0143552, 51.9307096 ], [ 86.0152292, 51.9301096 ], [ 86.0153117, 51.929652 ], [ 86.015691, 51.9291842 ], [ 86.0142727, 51.9269672 ], [ 86.0139264, 51.9261231 ], [ 86.0141573, 51.9238755 ], [ 86.0125741, 51.9245264 ], [ 86.0123267, 51.9249841 ], [ 86.0115681, 51.9250248 ], [ 86.0110733, 51.9256045 ], [ 86.0114196, 51.926174 ], [ 86.0129039, 51.9262248 ], [ 86.0135471, 51.9266011 ], [ 86.013679, 51.9270486 ], [ 86.0131513, 51.9271401 ], [ 86.0122607, 51.9268249 ], [ 86.0108375, 51.9267792 ], [ 86.0103593, 51.9272877 ], [ 86.0091884, 51.9274504 ], [ 86.0092378, 51.9276741 ], [ 86.0101284, 51.927908 ], [ 86.0103781, 51.928069 ], [ 86.0109961, 51.9287809 ], [ 86.0111244, 51.9295719 ], [ 86.0103081, 51.9297229 ], [ 86.009072, 51.9291836 ], [ 86.0072295, 51.9289319 ], [ 86.0057135, 51.9286299 ], [ 86.0045357, 51.9287593 ], [ 86.0033812, 51.9286802 ], [ 86.0024133, 51.9290326 ], [ 86.0018419, 51.9300033 ], [ 86.0020285, 51.9306577 ], [ 86.0026582, 51.9310531 ], [ 86.0048739, 51.9310603 ], [ 86.0078475, 51.9314702 ], [ 86.0094918, 51.9320023 ], [ 86.0101682, 51.9319016 ], [ 86.0115209, 51.9324912 ], [ 86.0116958, 51.932786 ], [ 86.0111244, 51.9329442 ], [ 86.0101915, 51.9327573 ], [ 86.0098416, 51.9328795 ], [ 86.0098766, 51.9330305 ], [ 86.0114859, 51.9331599 ], [ 86.0122555, 51.9335985 ], [ 86.0129202, 51.9337136 ], [ 86.012652, 51.9342097 ], [ 86.0131651, 51.9345764 ], [ 86.0145062, 51.9349646 ], [ 86.0151359, 51.9345476 ], [ 86.0159522, 51.9345836 ], [ 86.0171067, 51.9349215 ], [ 86.0175965, 51.9354679 ], [ 86.017958, 51.9366039 ], [ 86.018541, 51.9372438 ], [ 86.0191241, 51.9381353 ], [ 86.0199987, 51.9385882 ], [ 86.0203136, 51.9389476 ], [ 86.0200687, 51.9394437 ], [ 86.0195556, 51.9391561 ], [ 86.0185199, 51.9390648 ], [ 86.017415, 51.9391207 ], [ 86.017415, 51.9393037 ], [ 86.0180334, 51.9396189 ], [ 86.0177036, 51.9400001 ], [ 86.0185034, 51.9403102 ], [ 86.0189404, 51.9402289 ], [ 86.0190559, 51.9400306 ], [ 86.0195754, 51.940051 ], [ 86.0200536, 51.9402086 ], [ 86.0215626, 51.9409609 ], [ 86.0226144, 51.9418469 ], [ 86.0232791, 51.9432127 ], [ 86.0237455, 51.9432631 ], [ 86.0245852, 51.9447151 ], [ 86.0253029, 51.9447609 ], [ 86.025979, 51.9442221 ], [ 86.0262594, 51.943236 ], [ 86.0266552, 51.9432259 ], [ 86.0268861, 51.9439578 ], [ 86.0265397, 51.9446288 ], [ 86.0268036, 51.9452997 ], [ 86.0286342, 51.9454929 ], [ 86.0290795, 51.945808 ], [ 86.0292114, 51.9464891 ], [ 86.0295742, 51.9465094 ], [ 86.0306462, 51.9457673 ], [ 86.030943, 51.9450761 ], [ 86.0307016, 51.9441513 ], [ 86.0307016, 51.943684 ], [ 86.0295705, 51.9431593 ], [ 86.0296754, 51.9426848 ], [ 86.0305034, 51.9422822 ], [ 86.0318211, 51.9429724 ], [ 86.0317045, 51.943835 ], [ 86.0326141, 51.9446976 ], [ 86.0327307, 51.9453302 ], [ 86.0321127, 51.9459483 ], [ 86.0324625, 51.9465953 ], [ 86.0324442, 51.9469764 ], [ 86.0326695, 51.9469731 ], [ 86.0327983, 51.9469301 ], [ 86.0328841, 51.9468805 ], [ 86.0329592, 51.9468243 ], [ 86.0331094, 51.9467019 ], [ 86.0332006, 51.9466655 ], [ 86.033324, 51.946649 ], [ 86.0335225, 51.9465829 ], [ 86.0342038, 51.9462754 ], [ 86.0343003, 51.9462423 ], [ 86.0345256, 51.9462092 ], [ 86.0348958, 51.9461233 ], [ 86.0349923, 51.946077 ], [ 86.0350138, 51.9460042 ], [ 86.0349494, 51.9459381 ], [ 86.034869, 51.9458918 ], [ 86.0348636, 51.9458257 ], [ 86.0349655, 51.9457893 ], [ 86.0350782, 51.9458058 ], [ 86.0351801, 51.9458389 ], [ 86.0353947, 51.9459182 ], [ 86.035502, 51.945948 ], [ 86.0356146, 51.9459546 ], [ 86.0356736, 51.9458686 ], [ 86.0359204, 51.9458356 ], [ 86.0360491, 51.9458124 ], [ 86.0363334, 51.9457827 ], [ 86.0364407, 51.9457463 ], [ 86.0365426, 51.9457198 ], [ 86.0368001, 51.9456735 ], [ 86.0370469, 51.9456405 ], [ 86.0371488, 51.9456074 ], [ 86.03724, 51.9455611 ], [ 86.0373634, 51.9455181 ], [ 86.0376477, 51.9454487 ], [ 86.0391122, 51.9449858 ], [ 86.0392141, 51.9449461 ], [ 86.0395575, 51.9448403 ], [ 86.0396594, 51.944794 ], [ 86.0398847, 51.9447113 ], [ 86.0399812, 51.9446815 ], [ 86.0400939, 51.944665 ], [ 86.0403246, 51.9446419 ], [ 86.0404533, 51.9446352 ], [ 86.0405123, 51.9445757 ], [ 86.0406089, 51.9445294 ], [ 86.0406947, 51.9444765 ], [ 86.0406572, 51.9443376 ], [ 86.0407215, 51.9442814 ], [ 86.040684, 51.944212 ], [ 86.0405499, 51.944083 ], [ 86.0405177, 51.9439904 ], [ 86.040625, 51.9439739 ], [ 86.0406733, 51.9440367 ], [ 86.0407913, 51.9440466 ], [ 86.0409093, 51.9440499 ], [ 86.0409522, 51.9441293 ], [ 86.0409683, 51.9441921 ], [ 86.0410595, 51.9442351 ], [ 86.0411292, 51.9443013 ], [ 86.0411507, 51.9443674 ], [ 86.0412204, 51.9444236 ], [ 86.0413223, 51.9444468 ], [ 86.0414457, 51.9444368 ], [ 86.0427332, 51.944126 ], [ 86.0428673, 51.9440962 ], [ 86.0431033, 51.9440797 ], [ 86.0432106, 51.9440367 ], [ 86.0432965, 51.9439772 ], [ 86.0433286, 51.9439011 ], [ 86.0433018, 51.9438317 ], [ 86.0432267, 51.9437589 ], [ 86.0431248, 51.9437325 ], [ 86.0430121, 51.943716 ], [ 86.0428995, 51.9437358 ], [ 86.0427976, 51.9437656 ], [ 86.0426795, 51.9437589 ], [ 86.0426098, 51.9437027 ], [ 86.0425991, 51.94363 ], [ 86.0425723, 51.9435572 ], [ 86.042524, 51.9434911 ], [ 86.0425347, 51.9434216 ], [ 86.0425883, 51.9433555 ], [ 86.0425991, 51.9432894 ], [ 86.0425508, 51.9432232 ], [ 86.0425293, 51.9431505 ], [ 86.0425508, 51.943081 ], [ 86.0427654, 51.9428892 ], [ 86.0428458, 51.9428297 ], [ 86.0430175, 51.9428363 ], [ 86.0430068, 51.9429157 ], [ 86.0431623, 51.9430182 ], [ 86.0431784, 51.9430843 ], [ 86.0431141, 51.9431802 ], [ 86.0430819, 51.9433191 ], [ 86.0429317, 51.9434183 ], [ 86.0428995, 51.9434812 ], [ 86.0429692, 51.9435374 ], [ 86.0430872, 51.9435671 ], [ 86.043334, 51.943544 ], [ 86.0434467, 51.9435109 ], [ 86.0435378, 51.9434712 ], [ 86.0436022, 51.9434051 ], [ 86.0436505, 51.9433357 ], [ 86.0437471, 51.9432795 ], [ 86.0439992, 51.9432497 ], [ 86.0440957, 51.9432861 ], [ 86.0441118, 51.943425 ], [ 86.0440904, 51.9434944 ], [ 86.044026, 51.9435473 ], [ 86.0440743, 51.9436134 ], [ 86.0441816, 51.9436664 ], [ 86.0444176, 51.9436697 ], [ 86.0455924, 51.943339 ], [ 86.0457158, 51.9433125 ], [ 86.0458445, 51.9433059 ], [ 86.0459357, 51.9432596 ], [ 86.045984, 51.9431869 ], [ 86.0458767, 51.9430645 ], [ 86.0457963, 51.9430182 ], [ 86.0457319, 51.9429587 ], [ 86.0457855, 51.9428892 ], [ 86.0458231, 51.9428231 ], [ 86.0457694, 51.9426677 ], [ 86.0458231, 51.9425982 ], [ 86.0459304, 51.9426049 ], [ 86.0460269, 51.9426478 ], [ 86.0461289, 51.9427702 ], [ 86.0462791, 51.9428694 ], [ 86.0463971, 51.9428992 ], [ 86.0465312, 51.9429124 ], [ 86.0465205, 51.9429851 ], [ 86.0465312, 51.9430513 ], [ 86.0466117, 51.9430976 ], [ 86.0467243, 51.943091 ], [ 86.0468262, 51.9430546 ], [ 86.0469067, 51.9430017 ], [ 86.0471696, 51.9429124 ], [ 86.0472876, 51.9428892 ], [ 86.0474914, 51.9428231 ], [ 86.048398, 51.942671 ], [ 86.0486394, 51.9426148 ], [ 86.0490471, 51.9425056 ], [ 86.0494763, 51.942423 ], [ 86.0506457, 51.9420989 ], [ 86.050753, 51.9420824 ], [ 86.0508281, 51.9420261 ], [ 86.0507905, 51.9419567 ], [ 86.050694, 51.9419269 ], [ 86.0505921, 51.9419038 ], [ 86.0503936, 51.9418343 ], [ 86.0503507, 51.9417484 ], [ 86.0504633, 51.9417318 ], [ 86.0508871, 51.9418013 ], [ 86.0510051, 51.9418145 ], [ 86.0511607, 51.9418707 ], [ 86.0512841, 51.9418575 ], [ 86.0516703, 51.9418079 ], [ 86.052078, 51.9417054 ], [ 86.0522497, 51.9416756 ], [ 86.052357, 51.9416425 ], [ 86.0525608, 51.9415532 ], [ 86.0526627, 51.9415169 ], [ 86.0528398, 51.9414706 ], [ 86.0530436, 51.9414375 ], [ 86.0531723, 51.9414243 ], [ 86.0532957, 51.941411 ], [ 86.0534084, 51.9413813 ], [ 86.0534942, 51.9413284 ], [ 86.0535532, 51.9412225 ], [ 86.0535693, 51.9411531 ], [ 86.0535264, 51.9410803 ], [ 86.0534728, 51.9410175 ], [ 86.0534835, 51.9409414 ], [ 86.0535854, 51.9408654 ], [ 86.0536337, 51.9409249 ], [ 86.0536551, 51.9409911 ], [ 86.0538107, 51.9410903 ], [ 86.0538536, 51.9411531 ], [ 86.053918, 51.9412126 ], [ 86.054036, 51.9412292 ], [ 86.0541594, 51.9412325 ], [ 86.0564446, 51.9405975 ], [ 86.0565412, 51.9405578 ], [ 86.0566592, 51.9405248 ], [ 86.0567719, 51.9404818 ], [ 86.0568631, 51.9404289 ], [ 86.0569328, 51.9403429 ], [ 86.0570186, 51.9402999 ], [ 86.0571259, 51.94028 ], [ 86.057378, 51.94028 ], [ 86.0576194, 51.940247 ], [ 86.0577267, 51.940204 ], [ 86.0578287, 51.9401808 ], [ 86.0580271, 51.9400882 ], [ 86.0580647, 51.9400122 ], [ 86.0580862, 51.9399427 ], [ 86.0581613, 51.9398865 ], [ 86.0582685, 51.9398733 ], [ 86.0584563, 51.9398799 ], [ 86.0585636, 51.9399096 ], [ 86.0587138, 51.9399394 ], [ 86.0589498, 51.9398997 ], [ 86.0596794, 51.9397278 ], [ 86.0600012, 51.9396352 ], [ 86.06013, 51.9396054 ], [ 86.0602319, 51.9395756 ], [ 86.0604411, 51.9394863 ], [ 86.0605484, 51.9394533 ], [ 86.0607898, 51.9394202 ], [ 86.0609132, 51.9393937 ], [ 86.0610205, 51.9393375 ], [ 86.0610366, 51.9392681 ], [ 86.06094, 51.9391259 ], [ 86.0609078, 51.9390531 ], [ 86.0609508, 51.938987 ], [ 86.0610259, 51.9390432 ], [ 86.0610849, 51.939106 ], [ 86.0611921, 51.939235 ], [ 86.0612833, 51.939278 ], [ 86.061396, 51.9392747 ], [ 86.0614389, 51.9392085 ], [ 86.0613745, 51.9391523 ], [ 86.0612941, 51.939106 ], [ 86.0611331, 51.9389407 ], [ 86.0610902, 51.9388712 ], [ 86.0611331, 51.9388084 ], [ 86.0612673, 51.9388183 ], [ 86.0613799, 51.9388613 ], [ 86.0614711, 51.9389903 ], [ 86.0616213, 51.9390994 ], [ 86.0616696, 51.9391689 ], [ 86.0617715, 51.9391953 ], [ 86.0618788, 51.9391622 ], [ 86.0619432, 51.9391027 ], [ 86.0618734, 51.9390366 ], [ 86.0618627, 51.9389671 ], [ 86.0619485, 51.938901 ], [ 86.0620612, 51.9389208 ], [ 86.0621524, 51.9389737 ], [ 86.062324, 51.9390035 ], [ 86.06313295284626, 51.938714800860609 ], [ 86.063357136717784, 51.937443366667054 ], [ 86.0633433, 51.9374359 ], [ 86.0632628, 51.9373697 ], [ 86.0632575, 51.9372937 ], [ 86.0633004, 51.9372308 ], [ 86.0633218, 51.9371548 ], [ 86.0633165, 51.9370886 ], [ 86.0632735, 51.9370158 ], [ 86.0632038, 51.9369563 ], [ 86.0630858, 51.9368273 ], [ 86.0631072, 51.9367612 ], [ 86.0632092, 51.9367876 ], [ 86.0633165, 51.9369133 ], [ 86.0633755, 51.9369728 ], [ 86.063419835849544, 51.93708777543074 ], [ 86.063484724438098, 51.936719766930899 ], [ 86.0634452, 51.9366884 ], [ 86.0633647, 51.9366421 ], [ 86.063295, 51.9365859 ], [ 86.0633647, 51.9365264 ], [ 86.0634237, 51.9364668 ], [ 86.0634398, 51.9363941 ], [ 86.0633433, 51.9363511 ], [ 86.0632414, 51.9363908 ], [ 86.0631823, 51.9364437 ], [ 86.0631394, 51.9365065 ], [ 86.0630375, 51.9365197 ], [ 86.0629731, 51.9364635 ], [ 86.0629517, 51.9363908 ], [ 86.0629195, 51.9363213 ], [ 86.0626352, 51.9362188 ], [ 86.0625654, 51.9361592 ], [ 86.0625279, 51.9360236 ], [ 86.0624474, 51.9358781 ], [ 86.0625011, 51.935812 ], [ 86.0626191, 51.9358054 ], [ 86.0627317, 51.9358252 ], [ 86.0629517, 51.9359046 ], [ 86.0630161, 51.9358384 ], [ 86.0630214, 51.935769 ], [ 86.0629785, 51.9357061 ], [ 86.0629892, 51.9356367 ], [ 86.0630804, 51.9355838 ], [ 86.0633004, 51.9355904 ], [ 86.0633969, 51.9356234 ], [ 86.0636276, 51.9356565 ], [ 86.063669979977647, 51.935669110494629 ], [ 86.0653842, 51.9259471 ], [ 86.0435577, 51.9115529 ] ], [ [ 86.0198218, 51.9342277 ], [ 86.0197735, 51.934102 ], [ 86.0197574, 51.9340392 ], [ 86.0197306, 51.9339664 ], [ 86.0196769, 51.9339002 ], [ 86.0195267, 51.9337812 ], [ 86.0194784, 51.9337084 ], [ 86.0195053, 51.9335893 ], [ 86.0196072, 51.9335331 ], [ 86.0196179, 51.933467 ], [ 86.0194838, 51.9332586 ], [ 86.0194945, 51.9331097 ], [ 86.0195589, 51.9329245 ], [ 86.0196286, 51.9328021 ], [ 86.0197306, 51.9327294 ], [ 86.0200202, 51.9325904 ], [ 86.0201383, 51.9324383 ], [ 86.020385, 51.9322564 ], [ 86.0208034, 51.9318958 ], [ 86.0208625, 51.931833 ], [ 86.0208946, 51.9317635 ], [ 86.0209376, 51.931704 ], [ 86.0210556, 51.9314956 ], [ 86.0210931, 51.9314328 ], [ 86.0211039, 51.9313004 ], [ 86.021136, 51.9311648 ], [ 86.0212058, 51.9311053 ], [ 86.021297, 51.9310689 ], [ 86.0214525, 51.9309201 ], [ 86.0215008, 51.9308506 ], [ 86.0215598, 51.9307447 ], [ 86.0216403, 51.9306951 ], [ 86.0217315, 51.9306587 ], [ 86.0218334, 51.9306356 ], [ 86.0220909, 51.9306389 ], [ 86.0221875, 51.9306918 ], [ 86.0223269, 51.9307315 ], [ 86.0224342, 51.9307447 ], [ 86.0225093, 51.9307977 ], [ 86.0225952, 51.930844 ], [ 86.0227025, 51.9309101 ], [ 86.022799, 51.9309465 ], [ 86.0229546, 51.930973 ], [ 86.0230511, 51.9310061 ], [ 86.0231584, 51.9309895 ], [ 86.0233945, 51.9309829 ], [ 86.0235017, 51.9309498 ], [ 86.0236144, 51.9308605 ], [ 86.0237271, 51.9308771 ], [ 86.0238343, 51.9308903 ], [ 86.0239416, 51.930887 ], [ 86.0240275, 51.930844 ], [ 86.0241347, 51.9308142 ], [ 86.0242581, 51.9308341 ], [ 86.0242528, 51.9309035 ], [ 86.0241187, 51.9310524 ], [ 86.0240596, 51.9311483 ], [ 86.0240328, 51.9312178 ], [ 86.0240167, 51.9312905 ], [ 86.0240167, 51.9313666 ], [ 86.0239685, 51.9314691 ], [ 86.023888, 51.9316048 ], [ 86.0238612, 51.9316775 ], [ 86.0237968, 51.9317371 ], [ 86.0237217, 51.93179 ], [ 86.0236734, 51.9318561 ], [ 86.0236841, 51.9319223 ], [ 86.023652, 51.9320678 ], [ 86.0235125, 51.9321869 ], [ 86.0234159, 51.9323192 ], [ 86.0233998, 51.9323854 ], [ 86.0233515, 51.9324515 ], [ 86.0232228, 51.9325607 ], [ 86.0230029, 51.9328253 ], [ 86.0229599, 51.9328914 ], [ 86.0229385, 51.9329642 ], [ 86.0229653, 51.9330337 ], [ 86.022976, 51.9331064 ], [ 86.0229331, 51.9331726 ], [ 86.0227454, 51.9332718 ], [ 86.0221392, 51.9334438 ], [ 86.0219192, 51.9334173 ], [ 86.0218012, 51.9333909 ], [ 86.0217154, 51.9333446 ], [ 86.0216027, 51.9333115 ], [ 86.0214364, 51.933209 ], [ 86.0213238, 51.9332255 ], [ 86.0212219, 51.9332751 ], [ 86.0211521, 51.9334074 ], [ 86.0212272, 51.933467 ], [ 86.0212862, 51.9335265 ], [ 86.0213023, 51.933596 ], [ 86.0212702, 51.9336621 ], [ 86.0211843, 51.9337084 ], [ 86.021179, 51.9337779 ], [ 86.0211468, 51.9338606 ], [ 86.0210609, 51.9339135 ], [ 86.0209536, 51.9339466 ], [ 86.0208464, 51.9339631 ], [ 86.0207498, 51.9339929 ], [ 86.0207123, 51.934059 ], [ 86.0204977, 51.9342343 ], [ 86.0202026, 51.9345882 ], [ 86.0201812, 51.9346577 ], [ 86.0201919, 51.9347933 ], [ 86.0201973, 51.9349355 ], [ 86.0203206, 51.9349454 ], [ 86.0204172, 51.9348264 ], [ 86.0204601, 51.9347602 ], [ 86.0204816, 51.9346841 ], [ 86.0205084, 51.9345353 ], [ 86.0205674, 51.9344658 ], [ 86.0206479, 51.9344162 ], [ 86.020841, 51.9342343 ], [ 86.0209966, 51.9341285 ], [ 86.0212272, 51.9340722 ], [ 86.0213721, 51.9339631 ], [ 86.0214096, 51.9339002 ], [ 86.0214633, 51.9337679 ], [ 86.0215759, 51.9337613 ], [ 86.0219192, 51.9338209 ], [ 86.0220212, 51.9337878 ], [ 86.0220963, 51.9337283 ], [ 86.0224342, 51.9336621 ], [ 86.0225308, 51.9336191 ], [ 86.0226113, 51.9335662 ], [ 86.0227185, 51.9335331 ], [ 86.0229278, 51.9334835 ], [ 86.0230136, 51.9334273 ], [ 86.0232067, 51.9333512 ], [ 86.0232925, 51.933295 ], [ 86.0233462, 51.9332387 ], [ 86.0233891, 51.9331726 ], [ 86.0234749, 51.9330469 ], [ 86.0235661, 51.932994 ], [ 86.0237431, 51.9329245 ], [ 86.023829, 51.9328749 ], [ 86.0238934, 51.932822 ], [ 86.023947, 51.9327657 ], [ 86.0240328, 51.9327095 ], [ 86.024124, 51.9326731 ], [ 86.0242259, 51.9326434 ], [ 86.0243279, 51.9326301 ], [ 86.0244566, 51.9325971 ], [ 86.0245639, 51.9325871 ], [ 86.0246658, 51.9326004 ], [ 86.0248804, 51.9326169 ], [ 86.0249931, 51.9326368 ], [ 86.0253525, 51.9327161 ], [ 86.0253954, 51.932779 ], [ 86.025449, 51.9328385 ], [ 86.0256153, 51.9329245 ], [ 86.0256636, 51.9329841 ], [ 86.0256636, 51.9330634 ], [ 86.0256529, 51.9331395 ], [ 86.02561, 51.933285 ], [ 86.02561, 51.9333677 ], [ 86.0255885, 51.9334372 ], [ 86.025551, 51.9335033 ], [ 86.0254866, 51.9335662 ], [ 86.0254544, 51.933639 ], [ 86.0254437, 51.9337283 ], [ 86.025449, 51.9337944 ], [ 86.0254759, 51.9338606 ], [ 86.0254919, 51.9339333 ], [ 86.0254705, 51.9340061 ], [ 86.0254222, 51.9340722 ], [ 86.0253578, 51.9341384 ], [ 86.0252505, 51.9342674 ], [ 86.0252076, 51.9343401 ], [ 86.0251862, 51.9344096 ], [ 86.0251433, 51.9344824 ], [ 86.0249716, 51.934747 ], [ 86.024875, 51.9348495 ], [ 86.0248697, 51.934919 ], [ 86.0249394, 51.9350678 ], [ 86.0251218, 51.9351736 ], [ 86.0253203, 51.9353192 ], [ 86.0253203, 51.9353952 ], [ 86.0252613, 51.9354647 ], [ 86.0252452, 51.9355408 ], [ 86.0252613, 51.9356168 ], [ 86.0252291, 51.9357524 ], [ 86.0251111, 51.9358781 ], [ 86.0251057, 51.9359476 ], [ 86.0251164, 51.9360236 ], [ 86.0250735, 51.9360931 ], [ 86.0250145, 51.9361526 ], [ 86.0248375, 51.9362684 ], [ 86.0246873, 51.9363974 ], [ 86.0245854, 51.9364271 ], [ 86.0245693, 51.9363511 ], [ 86.0246122, 51.9362717 ], [ 86.0246712, 51.9362055 ], [ 86.0246873, 51.9361394 ], [ 86.0246122, 51.9360005 ], [ 86.0246175, 51.935931 ], [ 86.0246658, 51.9357954 ], [ 86.0246444, 51.9357293 ], [ 86.0245639, 51.9356797 ], [ 86.024462, 51.9356532 ], [ 86.0243547, 51.9356565 ], [ 86.0242528, 51.9356929 ], [ 86.0241669, 51.9357458 ], [ 86.0241401, 51.935812 ], [ 86.0240436, 51.9358483 ], [ 86.0239255, 51.935855 ], [ 86.0238182, 51.9358913 ], [ 86.0237163, 51.9359509 ], [ 86.0234749, 51.9361129 ], [ 86.0234266, 51.9361857 ], [ 86.0234266, 51.9364834 ], [ 86.0233355, 51.9367546 ], [ 86.0233569, 51.9369133 ], [ 86.0233462, 51.9369828 ], [ 86.0233676, 51.9370588 ], [ 86.0234159, 51.9371217 ], [ 86.0234696, 51.9372474 ], [ 86.0234427, 51.9373532 ], [ 86.0233837, 51.9374259 ], [ 86.0233998, 51.937502 ], [ 86.0233462, 51.9376244 ], [ 86.0229653, 51.9378327 ], [ 86.0228956, 51.9378857 ], [ 86.0222036, 51.9382858 ], [ 86.0219997, 51.9383751 ], [ 86.0218281, 51.938471 ], [ 86.0217047, 51.9385173 ], [ 86.0215813, 51.9385405 ], [ 86.0214525, 51.938557 ], [ 86.0212541, 51.9386364 ], [ 86.020959, 51.9388051 ], [ 86.0208195, 51.9388249 ], [ 86.0207069, 51.9387819 ], [ 86.0206318, 51.938729 ], [ 86.0205835, 51.9385967 ], [ 86.0204655, 51.938471 ], [ 86.0204333, 51.9384049 ], [ 86.0204226, 51.9383321 ], [ 86.0204226, 51.9382561 ], [ 86.0204279, 51.9381899 ], [ 86.0203153, 51.9381569 ], [ 86.0201973, 51.9381569 ], [ 86.0201168, 51.9381039 ], [ 86.0201651, 51.9380411 ], [ 86.0203206, 51.9379187 ], [ 86.0204118, 51.9378691 ], [ 86.0204655, 51.937803 ], [ 86.0204762, 51.9377302 ], [ 86.0204655, 51.9376575 ], [ 86.0205084, 51.9375913 ], [ 86.0205889, 51.9375483 ], [ 86.0206801, 51.9375086 ], [ 86.0207498, 51.9374458 ], [ 86.0207605, 51.9373763 ], [ 86.0207444, 51.9372242 ], [ 86.0207337, 51.9371581 ], [ 86.0207659, 51.9370192 ], [ 86.0206586, 51.9368108 ], [ 86.0206371, 51.9366719 ], [ 86.0205728, 51.936619 ], [ 86.0204709, 51.9365958 ], [ 86.0203636, 51.936576 ], [ 86.020326, 51.9365131 ], [ 86.0203206, 51.9364437 ], [ 86.0203904, 51.9359641 ], [ 86.0203689, 51.9358847 ], [ 86.0203314, 51.9358054 ], [ 86.0203314, 51.9357293 ], [ 86.0203475, 51.9356532 ], [ 86.0203367, 51.9355771 ], [ 86.0202992, 51.9355077 ], [ 86.0202938, 51.9353688 ], [ 86.0202563, 51.9352993 ], [ 86.0201865, 51.9351637 ], [ 86.0201383, 51.9351009 ], [ 86.0200256, 51.9350909 ], [ 86.0199398, 51.9350446 ], [ 86.0199022, 51.9349851 ], [ 86.0199076, 51.9349157 ], [ 86.019929, 51.9348462 ], [ 86.019929, 51.9347734 ], [ 86.0199183, 51.9347073 ], [ 86.01987, 51.9346477 ], [ 86.0198271, 51.9345849 ], [ 86.0198325, 51.9343104 ], [ 86.0198218, 51.9342277 ] ] ] ] } },
{ "type": "Feature", "properties": { "fid": 8, "natural": "wood", "Растительность": null, "Area": 824.55722301403512, "Sum": 3980.1286288703418 }, "geometry": { "type": "MultiPolygon", "coordinates": [ [ [ [ 85.973749213607718, 51.897206490422406 ], [ 85.975093, 51.8954465 ], [ 85.9759148, 51.893494 ], [ 85.9755655, 51.8929108 ], [ 85.9739425, 51.8919852 ], [ 85.9719086, 51.8908061 ], [ 85.9705937, 51.890768 ], [ 85.9692788, 51.8910597 ], [ 85.9657041, 51.8910597 ], [ 85.9650672, 51.8903242 ], [ 85.9662588, 51.8893733 ], [ 85.9688679, 51.8898171 ], [ 85.9697514, 51.8891323 ], [ 85.9696281, 51.8879404 ], [ 85.9684041, 51.8864691 ], [ 85.9665961, 51.8854292 ], [ 85.964028, 51.8849727 ], [ 85.9614805, 51.8833241 ], [ 85.9605765, 51.8825379 ], [ 85.9605354, 51.8809526 ], [ 85.9615421, 51.8799507 ], [ 85.962266393439762, 51.879637714983787 ], [ 85.957901344060119, 51.876285217453066 ], [ 85.9573099, 51.8763487 ], [ 85.957417422621319, 51.875913550310827 ], [ 85.95559724356535, 51.87451559458114 ], [ 85.9542488, 51.8750423 ], [ 85.9538789, 51.8766151 ], [ 85.9531804, 51.877541 ], [ 85.9515368, 51.8783527 ], [ 85.9503453, 51.8784415 ], [ 85.9481675, 51.8778327 ], [ 85.9431751, 51.8778454 ], [ 85.9392434, 51.8780168 ], [ 85.9369835, 51.877649 ], [ 85.9340662, 51.8751757 ], [ 85.931607961572283, 51.874605067948892 ], [ 85.914864400000027, 51.878546 ], [ 85.910692432853551, 51.879527810952624 ], [ 85.9096683, 51.8823726 ], [ 85.9099971, 51.8844778 ], [ 85.9126268, 51.8868111 ], [ 85.9136129, 51.8883327 ], [ 85.9159961, 51.8889921 ], [ 85.918708, 51.8883073 ], [ 85.9206598, 51.887052 ], [ 85.9218103, 51.8857712 ], [ 85.9220774, 51.8844905 ], [ 85.9233922, 51.8841861 ], [ 85.9240907, 51.8854289 ], [ 85.9258781, 51.8862911 ], [ 85.9278504, 51.8862531 ], [ 85.9293707, 51.8869505 ], [ 85.9312198, 51.8865574 ], [ 85.9316923, 51.8863292 ], [ 85.9348973, 51.8869252 ], [ 85.934774, 51.8879776 ], [ 85.9324935, 51.887407 ], [ 85.9317128, 51.8879269 ], [ 85.9305829, 51.8889287 ], [ 85.931117, 51.8893344 ], [ 85.9337057, 51.8889667 ], [ 85.9338495, 51.8901459 ], [ 85.9317539, 51.890222 ], [ 85.9295146, 51.8909701 ], [ 85.9279942, 51.8921493 ], [ 85.9277888, 51.8932396 ], [ 85.927419, 51.8938482 ], [ 85.9241935, 51.8933791 ], [ 85.9241113, 51.8923775 ], [ 85.9224061, 51.8914139 ], [ 85.9224472, 51.8905517 ], [ 85.9236388, 51.8897782 ], [ 85.92331, 51.8892076 ], [ 85.9197764, 51.8894232 ], [ 85.9174959, 51.8906911 ], [ 85.9162427, 51.8921366 ], [ 85.9149072, 51.8924535 ], [ 85.9140033, 51.8909954 ], [ 85.9129144, 51.891249 ], [ 85.9128117, 51.8927325 ], [ 85.9149278, 51.8948878 ], [ 85.9163659, 51.8939116 ], [ 85.9174548, 51.8940257 ], [ 85.9181533, 51.8958514 ], [ 85.9179684, 51.8971318 ], [ 85.9187491, 51.898146 ], [ 85.9171261, 51.8991602 ], [ 85.9172288, 51.9007068 ], [ 85.9181739, 51.9006814 ], [ 85.9188929, 51.8998067 ], [ 85.9196736, 51.8997814 ], [ 85.9199876, 51.9 ], [ 85.9501368, 51.9 ], [ 85.9501517, 51.8994526 ], [ 85.9480767, 51.8988568 ], [ 85.9455908, 51.8980835 ], [ 85.9455291, 51.8973101 ], [ 85.9478507, 51.8972468 ], [ 85.9494326, 51.8965875 ], [ 85.9493299, 51.8959917 ], [ 85.9466591, 51.8956493 ], [ 85.9419954, 51.8967523 ], [ 85.9417489, 51.896334 ], [ 85.9460017, 51.8947745 ], [ 85.947748, 51.894914 ], [ 85.9501106, 51.8959917 ], [ 85.9524938, 51.8963847 ], [ 85.9551235, 51.8973609 ], [ 85.9597872, 51.8973989 ], [ 85.9627251, 51.8980835 ], [ 85.9651083, 51.897906 ], [ 85.9640194, 51.8970693 ], [ 85.9601159, 51.8966636 ], [ 85.9581025, 51.8960043 ], [ 85.9586161, 51.8954845 ], [ 85.9608144, 51.8958142 ], [ 85.9618006, 51.8945337 ], [ 85.9611226, 51.8932785 ], [ 85.9601981, 51.8926953 ], [ 85.9607939, 51.8920233 ], [ 85.9633825, 51.8926826 ], [ 85.9637112, 51.8938617 ], [ 85.9649234, 51.8943308 ], [ 85.965889, 51.8943942 ], [ 85.9656219, 51.8953831 ], [ 85.9667107, 51.8962706 ], [ 85.9674914, 51.8961184 ], [ 85.9678613, 51.8964607 ], [ 85.9677174, 51.8969805 ], [ 85.9695048, 51.897513 ], [ 85.9702855, 51.8982736 ], [ 85.9716415, 51.8984765 ], [ 85.972283780468757, 51.898300979365679 ], [ 85.973749213607718, 51.897206490422406 ] ] ] ] } },
{ "type": "Feature", "properties": { "fid": 9, "natural": "wood", "Растительность": null, "Area": 86.440173393879547, "Sum": 3980.1286288703418 }, "geometry": { "type": "MultiPolygon", "coordinates": [ [ [ [ 85.90253336319789, 51.891575366399884 ], [ 85.9026808, 51.8916182 ], [ 85.9029286, 51.8917828 ], [ 85.9030048, 51.8920063 ], [ 85.9030429, 51.8922415 ], [ 85.902738, 51.8926649 ], [ 85.9026808, 51.8929119 ], [ 85.9026999, 51.8933823 ], [ 85.9027952, 51.8936175 ], [ 85.9030239, 51.8937822 ], [ 85.9029476, 51.8940291 ], [ 85.9025474, 51.8944407 ], [ 85.9025474, 51.8946642 ], [ 85.9027571, 51.8951111 ], [ 85.9030048, 51.8952522 ], [ 85.9031382, 51.8954521 ], [ 85.9027189, 51.895852 ], [ 85.9026237, 51.8960872 ], [ 85.9026046, 51.8967927 ], [ 85.902081950516575, 51.897333139282892 ], [ 85.90258329949009, 51.9 ], [ 85.9113613, 51.9 ], [ 85.9111782, 51.8991094 ], [ 85.9119287, 51.8984038 ], [ 85.9126125, 51.8984369 ], [ 85.9128399, 51.8984479 ], [ 85.9147518, 51.8973232 ], [ 85.915127, 51.8964522 ], [ 85.9148054, 51.8956803 ], [ 85.905849784664298, 51.885602392990023 ], [ 85.90253336319789, 51.891575366399884 ] ], [ [ 85.912095, 51.8961812 ], [ 85.912095, 51.8956756 ], [ 85.9119806, 51.8952052 ], [ 85.9115423, 51.8948053 ], [ 85.9115042, 51.8945819 ], [ 85.9112374, 51.8941585 ], [ 85.911447, 51.8934999 ], [ 85.9115042, 51.893053 ], [ 85.9117519, 51.8932177 ], [ 85.911771, 51.8934646 ], [ 85.9118853, 51.8936881 ], [ 85.9123618, 51.8940409 ], [ 85.9129525, 51.8942996 ], [ 85.913105, 51.8945113 ], [ 85.9130859, 51.8949817 ], [ 85.9128001, 51.8954051 ], [ 85.9126286, 51.8961342 ], [ 85.9123808, 51.8964399 ], [ 85.912095, 51.8961812 ] ] ], [ [ [ 85.9013875, 51.8936391 ], [ 85.901909604651465, 51.896416367848886 ], [ 85.9019185, 51.8964047 ], [ 85.9021663, 51.8962635 ], [ 85.9024712, 51.8958637 ], [ 85.9023759, 51.8954992 ], [ 85.9020138, 51.8954521 ], [ 85.9017852, 51.895264 ], [ 85.9016708, 51.8948288 ], [ 85.9019567, 51.8937351 ], [ 85.9017089, 51.893547 ], [ 85.901492930408835, 51.893449216707147 ], [ 85.9013875, 51.8936391 ] ] ] ] } },
{ "type": "Feature", "properties": { "fid": 10, "natural": "wood", "Растительность": null, "Area": 71.094360846608936, "Sum": 3980.1286288703418 }, "geometry": { "type": "MultiPolygon", "coordinates": [ [ [ [ 86.036263400000024, 51.9507263 ], [ 86.036536724799532, 51.950799327647665 ], [ 86.036548, 51.9507953 ], [ 86.0366124, 51.9507391 ], [ 86.0365748, 51.9506002 ], [ 86.0366017, 51.9505308 ], [ 86.0366392, 51.9504713 ], [ 86.0366446, 51.9504051 ], [ 86.0366285, 51.950339 ], [ 86.0365587, 51.9502795 ], [ 86.0363281, 51.9501208 ], [ 86.0361457, 51.9500282 ], [ 86.0360223, 51.9499819 ], [ 86.0359096, 51.9499257 ], [ 86.0358185, 51.9498596 ], [ 86.0357004, 51.9497406 ], [ 86.0356039, 51.9496976 ], [ 86.0353786, 51.9496348 ], [ 86.0352659, 51.9495951 ], [ 86.0351586, 51.9495653 ], [ 86.0350621, 51.949529 ], [ 86.0350084, 51.9494661 ], [ 86.0349494, 51.9494 ], [ 86.0348529, 51.949357 ], [ 86.0347724, 51.9493008 ], [ 86.034708, 51.9492446 ], [ 86.0346597, 51.9491818 ], [ 86.0347456, 51.9491454 ], [ 86.034869, 51.9491553 ], [ 86.0349762, 51.9491785 ], [ 86.0350943, 51.9491818 ], [ 86.0352069, 51.9491686 ], [ 86.0353196, 51.9491917 ], [ 86.0354751, 51.9492975 ], [ 86.0355878, 51.9493306 ], [ 86.0358024, 51.9493703 ], [ 86.0358882, 51.9494165 ], [ 86.0359901, 51.9494463 ], [ 86.036092, 51.9494893 ], [ 86.0362637, 51.9495819 ], [ 86.0364836, 51.949605 ], [ 86.0364997, 51.949529 ], [ 86.0364997, 51.9494463 ], [ 86.036489, 51.9493769 ], [ 86.0364622, 51.9493008 ], [ 86.0364193, 51.9492248 ], [ 86.0364085, 51.949152 ], [ 86.0364729, 51.9489404 ], [ 86.0364729, 51.9488578 ], [ 86.0364622, 51.9487949 ], [ 86.0364085, 51.9486561 ], [ 86.0363978, 51.94858 ], [ 86.0364354, 51.9485007 ], [ 86.036548, 51.9483915 ], [ 86.0365695, 51.9483221 ], [ 86.0365695, 51.9482527 ], [ 86.0366231, 51.9481965 ], [ 86.036725, 51.9481436 ], [ 86.036827, 51.9481237 ], [ 86.0369289, 51.9481469 ], [ 86.0370147, 51.9481899 ], [ 86.0369986, 51.9482626 ], [ 86.036945, 51.9484048 ], [ 86.0369343, 51.9484775 ], [ 86.036945, 51.9487916 ], [ 86.0369718, 51.9488644 ], [ 86.0370147, 51.9489437 ], [ 86.0370952, 51.9490032 ], [ 86.0371971, 51.9489768 ], [ 86.0373044, 51.9489305 ], [ 86.0373527, 51.9488644 ], [ 86.0373902, 51.9487916 ], [ 86.0374707, 51.9487354 ], [ 86.0375565, 51.9486825 ], [ 86.0376102, 51.948623 ], [ 86.0376477, 51.9485536 ], [ 86.0377014, 51.9484874 ], [ 86.0377228, 51.9484147 ], [ 86.0376853, 51.9483453 ], [ 86.0376692, 51.9482791 ], [ 86.0376799, 51.9482031 ], [ 86.0377496, 51.9481502 ], [ 86.0378623, 51.9481568 ], [ 86.0379481, 51.9481998 ], [ 86.0379428, 51.9482758 ], [ 86.0379749, 51.9483453 ], [ 86.0380715, 51.9483684 ], [ 86.0381412, 51.9483056 ], [ 86.0380125, 51.94817 ], [ 86.0380125, 51.9480344 ], [ 86.0379696, 51.9479716 ], [ 86.0379696, 51.9479055 ], [ 86.0380125, 51.947846 ], [ 86.0381305, 51.9478195 ], [ 86.0382378, 51.9478361 ], [ 86.0383451, 51.947803 ], [ 86.0384363, 51.94776 ], [ 86.0385597, 51.9477435 ], [ 86.0387796, 51.9477832 ], [ 86.0388923, 51.9477798 ], [ 86.0389996, 51.94776 ], [ 86.0390907, 51.9477203 ], [ 86.039198, 51.9477104 ], [ 86.0393053, 51.9477269 ], [ 86.0395038, 51.9477898 ], [ 86.0397828, 51.9478261 ], [ 86.0398954, 51.9478294 ], [ 86.0401314, 51.9478195 ], [ 86.0402173, 51.9477865 ], [ 86.0401314, 51.9477336 ], [ 86.0398954, 51.9476873 ], [ 86.0397774, 51.9476807 ], [ 86.0396647, 51.947641 ], [ 86.0395682, 51.947598 ], [ 86.0395682, 51.9475319 ], [ 86.0396969, 51.947512 ], [ 86.0398149, 51.9474756 ], [ 86.0399383, 51.94735 ], [ 86.0400081, 51.9472938 ], [ 86.040228, 51.9472442 ], [ 86.0403299, 51.9471946 ], [ 86.0404104, 51.9471417 ], [ 86.0405552, 51.9470226 ], [ 86.0406572, 51.9469797 ], [ 86.0407644, 51.9469731 ], [ 86.0408717, 51.9469764 ], [ 86.0409951, 51.9469797 ], [ 86.0410702, 51.947026 ], [ 86.041317, 51.9470226 ], [ 86.0414725, 51.9469201 ], [ 86.0415691, 51.9468904 ], [ 86.0416388, 51.9468309 ], [ 86.0416925, 51.9467647 ], [ 86.0418105, 51.9467383 ], [ 86.0419178, 51.9467251 ], [ 86.0421056, 51.9466457 ], [ 86.0421485, 51.9465862 ], [ 86.0421538, 51.94652 ], [ 86.0420948, 51.9464638 ], [ 86.0414243, 51.9463547 ], [ 86.0411936, 51.9463283 ], [ 86.0411292, 51.9462654 ], [ 86.0411292, 51.946196 ], [ 86.0412687, 51.9460803 ], [ 86.0412687, 51.9460141 ], [ 86.0412902, 51.9459447 ], [ 86.0413492, 51.9458852 ], [ 86.0414189, 51.945829 ], [ 86.0413492, 51.9456868 ], [ 86.0413384, 51.945614 ], [ 86.0413867, 51.9455446 ], [ 86.0414779, 51.9455016 ], [ 86.041612, 51.9453958 ], [ 86.0417086, 51.945366 ], [ 86.0418212, 51.9453561 ], [ 86.0419285, 51.9453627 ], [ 86.0420465, 51.9453859 ], [ 86.0420841, 51.9454586 ], [ 86.0420841, 51.9455446 ], [ 86.0421056, 51.9456239 ], [ 86.0421753, 51.9456934 ], [ 86.0422504, 51.9457529 ], [ 86.0423201, 51.9458223 ], [ 86.0423845, 51.9458984 ], [ 86.0424328, 51.9459811 ], [ 86.0424811, 51.9461365 ], [ 86.0424972, 51.9462125 ], [ 86.0425508, 51.9462754 ], [ 86.0426152, 51.9463415 ], [ 86.0426581, 51.9464076 ], [ 86.0426634, 51.9464738 ], [ 86.0426795, 51.9465432 ], [ 86.0427332, 51.9466159 ], [ 86.0427868, 51.9466755 ], [ 86.0428512, 51.946735 ], [ 86.0429263, 51.9467879 ], [ 86.0433876, 51.9468573 ], [ 86.0435164, 51.9468672 ], [ 86.0437417, 51.9468474 ], [ 86.0438597, 51.9468474 ], [ 86.0439831, 51.9468606 ], [ 86.0440904, 51.9468705 ], [ 86.0443157, 51.9468705 ], [ 86.0444498, 51.9469036 ], [ 86.0445464, 51.9469334 ], [ 86.0447341, 51.947016 ], [ 86.0451311, 51.9471318 ], [ 86.0453027, 51.9471681 ], [ 86.0454744, 51.9472607 ], [ 86.0455656, 51.9472971 ], [ 86.0457963, 51.9473235 ], [ 86.04580206833873, 51.947325279355461 ], [ 86.046970795356103, 51.947107426248088 ], [ 86.0469657, 51.9470326 ], [ 86.0469389, 51.9469631 ], [ 86.0469335, 51.9468904 ], [ 86.0470033, 51.9467548 ], [ 86.0470945, 51.9466391 ], [ 86.047132, 51.946573 ], [ 86.0471481, 51.9465068 ], [ 86.0472125, 51.9464473 ], [ 86.0473305, 51.9464208 ], [ 86.0474485, 51.9464142 ], [ 86.0475612, 51.9464308 ], [ 86.0476202, 51.9464936 ], [ 86.0476899, 51.9465531 ], [ 86.0479099, 51.9465862 ], [ 86.0480171, 51.9466159 ], [ 86.0483551, 51.9466622 ], [ 86.0484517, 51.9466854 ], [ 86.0486287, 51.9467151 ], [ 86.0487306, 51.9467217 ], [ 86.0489774, 51.9466391 ], [ 86.0490686, 51.9465961 ], [ 86.0491812, 51.9465994 ], [ 86.0494065, 51.9466192 ], [ 86.049496116652932, 51.946636701191302 ], [ 86.052582845527269, 51.946061328613368 ], [ 86.052652, 51.9460108 ], [ 86.0527378, 51.9459678 ], [ 86.0528612, 51.9459546 ], [ 86.0529524, 51.945991 ], [ 86.052954019790832, 51.945992140971178 ], [ 86.053415514384767, 51.945906117434603 ], [ 86.0533708, 51.9458686 ], [ 86.0534084, 51.9458058 ], [ 86.0535157, 51.9457628 ], [ 86.0536176, 51.945743 ], [ 86.0537249, 51.9457496 ], [ 86.0537544, 51.9457579 ], [ 86.0538214, 51.9457562 ], [ 86.0539341, 51.9457331 ], [ 86.0540253, 51.9457 ], [ 86.0541272, 51.9456735 ], [ 86.0542077, 51.9456306 ], [ 86.0543042, 51.9456008 ], [ 86.0544223, 51.9455677 ], [ 86.054551, 51.9455479 ], [ 86.0546154, 51.9454917 ], [ 86.0546797, 51.9453594 ], [ 86.0547388, 51.9452999 ], [ 86.0548139, 51.9452503 ], [ 86.0548675, 51.9451842 ], [ 86.054889, 51.9451147 ], [ 86.0549319, 51.9450585 ], [ 86.055007, 51.9450122 ], [ 86.0551035, 51.9449692 ], [ 86.0552162, 51.9449395 ], [ 86.0553396, 51.9449494 ], [ 86.0554308, 51.9450816 ], [ 86.0555273, 51.9451246 ], [ 86.0556346, 51.9451312 ], [ 86.0557097, 51.9451808 ], [ 86.055766, 51.945242 ], [ 86.0557982, 51.9452701 ], [ 86.0559136, 51.9452933 ], [ 86.0559994, 51.9453363 ], [ 86.0561013, 51.9453627 ], [ 86.0561979, 51.9453363 ], [ 86.0561979, 51.9452635 ], [ 86.0561603, 51.9451974 ], [ 86.0563159, 51.9449328 ], [ 86.0565305, 51.9449064 ], [ 86.0566324, 51.9449196 ], [ 86.0567236, 51.9449527 ], [ 86.0568309, 51.9449791 ], [ 86.0569167, 51.9450188 ], [ 86.0570294, 51.9450188 ], [ 86.0571313, 51.9450089 ], [ 86.057201, 51.9449593 ], [ 86.0572976, 51.9449196 ], [ 86.0573673, 51.9448667 ], [ 86.0573888, 51.9448006 ], [ 86.0574585, 51.9447377 ], [ 86.0575658, 51.9447014 ], [ 86.0576302, 51.9446419 ], [ 86.0576999, 51.9445856 ], [ 86.0578233, 51.9445724 ], [ 86.057952, 51.9446981 ], [ 86.0580486, 51.9447278 ], [ 86.0581291, 51.9447741 ], [ 86.058231, 51.9448072 ], [ 86.0584563, 51.9448568 ], [ 86.0585475, 51.9448866 ], [ 86.0586226, 51.944837 ], [ 86.0586065, 51.9447708 ], [ 86.0585421, 51.9447146 ], [ 86.0585153, 51.9446452 ], [ 86.0585743, 51.9445856 ], [ 86.0586762, 51.944546 ], [ 86.0589069, 51.9444864 ], [ 86.0590517, 51.9443972 ], [ 86.0591215, 51.944331 ], [ 86.0591859, 51.9442748 ], [ 86.0592288, 51.9442021 ], [ 86.0593361, 51.9441723 ], [ 86.0594487, 51.9441855 ], [ 86.0595614, 51.9441855 ], [ 86.0597759, 51.944212 ], [ 86.059894, 51.9441855 ], [ 86.0600924, 51.9441855 ], [ 86.0601997, 51.9441525 ], [ 86.0604089, 51.9441095 ], [ 86.0605538, 51.9440103 ], [ 86.0606557, 51.9439805 ], [ 86.0607415, 51.9439441 ], [ 86.0608435, 51.9439309 ], [ 86.0609293, 51.9439739 ], [ 86.0611439, 51.9440301 ], [ 86.0612297, 51.9440731 ], [ 86.061337, 51.9440896 ], [ 86.0614335, 51.9440566 ], [ 86.0615194, 51.9440103 ], [ 86.0616213, 51.9439805 ], [ 86.0617447, 51.9439871 ], [ 86.0618198, 51.94404 ], [ 86.0619056, 51.944083 ], [ 86.0620987, 51.9441491 ], [ 86.062177074446836, 51.94413596016895 ], [ 86.062545169807251, 51.94204834777949 ], [ 86.0624903, 51.9419732 ], [ 86.0624957, 51.9419038 ], [ 86.062485, 51.9417616 ], [ 86.0624474, 51.9416988 ], [ 86.0624367, 51.9416326 ], [ 86.0624742, 51.9415599 ], [ 86.0625333, 51.9414871 ], [ 86.0626298, 51.9414573 ], [ 86.06264938548756, 51.9414573 ], [ 86.06303386970535, 51.939276740006761 ], [ 86.0630107, 51.9392846 ], [ 86.0627907, 51.9393441 ], [ 86.0625493, 51.9393805 ], [ 86.0622436, 51.939493 ], [ 86.0621524, 51.9395359 ], [ 86.0620344, 51.9395492 ], [ 86.0618198, 51.9396087 ], [ 86.0616964, 51.9396087 ], [ 86.0615838, 51.9396318 ], [ 86.0614979, 51.9396781 ], [ 86.0614443, 51.939741 ], [ 86.0614175, 51.9398071 ], [ 86.0613531, 51.9398667 ], [ 86.0612512, 51.9398402 ], [ 86.06116, 51.9397972 ], [ 86.0610527, 51.9398137 ], [ 86.0609454, 51.9398435 ], [ 86.0608274, 51.93986 ], [ 86.0599637, 51.9400618 ], [ 86.0597545, 51.9401114 ], [ 86.0595936, 51.9402139 ], [ 86.059497, 51.9404256 ], [ 86.0594541, 51.9404884 ], [ 86.0593468, 51.9405115 ], [ 86.0591376, 51.9404222 ], [ 86.0590303, 51.9403925 ], [ 86.0589123, 51.9403958 ], [ 86.0586923, 51.9404586 ], [ 86.0583276, 51.9405181 ], [ 86.0582095, 51.9405545 ], [ 86.0579842, 51.9406537 ], [ 86.0576248, 51.9407298 ], [ 86.0573834, 51.9407629 ], [ 86.0571366, 51.940829 ], [ 86.0570133, 51.9408422 ], [ 86.0561281, 51.941077 ], [ 86.055994, 51.9411002 ], [ 86.0558814, 51.9411299 ], [ 86.0556507, 51.9411796 ], [ 86.0554522, 51.9412556 ], [ 86.0553503, 51.9413019 ], [ 86.0552806, 51.9413614 ], [ 86.0550123, 51.9414904 ], [ 86.0548997, 51.9415334 ], [ 86.0547763, 51.9415532 ], [ 86.0545242, 51.94154 ], [ 86.0544062, 51.94154 ], [ 86.0540414, 51.9415698 ], [ 86.053918, 51.9416062 ], [ 86.0538107, 51.9416558 ], [ 86.0536069, 51.9417583 ], [ 86.0534888, 51.9417913 ], [ 86.0533762, 51.9418046 ], [ 86.0531187, 51.9418509 ], [ 86.0528666, 51.9418906 ], [ 86.0527432, 51.9419203 ], [ 86.0522604, 51.9421088 ], [ 86.0521746, 51.9421551 ], [ 86.0517186, 51.9422609 ], [ 86.0516113, 51.9422841 ], [ 86.0513431, 51.9423568 ], [ 86.0485589, 51.9430579 ], [ 86.0471696, 51.943425 ], [ 86.0469335, 51.9434712 ], [ 86.0468209, 51.9435076 ], [ 86.0467404, 51.9435605 ], [ 86.046676, 51.9436201 ], [ 86.0465902, 51.943663 ], [ 86.0463703, 51.9436465 ], [ 86.0462469, 51.9436531 ], [ 86.0446966, 51.9440863 ], [ 86.0445785, 51.9440929 ], [ 86.0444605, 51.9441293 ], [ 86.0443425, 51.9441756 ], [ 86.0437578, 51.9442748 ], [ 86.043629, 51.944288 ], [ 86.0418856, 51.944784 ], [ 86.0416603, 51.9448303 ], [ 86.0413331, 51.9449593 ], [ 86.0412312, 51.9450056 ], [ 86.0411292, 51.9450387 ], [ 86.0408932, 51.945085 ], [ 86.0406893, 51.9451577 ], [ 86.0405981, 51.9452073 ], [ 86.0405391, 51.9452701 ], [ 86.0404909, 51.945333 ], [ 86.0405713, 51.9453925 ], [ 86.0406572, 51.9454421 ], [ 86.0407644, 51.9454586 ], [ 86.0408825, 51.9454553 ], [ 86.040979, 51.9454917 ], [ 86.0410434, 51.9455479 ], [ 86.0410488, 51.9456173 ], [ 86.0409522, 51.9456636 ], [ 86.0408395, 51.9456901 ], [ 86.0407323, 51.9457331 ], [ 86.0406679, 51.9457926 ], [ 86.0406947, 51.9458587 ], [ 86.0407269, 51.9459282 ], [ 86.0407215, 51.9460009 ], [ 86.0406303, 51.9461398 ], [ 86.0405928, 51.9462125 ], [ 86.0405177, 51.9462687 ], [ 86.0404104, 51.9463018 ], [ 86.0403138, 51.946239 ], [ 86.0402495, 51.9461729 ], [ 86.0402173, 51.9461067 ], [ 86.0402173, 51.9460406 ], [ 86.0401797, 51.9459778 ], [ 86.0401207, 51.9459083 ], [ 86.0400939, 51.9458422 ], [ 86.0400885, 51.9457694 ], [ 86.0400617, 51.9456934 ], [ 86.0399973, 51.9456339 ], [ 86.0399008, 51.9455876 ], [ 86.0398042, 51.9455578 ], [ 86.0396862, 51.9455347 ], [ 86.039477, 51.9454718 ], [ 86.0393536, 51.9454718 ], [ 86.039241, 51.9454917 ], [ 86.0390532, 51.9455843 ], [ 86.0389513, 51.9456173 ], [ 86.0388493, 51.9456504 ], [ 86.0387367, 51.9456769 ], [ 86.0386187, 51.9457132 ], [ 86.0385221, 51.9457562 ], [ 86.0384148, 51.945786 ], [ 86.038329, 51.9458422 ], [ 86.0382646, 51.9459017 ], [ 86.0381788, 51.9459612 ], [ 86.0380554, 51.9459976 ], [ 86.037932, 51.9460207 ], [ 86.037814, 51.9460174 ], [ 86.0377067, 51.945991 ], [ 86.0365909, 51.9461993 ], [ 86.0363012, 51.946325 ], [ 86.036194, 51.946358 ], [ 86.0360652, 51.9463845 ], [ 86.0358345, 51.9464572 ], [ 86.0356092, 51.9465035 ], [ 86.0354, 51.946573 ], [ 86.0352981, 51.9466192 ], [ 86.0351962, 51.9466556 ], [ 86.0350835, 51.9466887 ], [ 86.0341287, 51.9469201 ], [ 86.0340214, 51.9469565 ], [ 86.03378, 51.947026 ], [ 86.033678, 51.9470689 ], [ 86.0334206, 51.9472078 ], [ 86.0330772, 51.9473103 ], [ 86.0329646, 51.9473335 ], [ 86.032868, 51.9473698 ], [ 86.0327876, 51.947426 ], [ 86.0326695, 51.9475517 ], [ 86.0325086, 51.9476674 ], [ 86.0324496, 51.9477336 ], [ 86.0324764, 51.9479452 ], [ 86.0325891, 51.9479683 ], [ 86.0326695, 51.9479253 ], [ 86.0327178, 51.9478658 ], [ 86.0327607, 51.947803 ], [ 86.0327554, 51.9477369 ], [ 86.0328412, 51.9476972 ], [ 86.0329592, 51.9476608 ], [ 86.0330343, 51.9476178 ], [ 86.0330987, 51.9475583 ], [ 86.0331684, 51.9475054 ], [ 86.0332918, 51.9474856 ], [ 86.0333937, 51.9474591 ], [ 86.0334957, 51.9474095 ], [ 86.0335654, 51.9473533 ], [ 86.033662, 51.9473302 ], [ 86.0337424, 51.9473963 ], [ 86.0337639, 51.947479 ], [ 86.0337532, 51.9475484 ], [ 86.0337156, 51.9476244 ], [ 86.0335976, 51.94776 ], [ 86.03356, 51.9478228 ], [ 86.0335654, 51.947889 ], [ 86.0335869, 51.9479551 ], [ 86.0336566, 51.948094 ], [ 86.0336459, 51.9481766 ], [ 86.0335332, 51.9484114 ], [ 86.0335225, 51.9484808 ], [ 86.0335225, 51.9486197 ], [ 86.033501, 51.9487784 ], [ 86.0335171, 51.9488545 ], [ 86.0335708, 51.9489206 ], [ 86.033662, 51.9489801 ], [ 86.0337585, 51.9490198 ], [ 86.0338765, 51.9490032 ], [ 86.0339785, 51.9489999 ], [ 86.0339946, 51.9489735 ], [ 86.0340053, 51.9490396 ], [ 86.0339999, 51.949109 ], [ 86.033957, 51.949195 ], [ 86.0339034, 51.9492545 ], [ 86.0338336, 51.9493174 ], [ 86.0337961, 51.9493802 ], [ 86.0338068, 51.9494496 ], [ 86.0338819, 51.9494959 ], [ 86.0339946, 51.9494926 ], [ 86.0340965, 51.9494661 ], [ 86.0342735, 51.9493868 ], [ 86.0343754, 51.9493967 ], [ 86.0344773, 51.9494265 ], [ 86.0345149, 51.9494959 ], [ 86.0344881, 51.9495686 ], [ 86.0344934, 51.9497174 ], [ 86.0346812, 51.9498001 ], [ 86.0347027, 51.9498728 ], [ 86.0346919, 51.949939 ], [ 86.0345739, 51.9500712 ], [ 86.034531, 51.9501539 ], [ 86.0345364, 51.9502233 ], [ 86.0345846, 51.9502927 ], [ 86.034649, 51.9503522 ], [ 86.0347187, 51.9504051 ], [ 86.0347778, 51.9504614 ], [ 86.034826, 51.9505275 ], [ 86.0349387, 51.9505605 ], [ 86.0351694, 51.9506167 ], [ 86.0352713, 51.9506564 ], [ 86.0359096, 51.9507589 ], [ 86.0361296, 51.950825 ], [ 86.0362422, 51.9508416 ], [ 86.036309242923508, 51.950832923856957 ], [ 86.036263400000024, 51.9507263 ] ], [ [ 86.0601085, 51.9425586 ], [ 86.0600442, 51.9424957 ], [ 86.0600764, 51.9424296 ], [ 86.0601461, 51.9423634 ], [ 86.060189, 51.9423006 ], [ 86.0600603, 51.9421882 ], [ 86.0600603, 51.9421187 ], [ 86.0600924, 51.9420493 ], [ 86.0600388, 51.9419831 ], [ 86.0598457, 51.9418839 ], [ 86.059792, 51.9418211 ], [ 86.0598081, 51.941755 ], [ 86.059894, 51.9417087 ], [ 86.0600924, 51.9416458 ], [ 86.0601997, 51.9415235 ], [ 86.060307, 51.9415069 ], [ 86.0604304, 51.9415433 ], [ 86.0605001, 51.9416062 ], [ 86.0605323, 51.9416756 ], [ 86.0606343, 51.9416988 ], [ 86.0606879, 51.9417649 ], [ 86.0607094, 51.9419071 ], [ 86.0608005, 51.9419501 ], [ 86.0608971, 51.9419898 ], [ 86.0609239, 51.9420625 ], [ 86.0609132, 51.9421353 ], [ 86.0608649, 51.942208 ], [ 86.0608756, 51.9423568 ], [ 86.0608113, 51.942423 ], [ 86.0607147, 51.9424759 ], [ 86.0605967, 51.9424924 ], [ 86.0603177, 51.9424825 ], [ 86.0601085, 51.9425586 ] ], [ [ 86.0529819, 51.9445989 ], [ 86.052939, 51.9445674 ], [ 86.0529605, 51.944536 ], [ 86.0530168, 51.9445063 ], [ 86.0530302, 51.9444666 ], [ 86.0530624, 51.9444385 ], [ 86.0530154, 51.9443781 ], [ 86.053053, 51.9443203 ], [ 86.0530959, 51.9442508 ], [ 86.0532045, 51.94415 ], [ 86.0533561, 51.9441086 ], [ 86.0534486, 51.9441095 ], [ 86.0535197, 51.9441301 ], [ 86.0535639, 51.9441268 ], [ 86.0536391, 51.9440979 ], [ 86.0536981, 51.9440847 ], [ 86.0537222, 51.9441293 ], [ 86.053749, 51.9440979 ], [ 86.053808, 51.9440599 ], [ 86.0538536, 51.9440367 ], [ 86.05391, 51.9440185 ], [ 86.0539877, 51.9440384 ], [ 86.0540146, 51.9440698 ], [ 86.0540146, 51.9441458 ], [ 86.054028, 51.9441872 ], [ 86.0540333, 51.9442219 ], [ 86.0540843, 51.9442483 ], [ 86.0541245, 51.9442765 ], [ 86.0541218, 51.9443161 ], [ 86.0541299, 51.9443492 ], [ 86.0542211, 51.9443856 ], [ 86.0542747, 51.9443955 ], [ 86.0543767, 51.9444236 ], [ 86.0544705, 51.9444418 ], [ 86.0545, 51.9444732 ], [ 86.0545135, 51.9445079 ], [ 86.054543, 51.9445377 ], [ 86.0545912, 51.9445658 ], [ 86.054669, 51.9445757 ], [ 86.0546985, 51.9446038 ], [ 86.0546556, 51.9446766 ], [ 86.0545939, 51.9447262 ], [ 86.054543, 51.9447559 ], [ 86.0544571, 51.9448188 ], [ 86.0544142, 51.9448601 ], [ 86.0541192, 51.9450205 ], [ 86.0539824, 51.9450568 ], [ 86.0538885, 51.9450833 ], [ 86.0538295, 51.9450866 ], [ 86.0537732, 51.9450816 ], [ 86.0537222, 51.9450949 ], [ 86.0536256, 51.9451263 ], [ 86.0533816, 51.9451709 ], [ 86.0533199, 51.9451693 ], [ 86.0532877, 51.9451362 ], [ 86.0532877, 51.9450998 ], [ 86.0532716, 51.9450006 ], [ 86.0532314, 51.9449725 ], [ 86.0532099, 51.9449395 ], [ 86.0532099, 51.9449031 ], [ 86.0532153, 51.9448684 ], [ 86.0531858, 51.9448419 ], [ 86.0531455, 51.9448155 ], [ 86.0531133, 51.9447873 ], [ 86.0530168, 51.9446319 ], [ 86.0529819, 51.9445989 ] ], [ [ 86.0481244, 51.9452338 ], [ 86.0479957, 51.9451114 ], [ 86.0479581, 51.9450486 ], [ 86.047883, 51.944999 ], [ 86.0478616, 51.9449262 ], [ 86.047942, 51.9448799 ], [ 86.0480493, 51.9448766 ], [ 86.0481512, 51.9448932 ], [ 86.0482585, 51.9448866 ], [ 86.0482854, 51.944956 ], [ 86.0482371, 51.9450188 ], [ 86.0482264, 51.945085 ], [ 86.0483175, 51.9451213 ], [ 86.0484356, 51.9451379 ], [ 86.0485482, 51.9451246 ], [ 86.0486448, 51.9450883 ], [ 86.0487628, 51.9451015 ], [ 86.0488594, 51.9451445 ], [ 86.0489505, 51.945204 ], [ 86.0492456, 51.9453065 ], [ 86.0492778, 51.9454388 ], [ 86.0494816, 51.9456206 ], [ 86.0495192, 51.9456835 ], [ 86.0494602, 51.9457595 ], [ 86.0492402, 51.9458223 ], [ 86.0491866, 51.9458885 ], [ 86.0491222, 51.945948 ], [ 86.049031, 51.9460009 ], [ 86.0489345, 51.9460472 ], [ 86.0488218, 51.9462225 ], [ 86.0488111, 51.9462919 ], [ 86.0487252, 51.9463448 ], [ 86.0486233, 51.9463679 ], [ 86.048516, 51.9463779 ], [ 86.0484838, 51.9463084 ], [ 86.0486448, 51.9462026 ], [ 86.0486501, 51.9461365 ], [ 86.0487199, 51.9460803 ], [ 86.0487789, 51.9460141 ], [ 86.0488003, 51.9459414 ], [ 86.0487038, 51.9458124 ], [ 86.0487306, 51.9456835 ], [ 86.0486501, 51.9455611 ], [ 86.0485804, 51.9455016 ], [ 86.0484785, 51.9454553 ], [ 86.0483658, 51.9454454 ], [ 86.0483122, 51.9453859 ], [ 86.0481673, 51.9453065 ], [ 86.0481244, 51.9452338 ] ] ] ] } },
{ "type": "Feature", "properties": { "fid": 11, "natural": "wood", "Растительность": null, "Area": 27.216371827735006, "Sum": 3980.1286288703418 }, "geometry": { "type": "MultiPolygon", "coordinates": [ [ [ [ 85.9523374, 51.9419703 ], [ 85.9526593, 51.9411616 ], [ 85.9528855, 51.9406123 ], [ 85.9516711, 51.9388308 ], [ 85.9514522, 51.9376442 ], [ 85.9511411, 51.9370886 ], [ 85.9504264, 51.9366327 ], [ 85.949308, 51.9363673 ], [ 85.946945, 51.9358905 ], [ 85.9463435, 51.9364998 ], [ 85.9468591, 51.9376918 ], [ 85.9440664, 51.9388308 ], [ 85.9435508, 51.9396519 ], [ 85.9448397, 51.9408438 ], [ 85.9459568, 51.9414 ], [ 85.9473746, 51.9424594 ], [ 85.9475659, 51.9422986 ], [ 85.9471168, 51.9417443 ], [ 85.946945, 51.9412411 ], [ 85.9480621, 51.9416384 ], [ 85.9488784, 51.9416384 ], [ 85.9499525, 51.9421151 ], [ 85.9506476, 51.9422376 ], [ 85.9510696, 51.9421583 ], [ 85.9507688, 51.9416914 ], [ 85.9497806, 51.9412941 ], [ 85.948148, 51.9404465 ], [ 85.9486206, 51.9400227 ], [ 85.9503392, 51.9411616 ], [ 85.9511126, 51.9413206 ], [ 85.951843, 51.942274 ], [ 85.9523374, 51.9419703 ] ] ] ] } },
{ "type": "Feature", "properties": { "fid": 12, "natural": "wood", "Растительность": null, "Area": 0.48577718107104301, "Sum": 3980.1286288703418 }, "geometry": { "type": "MultiPolygon", "coordinates": [ [ [ [ 85.949185, 51.9426817 ], [ 85.9497994, 51.9423793 ], [ 85.9487448, 51.9417251 ], [ 85.9484109, 51.9422465 ], [ 85.949185, 51.9426817 ] ] ] ] } },
{ "type": "Feature", "properties": { "fid": 13, "natural": "wood", "Растительность": null, "Area": 18.658832369071245, "Sum": 3980.1286288703418 }, "geometry": { "type": "MultiPolygon", "coordinates": [ [ [ [ 85.9453312, 51.9416532 ], [ 85.942499, 51.9402123 ], [ 85.9419216, 51.940331 ], [ 85.9416466, 51.942077 ], [ 85.9437778, 51.9427531 ], [ 85.9451937, 51.9440772 ], [ 85.9467534, 51.9449633 ], [ 85.947227, 51.945084 ], [ 85.947641, 51.9452758 ], [ 85.9480535, 51.9451789 ], [ 85.9490174, 51.945641 ], [ 85.9501158, 51.9456366 ], [ 85.9516368, 51.9457928 ], [ 85.9525905, 51.9454501 ], [ 85.9531518, 51.9453909 ], [ 85.952838, 51.9442128 ], [ 85.9519581, 51.9435517 ], [ 85.9511332, 51.9433483 ], [ 85.9498958, 51.94345 ], [ 85.947971, 51.9431618 ], [ 85.9469536, 51.9425855 ], [ 85.9453312, 51.9416532 ] ] ] ] } },
{ "type": "Feature", "properties": { "fid": 14, "natural": "wood", "Растительность": null, "Area": 14.806912362835883, "Sum": 3980.1286288703418 }, "geometry": { "type": "MultiPolygon", "coordinates": [ [ [ [ 85.9443891, 51.9442333 ], [ 85.9447136, 51.9442344 ], [ 85.9447162, 51.9438652 ], [ 85.9441206, 51.943378 ], [ 85.9432727, 51.9428004 ], [ 85.941423, 51.9420181 ], [ 85.941099, 51.9417592 ], [ 85.9406033, 51.9415268 ], [ 85.9395157, 51.9413132 ], [ 85.9385139, 51.9411922 ], [ 85.9377119, 51.9409369 ], [ 85.9369542, 51.9408556 ], [ 85.9361643, 51.9409859 ], [ 85.9360651, 51.9413259 ], [ 85.9361677, 51.9424278 ], [ 85.9361883, 51.9426495 ], [ 85.9381417, 51.9422264 ], [ 85.9396449, 51.9421533 ], [ 85.9412446, 51.9423645 ], [ 85.9388752, 51.9423601 ], [ 85.9374177, 51.9425342 ], [ 85.9366097, 51.9427334 ], [ 85.9367352, 51.9431046 ], [ 85.9364704, 51.9440942 ], [ 85.9387236, 51.9442343 ], [ 85.9408695, 51.9443744 ], [ 85.9443891, 51.9442333 ] ] ] ] } },
{ "type": "Feature", "properties": { "fid": 15, "natural": "wood", "Растительность": null, "Area": 21.634057210855186, "Sum": 3980.1286288703418 }, "geometry": { "type": "MultiPolygon", "coordinates": [ [ [ [ 85.9572228, 51.9803991 ], [ 85.9590467, 51.9806503 ], [ 85.9607848, 51.9807163 ], [ 85.9628447, 51.9805445 ], [ 85.9645184, 51.9804256 ], [ 85.9643467, 51.9819983 ], [ 85.9637674, 51.9829366 ], [ 85.9629949, 51.9840335 ], [ 85.9620937, 51.9846943 ], [ 85.9613427, 51.9850114 ], [ 85.9606775, 51.9848925 ], [ 85.959905, 51.9843507 ], [ 85.9587892, 51.9837428 ], [ 85.9577163, 51.9832406 ], [ 85.9566434, 51.9828441 ], [ 85.9556993, 51.9825534 ], [ 85.9544118, 51.9819719 ], [ 85.9542402, 51.981734 ], [ 85.9547122, 51.9814168 ], [ 85.9552272, 51.9812582 ], [ 85.9560855, 51.9812318 ], [ 85.9569009, 51.9808749 ], [ 85.9570297, 51.9804124 ], [ 85.9572228, 51.9803991 ] ] ] ] } },
{ "type": "Feature", "properties": { "fid": 16, "natural": "wood", "Растительность": null, "Area": 1.2183129136025905, "Sum": 3980.1286288703418 }, "geometry": { "type": "MultiPolygon", "coordinates": [ [ [ [ 85.928884676949238, 51.962628693981095 ], [ 85.927655082950878, 51.962285018423884 ], [ 85.926338, 51.9621914 ], [ 85.926216331210526, 51.962308450931943 ], [ 85.926698027828436, 51.962542775338818 ], [ 85.92745226332228, 51.962695085546414 ], [ 85.928802262649128, 51.963049981678751 ], [ 85.930475543410992, 51.963538641350958 ], [ 85.929613559989463, 51.962784909272393 ], [ 85.928884676949238, 51.962628693981095 ] ] ] ] } },
{ "type": "Feature", "properties": { "fid": 18, "natural": "wood", "Растительность": null, "Area": 3.2428668599516155, "Sum": 3980.1286288703418 }, "geometry": { "type": "MultiPolygon", "coordinates": [ [ [ [ 85.9290395, 51.9637628 ], [ 85.9276239, 51.9633699 ], [ 85.9262083, 51.9632035 ], [ 85.925683929685476, 51.96307390612607 ], [ 85.9253438, 51.9631968 ], [ 85.925481110056865, 51.963441007550806 ], [ 85.9269107, 51.9637694 ], [ 85.927826212012477, 51.964284548369008 ], [ 85.928929043742968, 51.964698502408154 ], [ 85.929993846793067, 51.964596966865628 ], [ 85.93083047776102, 51.964659450303628 ], [ 85.93169246118255, 51.964729744067263 ], [ 85.931945985718286, 51.964425136961971 ], [ 85.931464289100376, 51.964253306399584 ], [ 85.930209342648453, 51.963847158815305 ], [ 85.9290395, 51.9637628 ] ] ] ] } },
{ "type": "Feature", "properties": { "fid": 19, "natural": "wood", "Растительность": null, "Area": 2.6728370665624737, "Sum": 3980.1286288703418 }, "geometry": { "type": "MultiPolygon", "coordinates": [ [ [ [ 85.937611781647661, 51.977878715003392 ], [ 85.938888, 51.9780287 ], [ 85.9393391, 51.9783118 ], [ 85.9400257, 51.978107 ], [ 85.9392211, 51.9774197 ], [ 85.9390382, 51.9766078 ], [ 85.9387485, 51.9760196 ], [ 85.9381911, 51.9760318 ], [ 85.9378478, 51.9767852 ], [ 85.9372363, 51.9771091 ], [ 85.9367427, 51.9771091 ], [ 85.9363458, 51.9768447 ], [ 85.936117336213471, 51.976889946628084 ], [ 85.937611781647661, 51.977878715003392 ] ] ] ] } },
{ "type": "Feature", "properties": { "fid": 20, "natural": "wood", "Растительность": null, "Area": 3.6183581990912557, "Sum": 3980.1286288703418 }, "geometry": { "type": "MultiPolygon", "coordinates": [ [ [ [ 85.9405944, 51.9745911 ], [ 85.9407339, 51.9752123 ], [ 85.94142, 51.9759535 ], [ 85.941914, 51.976316 ], [ 85.9416667, 51.9767796 ], [ 85.9420637, 51.9769647 ], [ 85.9433404, 51.9767334 ], [ 85.9441456, 51.9768976 ], [ 85.9451429, 51.9768788 ], [ 85.9452287, 51.9766276 ], [ 85.9437916, 51.9762962 ], [ 85.9429011, 51.9759327 ], [ 85.9419784, 51.9754238 ], [ 85.9415594, 51.974949 ], [ 85.9421501, 51.9741879 ], [ 85.9418604, 51.9734279 ], [ 85.9413132, 51.9735138 ], [ 85.9413132, 51.9740029 ], [ 85.9410128, 51.9744325 ], [ 85.9405944, 51.9745911 ] ] ] ] } },
{ "type": "Feature", "properties": { "fid": 21, "natural": "wood", "Растительность": null, "Area": 61.218039536050519, "Sum": 3980.1286288703418 }, "geometry": { "type": "MultiPolygon", "coordinates": [ [ [ [ 85.9374401, 51.9709626 ], [ 85.9389094, 51.970871 ], [ 85.939242, 51.9711883 ], [ 85.9382764, 51.9715452 ], [ 85.9358737, 51.9717425 ], [ 85.9345219, 51.9715772 ], [ 85.9331808, 51.9717689 ], [ 85.9332451, 51.9720135 ], [ 85.9349188, 51.9722448 ], [ 85.9366676, 51.9722712 ], [ 85.9379014, 51.9724695 ], [ 85.9387383, 51.9723836 ], [ 85.9394888, 51.971836 ], [ 85.9408728, 51.9717303 ], [ 85.9408948, 51.9726546 ], [ 85.9413132, 51.9735138 ], [ 85.9418604, 51.9734279 ], [ 85.9416887, 51.9724893 ], [ 85.9420857, 51.9717755 ], [ 85.9417633, 51.9710825 ], [ 85.9402189, 51.9699975 ], [ 85.9388665, 51.9695689 ], [ 85.9390167, 51.9690401 ], [ 85.9385452, 51.9689466 ], [ 85.9384403, 51.9693262 ], [ 85.936493582078143, 51.968658209159088 ], [ 85.93620797563257, 51.967663802770026 ], [ 85.935289340533373, 51.966729164956384 ], [ 85.934760108065007, 51.965594731689237 ], [ 85.934845672595813, 51.964862520875585 ], [ 85.934489090591299, 51.964425839905289 ], [ 85.934440033338632, 51.964214253907159 ], [ 85.934604824286865, 51.96414591196357 ], [ 85.934953420523499, 51.964341174383101 ], [ 85.935095582788705, 51.964279189254221 ], [ 85.934736647020998, 51.963474735717838 ], [ 85.934493907302496, 51.963441007550806 ], [ 85.934202354086381, 51.963612841227238 ], [ 85.933758686148849, 51.963628462437889 ], [ 85.932865474545878, 51.963661680354711 ], [ 85.932034719305804, 51.963433196913506 ], [ 85.932055056035196, 51.963974953053352 ], [ 85.932707903595656, 51.964764524517015 ], [ 85.933535960973941, 51.964784851414535 ], [ 85.933562204633617, 51.965495157913317 ], [ 85.932655854418329, 51.96597548747819 ], [ 85.931863590244149, 51.966252748542239 ], [ 85.931324850605662, 51.966420666380891 ], [ 85.930792449080613, 51.966729164956398 ], [ 85.929892436978747, 51.966647159213146 ], [ 85.927840917148032, 51.966089606909058 ], [ 85.926934182167656, 51.965218590237889 ], [ 85.922761470844492, 51.965335427420065 ], [ 85.921386474936682, 51.965983051923885 ], [ 85.920298215357079, 51.966274878504485 ], [ 85.922997726047669, 51.966762983109881 ], [ 85.923326131503728, 51.96723032435893 ], [ 85.924420271229749, 51.967778747304571 ], [ 85.925117323832197, 51.968000156490476 ], [ 85.925045038408527, 51.968399040792292 ], [ 85.924838655699261, 51.968573309696417 ], [ 85.924208651739633, 51.968464209961375 ], [ 85.922335864410528, 51.967674207599707 ], [ 85.921836941052177, 51.966820019237744 ], [ 85.920077367980511, 51.966583336307373 ], [ 85.920111382445086, 51.966891778501214 ], [ 85.921072078409722, 51.967551964475341 ], [ 85.921445472979599, 51.967636132153658 ], [ 85.92168131894438, 51.967759831002773 ], [ 85.922757297612065, 51.968580427507753 ], [ 85.924253805020328, 51.969258686514635 ], [ 85.925917117130339, 51.969797244039832 ], [ 85.926756389150142, 51.969759639477047 ], [ 85.928089782382628, 51.969853562686737 ], [ 85.927837202011162, 51.970444816587808 ], [ 85.933340481017424, 51.970279384333125 ], [ 85.9372177, 51.9702959 ], [ 85.9373001, 51.9703555 ], [ 85.931126128466929, 51.970629497066724 ], [ 85.931209280666792, 51.970941015388007 ], [ 85.930870826125599, 51.971277266118449 ], [ 85.931223784032611, 51.971628356372044 ], [ 85.932158914426537, 51.971664650902675 ], [ 85.936151689611606, 51.971050418147499 ], [ 85.9374401, 51.9709626 ] ] ] ] } },
{ "type": "Feature", "properties": { "fid": 22, "natural": "wood", "Растительность": null, "Area": 34.032891207072325, "Sum": 3980.1286288703418 }, "geometry": { "type": "MultiPolygon", "coordinates": [ [ [ [ 85.919978601005539, 51.968218976845314 ], [ 85.919012090561267, 51.967189626539906 ], [ 85.918556371641159, 51.967292900209721 ], [ 85.917915523579907, 51.967723963404993 ], [ 85.917699799246094, 51.968337200971803 ], [ 85.917683960502686, 51.969221660404848 ], [ 85.917852801602479, 51.969547082244603 ], [ 85.918342164447239, 51.969270024561688 ], [ 85.918700192821476, 51.968732848711227 ], [ 85.918981346650327, 51.968856074960129 ], [ 85.918601049441477, 51.969300190126312 ], [ 85.91793850144677, 51.969639483548292 ], [ 85.917327116641061, 51.970368478226135 ], [ 85.917295911702027, 51.970631583593466 ], [ 85.916522186775083, 51.970512981051208 ], [ 85.91609119506434, 51.970470029307258 ], [ 85.915856684868757, 51.97056374215007 ], [ 85.917504418364985, 51.971550461383167 ], [ 85.91840667796167, 51.971866951765378 ], [ 85.919152503833416, 51.972383294336467 ], [ 85.920014487254932, 51.972617566073126 ], [ 85.921349988288469, 51.972418490103713 ], [ 85.920917993969638, 51.971906619572721 ], [ 85.919791266430735, 51.971492600900994 ], [ 85.919090467794291, 51.970509186715468 ], [ 85.9194902, 51.9702448 ], [ 85.9207777, 51.9706727 ], [ 85.9221939, 51.9713205 ], [ 85.9231488, 51.9718486 ], [ 85.923889, 51.9722524 ], [ 85.9241787, 51.9732101 ], [ 85.928473310871354, 51.973550115864931 ], [ 85.929834338120159, 51.973874976073489 ], [ 85.930641066104897, 51.974285719829552 ], [ 85.931311050659559, 51.973984484961271 ], [ 85.931750649212972, 51.973017554901908 ], [ 85.933189955769919, 51.972967822555283 ], [ 85.934050557183269, 51.972539787851446 ], [ 85.933956870834237, 51.972272075609006 ], [ 85.932680770302269, 51.971933184978475 ], [ 85.930837816768687, 51.971923379041812 ], [ 85.930533253370527, 51.971411496112644 ], [ 85.931089163770466, 51.970915982282612 ], [ 85.931005056105533, 51.970549946524606 ], [ 85.927962806625061, 51.97067082097481 ], [ 85.926265491780725, 51.970995863877178 ], [ 85.925214425159524, 51.970462800838504 ], [ 85.9238569, 51.9700904 ], [ 85.9225479, 51.9697341 ], [ 85.9220442, 51.9689267 ], [ 85.9214214, 51.9679693 ], [ 85.9203056, 51.9679627 ], [ 85.919978601005539, 51.968218976845314 ] ] ] ] } },
{ "type": "Feature", "properties": { "fid": 25, "natural": "wood", "Растительность": null, "Area": 5.2887439597964283, "Sum": 3980.1286288703418 }, "geometry": { "type": "MultiPolygon", "coordinates": [ [ [ [ 85.9177415, 51.9731971 ], [ 85.9180634, 51.9742149 ], [ 85.9184271, 51.9743563 ], [ 85.9187929, 51.974162 ], [ 85.9201018, 51.9740431 ], [ 85.9204226, 51.9739069 ], [ 85.9215599, 51.9739598 ], [ 85.9226982, 51.9734879 ], [ 85.9230201, 51.9732367 ], [ 85.9241787, 51.9732101 ], [ 85.923889, 51.9722524 ], [ 85.9221189, 51.9723379 ], [ 85.920531, 51.972827 ], [ 85.9193723, 51.9731178 ], [ 85.9185773, 51.9731799 ], [ 85.9177415, 51.9731971 ] ] ] ] } },
{ "type": "Feature", "properties": { "fid": 26, "natural": "wood", "Растительность": null, "Area": 5.1312251412287351, "Sum": 3980.1286288703418 }, "geometry": { "type": "MultiPolygon", "coordinates": [ [ [ [ 85.94152890688629, 51.98277834855832 ], [ 85.9432118, 51.9821181 ], [ 85.9431045, 51.9814051 ], [ 85.942595178105719, 51.981363246596963 ], [ 85.94152890688629, 51.98277834855832 ] ] ], [ [ [ 85.937125749748148, 51.988621999018697 ], [ 85.937783, 51.9888048 ], [ 85.9390704, 51.9885405 ], [ 85.9402291, 51.9880252 ], [ 85.9403579, 51.9875495 ], [ 85.9393494, 51.9872852 ], [ 85.9397785, 51.9865848 ], [ 85.9405725, 51.9861091 ], [ 85.940315, 51.9853426 ], [ 85.940084925520537, 51.984694728580202 ], [ 85.937125749748148, 51.988621999018697 ] ] ] ] } },
{ "type": "Feature", "properties": { "fid": 27, "natural": "tree_row", "Растительность": null, "Area": 0.13670325187426061, "Sum": 3980.1286288703418 }, "geometry": { "type": "MultiPolygon", "coordinates": [ [ [ [ 85.8921517, 51.9769546 ], [ 85.8920498, 51.9769807 ], [ 85.8919225, 51.9768657 ], [ 85.8918122, 51.9767664 ], [ 85.8917782, 51.9767089 ], [ 85.8917188, 51.9766409 ], [ 85.8916594, 51.9765729 ], [ 85.8916849, 51.9764841 ], [ 85.8917782, 51.9764213 ], [ 85.8918037, 51.9763586 ], [ 85.8918037, 51.9762593 ], [ 85.8918715, 51.9762217 ], [ 85.8920328, 51.9762018 ], [ 85.8921432, 51.9761861 ], [ 85.8921262, 51.9762697 ], [ 85.8919615, 51.9763577 ], [ 85.8918947, 51.9764767 ], [ 85.8919277, 51.9765818 ], [ 85.8919819, 51.9766827 ], [ 85.8920963, 51.9767455 ], [ 85.8921771, 51.9768448 ], [ 85.8921721, 51.9768969 ], [ 85.8921517, 51.9769546 ] ] ] ] } },
{ "type": "Feature", "properties": { "fid": 28, "natural": "wood", "Растительность": null, "Area": 1.6299150074451805, "Sum": 3980.1286288703418 }, "geometry": { "type": "MultiPolygon", "coordinates": [ [ [ [ 85.8822475, 51.9751677 ], [ 85.882215137610856, 51.975484972772541 ], [ 85.8829452, 51.9757329 ], [ 85.8835033, 51.9757329 ], [ 85.8837553, 51.9756516 ], [ 85.8838273, 51.9754593 ], [ 85.8840009, 51.975343 ], [ 85.8842534, 51.9753706 ], [ 85.8847095, 51.9753891 ], [ 85.8852256, 51.9753891 ], [ 85.8855116, 51.9752515 ], [ 85.8856415, 51.9751214 ], [ 85.8855608, 51.9749128 ], [ 85.8853876, 51.9747015 ], [ 85.8848955, 51.9746091 ], [ 85.8844034, 51.9746349 ], [ 85.8837313, 51.9747791 ], [ 85.8834733, 51.974927 ], [ 85.8833712, 51.975219 ], [ 85.8830712, 51.9752597 ], [ 85.8826391, 51.975171 ], [ 85.8822617, 51.9749594 ], [ 85.8822475, 51.9751677 ], [ 85.8822475, 51.9751677 ], [ 85.8822475, 51.9751677 ] ] ] ] } },
{ "type": "Feature", "properties": { "fid": 29, "natural": "scrub", "Растительность": null, "Area": 0.31023871270585807, "Sum": 3980.1286288703418 }, "geometry": { "type": "MultiPolygon", "coordinates": [ [ [ [ 85.8866739, 51.9751048 ], [ 85.8862886, 51.9749197 ], [ 85.8854332, 51.9740747 ], [ 85.8854718, 51.9739798 ], [ 85.8856798, 51.9738421 ], [ 85.8860651, 51.9737045 ], [ 85.8862115, 51.973695 ], [ 85.8862269, 51.9738896 ], [ 85.8860805, 51.9739465 ], [ 85.8857569, 51.9739465 ], [ 85.8857184, 51.9740415 ], [ 85.8858339, 51.9741079 ], [ 85.8858725, 51.9742978 ], [ 85.8859418, 51.9743833 ], [ 85.8860805, 51.9744402 ], [ 85.8863117, 51.974801 ], [ 85.8864273, 51.9748627 ], [ 85.8868434, 51.9749719 ], [ 85.8868742, 51.9750716 ], [ 85.8866739, 51.9751048 ] ] ] ] } },
{ "type": "Feature", "properties": { "fid": 30, "natural": "wood", "Растительность": null, "Area": 2.9817287485152484, "Sum": 3980.1286288703418 }, "geometry": { "type": "MultiPolygon", "coordinates": [ [ [ [ 85.9454449, 51.9842897 ], [ 85.9446794, 51.9845385 ], [ 85.9448495, 51.9850361 ], [ 85.9451684, 51.9852325 ], [ 85.9462103, 51.9862801 ], [ 85.9470395, 51.9865551 ], [ 85.9476986, 51.9860444 ], [ 85.9473372, 51.9847873 ], [ 85.9463166, 51.9847349 ], [ 85.946104, 51.9843814 ], [ 85.9454449, 51.9842897 ] ] ] ] } },
{ "type": "Feature", "properties": { "fid": 31, "natural": "wood", "Растительность": null, "Area": 5.5655419484548272, "Sum": 3980.1286288703418 }, "geometry": { "type": "MultiPolygon", "coordinates": [ [ [ [ 85.9418058, 51.9845083 ], [ 85.9412044, 51.9856195 ], [ 85.9421516, 51.9873046 ], [ 85.9427021, 51.9873014 ], [ 85.9424257, 51.9888465 ], [ 85.9429572, 51.9889381 ], [ 85.9440628, 51.9875764 ], [ 85.943914, 51.987249 ], [ 85.9431486, 51.9872883 ], [ 85.9430635, 51.9864372 ], [ 85.9440203, 51.9865681 ], [ 85.9443392, 51.9859134 ], [ 85.9442329, 51.9854682 ], [ 85.942532, 51.9845385 ], [ 85.9418058, 51.9845083 ] ] ] ] } },
{ "type": "Feature", "properties": { "fid": 32, "natural": "wood", "Растительность": null, "Area": 0.53149522663056847, "Sum": 3980.1286288703418 }, "geometry": { "type": "MultiPolygon", "coordinates": [ [ [ [ 85.938472628384446, 51.991939315036852 ], [ 85.9380894, 51.9917402 ], [ 85.9367712, 51.9913081 ], [ 85.9362821, 51.9915961 ], [ 85.936603739984008, 51.991872547769916 ], [ 85.938472628384446, 51.991939315036852 ] ] ] ] } },
{ "type": "Feature", "properties": { "fid": 33, "natural": "scrub", "Растительность": null, "Area": 20.788770392909274, "Sum": 3980.1286288703418 }, "geometry": { "type": "MultiPolygon", "coordinates": [ [ [ [ 85.944528439037839, 51.992155662854252 ], [ 85.9449771, 51.9916353 ], [ 85.9478687, 51.9897237 ], [ 85.9482727, 51.9890429 ], [ 85.9480601, 51.9878383 ], [ 85.948868, 51.9859527 ], [ 85.9499737, 51.9835171 ], [ 85.9497185, 51.9830981 ], [ 85.9484853, 51.9837135 ], [ 85.9477199, 51.9834255 ], [ 85.9473797, 51.9841064 ], [ 85.9473372, 51.9847873 ], [ 85.9476986, 51.9860444 ], [ 85.9470395, 51.9865551 ], [ 85.9462103, 51.9862801 ], [ 85.944807, 51.9866467 ], [ 85.943914, 51.987249 ], [ 85.9440628, 51.9875764 ], [ 85.9429572, 51.9889381 ], [ 85.9424257, 51.9888465 ], [ 85.943425, 51.990614 ], [ 85.9441266, 51.9912949 ], [ 85.9427268, 51.9919338 ], [ 85.94306753515508, 51.992103471102467 ], [ 85.944528439037839, 51.992155662854252 ] ] ] ] } },
{ "type": "Feature", "properties": { "fid": 34, "natural": "wood", "Растительность": null, "Area": 30.190204273186996, "Sum": 3980.1286288703418 }, "geometry": { "type": "MultiPolygon", "coordinates": [ [ [ [ 85.950525530552611, 51.99236991289181 ], [ 85.9506732, 51.9921934 ], [ 85.951311, 51.9921934 ], [ 85.951565188979245, 51.992407055372695 ], [ 85.954045690393173, 51.992495672916682 ], [ 85.9549681, 51.9922457 ], [ 85.9553295, 51.9919184 ], [ 85.9554571, 51.9909496 ], [ 85.9587102, 51.9886452 ], [ 85.9588803, 51.9877941 ], [ 85.9573919, 51.9872965 ], [ 85.9577321, 51.9865764 ], [ 85.958774, 51.9860395 ], [ 85.9585826, 51.985555 ], [ 85.9573919, 51.9851098 ], [ 85.9543515, 51.9851229 ], [ 85.9531395, 51.9855681 ], [ 85.9520127, 51.9865502 ], [ 85.9515449, 51.9883702 ], [ 85.9510346, 51.9889201 ], [ 85.9509496, 51.9894308 ], [ 85.9509708, 51.9899676 ], [ 85.9525017, 51.9904651 ], [ 85.9535223, 51.9911591 ], [ 85.9542452, 51.9914209 ], [ 85.9540538, 51.9918268 ], [ 85.9530545, 51.9919708 ], [ 85.9514173, 51.9913293 ], [ 85.9505881, 51.9913554 ], [ 85.9492273, 51.991853 ], [ 85.949215765966159, 51.992323120690763 ], [ 85.950525530552611, 51.99236991289181 ] ] ] ] } },
{ "type": "Feature", "properties": { "fid": 35, "natural": "wood", "Растительность": null, "Area": 1.3049303735256195, "Sum": 3980.1286288703418 }, "geometry": { "type": "MultiPolygon", "coordinates": [ [ [ [ 85.9390394, 51.9894063 ], [ 85.9420012, 51.9909246 ], [ 85.9422718, 51.990758 ], [ 85.94146, 51.9898784 ], [ 85.9398513, 51.9892489 ], [ 85.9390394, 51.9894063 ] ] ] ] } },
{ "type": "Feature", "properties": { "fid": 36, "natural": "wood", "Растительность": null, "Area": 0.86497399677466602, "Sum": 3980.1286288703418 }, "geometry": { "type": "MultiPolygon", "coordinates": [ [ [ [ 85.935728183857975, 51.990476778737282 ], [ 85.9363483, 51.990795 ], [ 85.9377164, 51.9907395 ], [ 85.9377465, 51.9903414 ], [ 85.936119097586996, 51.989957977540577 ], [ 85.935728183857975, 51.990476778737282 ] ] ] ] } },
{ "type": "Feature", "properties": { "fid": 37, "natural": "wood", "Растительность": null, "Area": 2.4581228965997695, "Sum": 3980.1286288703418 }, "geometry": { "type": "MultiPolygon", "coordinates": [ [ [ [ 85.9466568, 51.9815135 ], [ 85.9477199, 51.9834255 ], [ 85.9484853, 51.9837135 ], [ 85.9497185, 51.9830981 ], [ 85.947082, 51.9812647 ], [ 85.9466568, 51.9815135 ] ] ] ] } },
{ "type": "Feature", "properties": { "fid": 38, "natural": "wood", "Растительность": null, "Area": 1.2018990747481584, "Sum": 3980.1286288703418 }, "geometry": { "type": "MultiPolygon", "coordinates": [ [ [ [ 85.9446582, 51.9829278 ], [ 85.9446582, 51.98336 ], [ 85.946997, 51.9842504 ], [ 85.9473797, 51.9841064 ], [ 85.946997, 51.9833469 ], [ 85.9456362, 51.9832421 ], [ 85.9446582, 51.9829278 ] ] ] ] } },
{ "type": "Feature", "properties": { "fid": 39, "natural": "wood", "Растительность": null, "Area": 1.1603624719545245, "Sum": 3980.1286288703418 }, "geometry": { "type": "MultiPolygon", "coordinates": [ [ [ [ 85.94306753515508, 51.992103471102467 ], [ 85.9427268, 51.9919338 ], [ 85.9389342, 51.9900451 ], [ 85.9386422, 51.9902869 ], [ 85.9416103, 51.9917301 ], [ 85.941694594968041, 51.992054421911554 ], [ 85.94306753515508, 51.992103471102467 ] ] ] ] } },
{ "type": "Feature", "properties": { "fid": 40, "natural": "wood", "Растительность": null, "Area": 2.4104591784929856, "Sum": 3980.1286288703418 }, "geometry": { "type": "MultiPolygon", "coordinates": [ [ [ [ 85.8958599, 51.9809585 ], [ 85.8951504, 51.9811576 ], [ 85.8943563, 51.98101 ], [ 85.8937134, 51.980451 ], [ 85.8936503, 51.980156 ], [ 85.8939024, 51.9795814 ], [ 85.8938394, 51.9792165 ], [ 85.8930831, 51.9785332 ], [ 85.8927805, 51.978075 ], [ 85.8928086, 51.9776308 ], [ 85.8933262, 51.9783102 ], [ 85.8940129, 51.9784754 ], [ 85.8948454, 51.9785213 ], [ 85.8946431, 51.9789032 ], [ 85.8944671, 51.9792845 ], [ 85.8944339, 51.9796004 ], [ 85.8945176, 51.9797868 ], [ 85.8950414, 51.9804374 ], [ 85.8958599, 51.9809585 ] ] ] ] } },
{ "type": "Feature", "properties": { "fid": 41, "natural": "wood", "Растительность": null, "Area": 10.239476652372256, "Sum": 3980.1286288703418 }, "geometry": { "type": "MultiPolygon", "coordinates": [ [ [ [ 85.890057803069226, 51.981902593746064 ], [ 85.8905017, 51.9819793 ], [ 85.8916194, 51.9820529 ], [ 85.8925536, 51.9821436 ], [ 85.892632971166833, 51.982208623960389 ], [ 85.893780655196636, 51.981826219299485 ], [ 85.8932469, 51.9808936 ], [ 85.8932847, 51.980288 ], [ 85.8935117, 51.9795581 ], [ 85.8932721, 51.9790689 ], [ 85.8925662, 51.9788515 ], [ 85.8921871, 51.9790921 ], [ 85.8920278, 51.9798982 ], [ 85.8914701, 51.9802277 ], [ 85.8905369, 51.9804169 ], [ 85.8896378, 51.9804169 ], [ 85.8879194, 51.9802207 ], [ 85.8871973, 51.980139 ], [ 85.8858991, 51.9802744 ], [ 85.8844543, 51.98076 ], [ 85.8865158, 51.9812225 ], [ 85.887793045444681, 51.981472812936794 ], [ 85.890057803069226, 51.981902593746064 ] ] ] ] } },
{ "type": "Feature", "properties": { "fid": 42, "natural": "wood", "Растительность": null, "Area": 39.644201223635676, "Sum": 3980.1286288703418 }, "geometry": { "type": "MultiPolygon", "coordinates": [ [ [ [ 85.892427582056129, 51.947839992233554 ], [ 85.8933434, 51.9470992 ], [ 85.8944432, 51.9459786 ], [ 85.8984162, 51.946615 ], [ 85.8985957, 51.9473898 ], [ 85.899335996018493, 51.947777846935757 ], [ 85.899985614225869, 51.94803265341163 ], [ 85.901619502444433, 51.94800838619058 ], [ 85.90421797527398, 51.948602929326128 ], [ 85.905143189084512, 51.949282397544145 ], [ 85.906658964901752, 51.94985265756705 ], [ 85.908548763323225, 51.949561461865628 ], [ 85.908765302725698, 51.950714100446262 ], [ 85.908883415127022, 51.951405669374154 ], [ 85.908548763323225, 51.951514863493081 ], [ 85.90754480791179, 51.951163014824566 ], [ 85.906107773695453, 51.951502730826334 ], [ 85.902761255657424, 51.950216649534859 ], [ 85.901107682038628, 51.950908226134302 ], [ 85.899099771215802, 51.951138749297385 ], [ 85.896127275781993, 51.951138749297385 ], [ 85.894946151768579, 51.952291347337272 ], [ 85.893863454756257, 51.952194287592064 ], [ 85.893036667946873, 51.949901190000126 ], [ 85.892427582056129, 51.947839992233554 ] ] ] ] } },
{ "type": "Feature", "properties": { "fid": 43, "natural": "wood", "Растительность": null, "Area": 0.01180899521932006, "Sum": 3980.1286288703418 }, "geometry": { "type": "MultiPolygon", "coordinates": [ [ [ [ 85.892555764732919, 51.94827365900391 ], [ 85.8925129, 51.9478878 ], [ 85.892427582056129, 51.947839992233554 ], [ 85.892555764732919, 51.94827365900391 ] ] ] ] } },
{ "type": "Feature", "properties": { "fid": 44, "natural": "wood", "Растительность": null, "Area": 0.8788925618350506, "Sum": 3980.1286288703418 }, "geometry": { "type": "MultiPolygon", "coordinates": [ [ [ [ 85.8886927, 51.9194153 ], [ 85.889444042323575, 51.92122280579337 ], [ 85.8897207, 51.9209787 ], [ 85.8905508, 51.921128 ], [ 85.8909831, 51.9207654 ], [ 85.8904816, 51.9205308 ], [ 85.8896515, 51.9205308 ], [ 85.889029, 51.9202215 ], [ 85.8892884, 51.9197948 ], [ 85.888923607953913, 51.919358481355069 ], [ 85.8886927, 51.9194153 ] ] ], [ [ [ 85.890867098318168, 51.924646254564706 ], [ 85.8909312, 51.9244342 ], [ 85.890747564836786, 51.924358692619478 ], [ 85.890867098318168, 51.924646254564706 ] ] ] ] } },
{ "type": "Feature", "properties": { "fid": 45, "natural": "wood", "Растительность": null, "Area": 6.1093281948924067, "Sum": 3980.1286288703418 }, "geometry": { "type": "MultiPolygon", "coordinates": [ [ [ [ 85.9038084, 51.9361597 ], [ 85.9047018, 51.9351052 ], [ 85.9076373, 51.9337045 ], [ 85.9085052, 51.9339405 ], [ 85.9093476, 51.9344599 ], [ 85.9088626, 51.9352626 ], [ 85.9075863, 51.935782 ], [ 85.9059271, 51.9359551 ], [ 85.9051102, 51.9366161 ], [ 85.9042423, 51.9366318 ], [ 85.9038084, 51.9361597 ] ] ] ] } },
{ "type": "Feature", "properties": { "fid": 46, "natural": "wood", "Растительность": null, "Area": 3.1070879754763094, "Sum": 3980.1286288703418 }, "geometry": { "type": "MultiPolygon", "coordinates": [ [ [ [ 85.9251854, 51.9184757 ], [ 85.9251344, 51.9188378 ], [ 85.9265256, 51.9192157 ], [ 85.9289889, 51.9190897 ], [ 85.9293207, 51.9189638 ], [ 85.9314777, 51.9189874 ], [ 85.9318478, 51.9186647 ], [ 85.9316819, 51.9183813 ], [ 85.928606, 51.9183183 ], [ 85.9265766, 51.9186489 ], [ 85.9251854, 51.9184757 ] ] ] ] } },
{ "type": "Feature", "properties": { "fid": 47, "natural": "wood", "Растительность": null, "Area": 2.8998424380242827, "Sum": 3980.1286288703418 }, "geometry": { "type": "MultiPolygon", "coordinates": [ [ [ [ 85.9026964, 51.9311655 ], [ 85.9039238, 51.9303641 ], [ 85.9053317, 51.9307648 ], [ 85.9060176, 51.9314326 ], [ 85.9069021, 51.9313435 ], [ 85.9074977, 51.931555 ], [ 85.9070104, 51.9321337 ], [ 85.9053137, 51.9320781 ], [ 85.9038155, 51.9311989 ], [ 85.9031296, 51.9313881 ], [ 85.9026964, 51.9311655 ] ] ] ] } },
{ "type": "Feature", "properties": { "fid": 48, "natural": "wood", "Растительность": null, "Area": 7.3368417023345831, "Sum": 3980.1286288703418 }, "geometry": { "type": "MultiPolygon", "coordinates": [ [ [ [ 85.9268505, 51.9195459 ], [ 85.9270292, 51.9206794 ], [ 85.9281906, 51.9212777 ], [ 85.9296712, 51.9212777 ], [ 85.9303221, 51.9208447 ], [ 85.9322494, 51.920947 ], [ 85.9341128, 51.9211753 ], [ 85.9347382, 51.9207739 ], [ 85.9343425, 51.9203173 ], [ 85.928982, 51.9194356 ], [ 85.9268505, 51.9195459 ] ] ] ] } },
{ "type": "Feature", "properties": { "fid": 49, "natural": "wood", "Растительность": null, "Area": 4.5576851062697354, "Sum": 3980.1286288703418 }, "geometry": { "type": "MultiPolygon", "coordinates": [ [ [ [ 85.922888, 51.9186174 ], [ 85.9211522, 51.9185072 ], [ 85.920195, 51.918948 ], [ 85.9209991, 51.919751 ], [ 85.9223775, 51.9198533 ], [ 85.9245983, 51.9204831 ], [ 85.9251344, 51.9202863 ], [ 85.9251344, 51.9197982 ], [ 85.9258236, 51.9197982 ], [ 85.9258108, 51.9196093 ], [ 85.922888, 51.9186174 ] ] ] ] } },
{ "type": "Feature", "properties": { "fid": 50, "natural": "wood", "Растительность": null, "Area": 5.9562432828351852, "Sum": 3980.1286288703418 }, "geometry": { "type": "MultiPolygon", "coordinates": [ [ [ [ 85.9334246, 51.9398537 ], [ 85.9330181, 51.9401161 ], [ 85.9322207, 51.9401879 ], [ 85.9315092, 51.940339 ], [ 85.9306806, 51.9406312 ], [ 85.9312681, 51.9409961 ], [ 85.9318419, 51.9412446 ], [ 85.932558, 51.9413755 ], [ 85.9330917, 51.9416783 ], [ 85.9333836, 51.9419267 ], [ 85.9339603, 51.9423931 ], [ 85.9342348, 51.9425344 ], [ 85.9348153, 51.942826 ], [ 85.9357337, 51.9422841 ], [ 85.9354019, 51.9413242 ], [ 85.9350062, 51.9411668 ], [ 85.9351083, 51.940081 ], [ 85.9348774, 51.9397608 ], [ 85.9344319, 51.9397977 ], [ 85.9334246, 51.9398537 ] ] ] ] } },
{ "type": "Feature", "properties": { "fid": 51, "natural": "wood", "Растительность": null, "Area": 16.575313338595627, "Sum": 3980.1286288703418 }, "geometry": { "type": "MultiPolygon", "coordinates": [ [ [ [ 85.8925115, 51.927263 ], [ 85.8941708, 51.9267907 ], [ 85.8964171, 51.9268222 ], [ 85.901114, 51.9261611 ], [ 85.9027567, 51.9263434 ], [ 85.9038939, 51.9268666 ], [ 85.9040202, 51.9275344 ], [ 85.902143, 51.9287143 ], [ 85.8990565, 51.9286697 ], [ 85.896349, 51.9285584 ], [ 85.8947967, 51.9288367 ], [ 85.8930278, 51.9280464 ], [ 85.8925115, 51.927263 ] ] ] ] } },
{ "type": "Feature", "properties": { "fid": 52, "natural": "wood", "Растительность": null, "Area": 222.56630698449408, "Sum": 3980.1286288703418 }, "geometry": { "type": "MultiPolygon", "coordinates": [ [ [ [ 85.9349423, 51.9255987 ], [ 85.933751, 51.9260885 ], [ 85.9337132, 51.9274127 ], [ 85.9343808, 51.9276759 ], [ 85.9366614, 51.9285751 ], [ 85.9382455, 51.9285038 ], [ 85.9400143, 51.9275132 ], [ 85.9395811, 51.926812 ], [ 85.9407183, 51.9258992 ], [ 85.941693, 51.9259994 ], [ 85.9417291, 51.926812 ], [ 85.943516, 51.9278026 ], [ 85.9455918, 51.9280363 ], [ 85.9464221, 51.9292941 ], [ 85.9482632, 51.9299507 ], [ 85.9508082, 51.9303625 ], [ 85.9515122, 51.9301177 ], [ 85.9526674, 51.9306519 ], [ 85.9529742, 51.9313086 ], [ 85.9527576, 51.9320431 ], [ 85.9542196, 51.9326886 ], [ 85.9555627, 51.9347144 ], [ 85.9572413, 51.9364949 ], [ 85.9576023, 51.9387651 ], [ 85.9575467, 51.9395072 ], [ 85.958772, 51.9398927 ], [ 85.9599845, 51.9397825 ], [ 85.9607248, 51.9396094 ], [ 85.9627924, 51.939334 ], [ 85.9636475, 51.9376502 ], [ 85.963405, 51.937422 ], [ 85.9627669, 51.937422 ], [ 85.9627413, 51.9368633 ], [ 85.9619245, 51.9363754 ], [ 85.9619558, 51.9361592 ], [ 85.9621937, 51.9358677 ], [ 85.9616437, 51.9350691 ], [ 85.9629711, 51.935258 ], [ 85.96293, 51.9349806 ], [ 85.9622336, 51.9348217 ], [ 85.9610311, 51.9343609 ], [ 85.9601121, 51.9340146 ], [ 85.9596909, 51.9332041 ], [ 85.9600228, 51.9315751 ], [ 85.9602397, 51.9317246 ], [ 85.9603929, 51.9328421 ], [ 85.9612344, 51.933134 ], [ 85.9616953, 51.9334823 ], [ 85.9622436, 51.9334166 ], [ 85.9621159, 51.9329444 ], [ 85.9609545, 51.9321574 ], [ 85.9612736, 51.9311029 ], [ 85.9628434, 51.9308432 ], [ 85.9631498, 51.9304575 ], [ 85.9608013, 51.9297964 ], [ 85.9600483, 51.9305284 ], [ 85.9592442, 51.9302214 ], [ 85.9592825, 51.9291275 ], [ 85.9606527, 51.9287223 ], [ 85.9599154, 51.9278136 ], [ 85.9629501, 51.9280612 ], [ 85.9654389, 51.9280139 ], [ 85.9653496, 51.9275496 ], [ 85.9615717, 51.9269514 ], [ 85.9574619, 51.9269435 ], [ 85.954922, 51.9267783 ], [ 85.9532373, 51.9269986 ], [ 85.9520375, 51.9268176 ], [ 85.95131, 51.9274 ], [ 85.9489616, 51.9267704 ], [ 85.9472641, 51.9264713 ], [ 85.9443541, 51.9254638 ], [ 85.945005, 51.9244957 ], [ 85.9468301, 51.9240549 ], [ 85.9507456, 51.924117 ], [ 85.9514856, 51.9237608 ], [ 85.9511607, 51.9228146 ], [ 85.9491752, 51.9227701 ], [ 85.9466302, 51.9229816 ], [ 85.9449696, 51.9224695 ], [ 85.9450599, 51.9219575 ], [ 85.9475146, 51.9213563 ], [ 85.9495723, 51.9217682 ], [ 85.9512871, 51.9216903 ], [ 85.9530921, 51.9232376 ], [ 85.9548971, 51.9239946 ], [ 85.9565938, 51.9243174 ], [ 85.9587237, 51.9252524 ], [ 85.9648426, 51.9271892 ], [ 85.9651855, 51.926833 ], [ 85.9605287, 51.9253304 ], [ 85.9604926, 51.9245066 ], [ 85.9610521, 51.924117 ], [ 85.9662505, 51.9259537 ], [ 85.9683804, 51.9263878 ], [ 85.9702937, 51.9275899 ], [ 85.9705644, 51.927423 ], [ 85.9692829, 51.9260316 ], [ 85.9665212, 51.9245066 ], [ 85.9647343, 51.9240057 ], [ 85.9639401, 51.922759 ], [ 85.9612507, 51.9213786 ], [ 85.9572977, 51.9199759 ], [ 85.956323, 51.9199203 ], [ 85.9543736, 51.9189851 ], [ 85.9531462, 51.9187959 ], [ 85.95163, 51.9188293 ], [ 85.9486157, 51.9177382 ], [ 85.9451682, 51.9170257 ], [ 85.9434534, 51.9163911 ], [ 85.9430563, 51.9158011 ], [ 85.9405835, 51.9166695 ], [ 85.9401683, 51.9172595 ], [ 85.9403488, 51.9181502 ], [ 85.9398795, 51.9190519 ], [ 85.9402405, 51.919564 ], [ 85.9395005, 51.9202542 ], [ 85.940042, 51.920822 ], [ 85.9389409, 51.9211671 ], [ 85.9372442, 51.9211671 ], [ 85.9362695, 51.9219463 ], [ 85.9358724, 51.922759 ], [ 85.9354753, 51.9242172 ], [ 85.9358363, 51.9247293 ], [ 85.9368652, 51.9247849 ], [ 85.9365222, 51.9256754 ], [ 85.9359988, 51.9258758 ], [ 85.9349423, 51.9255987 ] ] ] ] } },
{ "type": "Feature", "properties": { "fid": 53, "natural": "wood", "Растительность": null, "Area": 10.463171261456608, "Sum": 3980.1286288703418 }, "geometry": { "type": "MultiPolygon", "coordinates": [ [ [ [ 85.9003623, 51.9387564 ], [ 85.9023278, 51.937702 ], [ 85.9035531, 51.9376548 ], [ 85.9041147, 51.9378908 ], [ 85.9068971, 51.9373243 ], [ 85.907816, 51.9374659 ], [ 85.9090923, 51.9384888 ], [ 85.9088371, 51.9389767 ], [ 85.906361, 51.939559 ], [ 85.9041913, 51.9395432 ], [ 85.9035531, 51.9390082 ], [ 85.9021747, 51.9397478 ], [ 85.9014089, 51.9396062 ], [ 85.9003623, 51.9387564 ] ] ] ] } },
{ "type": "Feature", "properties": { "fid": 54, "natural": "wood", "Растительность": null, "Area": 2.4425279417313637, "Sum": 3980.1286288703418 }, "geometry": { "type": "MultiPolygon", "coordinates": [ [ [ [ 85.9193842, 51.9397583 ], [ 85.9190013, 51.9403641 ], [ 85.9197543, 51.9408362 ], [ 85.9198309, 51.9414972 ], [ 85.9206733, 51.9420951 ], [ 85.9206733, 51.942402 ], [ 85.9212094, 51.942402 ], [ 85.9212987, 51.9417804 ], [ 85.9209796, 51.941623 ], [ 85.9211711, 51.9411667 ], [ 85.9206861, 51.9408284 ], [ 85.9209541, 51.9401045 ], [ 85.9204855, 51.9397686 ], [ 85.9204053, 51.9397111 ], [ 85.9193842, 51.9397583 ] ] ] ] } },
{ "type": "Feature", "properties": { "fid": 55, "natural": "wood", "Растительность": null, "Area": 10.176014727730305, "Sum": 3980.1286288703418 }, "geometry": { "type": "MultiPolygon", "coordinates": [ [ [ [ 85.9119465, 51.9166364 ], [ 85.9119707, 51.919263 ], [ 85.9114292, 51.9207547 ], [ 85.9120068, 51.9213225 ], [ 85.9116458, 51.9227474 ], [ 85.9110682, 51.9236936 ], [ 85.9118985, 51.9237492 ], [ 85.9129634, 51.9219013 ], [ 85.913648, 51.9214687 ], [ 85.9137618, 51.9210519 ], [ 85.9136132, 51.9191405 ], [ 85.9143841, 51.9190403 ], [ 85.9152377, 51.9189958 ], [ 85.9154785, 51.9184282 ], [ 85.9153539, 51.9179071 ], [ 85.9140464, 51.9180718 ], [ 85.9133938, 51.9162948 ], [ 85.9119465, 51.9166364 ] ] ] ] } },
{ "type": "Feature", "properties": { "fid": 56, "natural": "wood", "Растительность": null, "Area": 14.178969876018167, "Sum": 3980.1286288703418 }, "geometry": { "type": "MultiPolygon", "coordinates": [ [ [ [ 85.9166377, 51.917155 ], [ 85.9169894, 51.917396 ], [ 85.9186052, 51.917244 ], [ 85.9212043, 51.9173999 ], [ 85.9241104, 51.9179788 ], [ 85.9268359, 51.9180567 ], [ 85.9277204, 51.9182349 ], [ 85.9279731, 51.9179231 ], [ 85.927576, 51.9173665 ], [ 85.9237674, 51.9166985 ], [ 85.9234245, 51.9161084 ], [ 85.924706, 51.9153291 ], [ 85.9264749, 51.9152845 ], [ 85.9265652, 51.9143938 ], [ 85.9240021, 51.9140821 ], [ 85.9194716, 51.9161084 ], [ 85.9193452, 51.9166762 ], [ 85.9166377, 51.917155 ] ] ] ] } },
{ "type": "Feature", "properties": { "fid": 57, "natural": "wood", "Растительность": null, "Area": 14.564428273652494, "Sum": 3980.1286288703418 }, "geometry": { "type": "MultiPolygon", "coordinates": [ [ [ [ 85.9187608, 51.9461952 ], [ 85.9167934, 51.9465512 ], [ 85.9171363, 51.9471186 ], [ 85.9178222, 51.94733 ], [ 85.9179847, 51.9478752 ], [ 85.9171905, 51.948565 ], [ 85.9172627, 51.9492214 ], [ 85.9179847, 51.949277 ], [ 85.9193745, 51.9501893 ], [ 85.9185081, 51.9507566 ], [ 85.9187824, 51.9511043 ], [ 85.9206488, 51.9507116 ], [ 85.9236823, 51.9494282 ], [ 85.9235441, 51.9486206 ], [ 85.9225513, 51.9482646 ], [ 85.9208546, 51.9480532 ], [ 85.9207102, 51.9477417 ], [ 85.9214683, 51.9470853 ], [ 85.9212337, 51.9464956 ], [ 85.9201687, 51.9462286 ], [ 85.9187608, 51.9461952 ] ] ] ] } },
{ "type": "Feature", "properties": { "fid": 58, "natural": "wood", "Растительность": null, "Area": 31.103053259229661, "Sum": 3980.1286288703418 }, "geometry": { "type": "MultiPolygon", "coordinates": [ [ [ [ 85.8962525, 51.9380167 ], [ 85.8948741, 51.9385361 ], [ 85.8938275, 51.9397163 ], [ 85.8945678, 51.9406605 ], [ 85.8981415, 51.9411641 ], [ 85.8991881, 51.9422971 ], [ 85.9037157, 51.9432971 ], [ 85.9043527, 51.9435043 ], [ 85.9045833, 51.9436697 ], [ 85.9047738, 51.9438747 ], [ 85.9056973, 51.9445473 ], [ 85.9077394, 51.9459477 ], [ 85.9088881, 51.9458847 ], [ 85.9086584, 51.9452396 ], [ 85.9092455, 51.9448462 ], [ 85.9104197, 51.9448305 ], [ 85.9106239, 51.9442168 ], [ 85.9090158, 51.9434615 ], [ 85.9076118, 51.9432098 ], [ 85.906846, 51.9417935 ], [ 85.9033744, 51.9409123 ], [ 85.9006941, 51.9407077 ], [ 85.8994433, 51.9388193 ], [ 85.8980139, 51.9382213 ], [ 85.8962525, 51.9380167 ] ] ] ] } },
{ "type": "Feature", "properties": { "fid": 59, "natural": "wood", "Растительность": null, "Area": 9.6213865478545433, "Sum": 3980.1286288703418 }, "geometry": { "type": "MultiPolygon", "coordinates": [ [ [ [ 85.9047902, 51.9298967 ], [ 85.9055664, 51.9294848 ], [ 85.907967, 51.9301193 ], [ 85.9083051, 51.9292258 ], [ 85.9081066, 51.9280571 ], [ 85.9083412, 51.927022 ], [ 85.9088466, 51.9269107 ], [ 85.9096589, 51.9254859 ], [ 85.9105975, 51.9250852 ], [ 85.9114097, 51.9244507 ], [ 85.9125649, 51.9247067 ], [ 85.9121859, 51.9253523 ], [ 85.9110668, 51.9262094 ], [ 85.9109224, 51.9269441 ], [ 85.9094242, 51.927701 ], [ 85.9089369, 51.9295041 ], [ 85.9097311, 51.9304279 ], [ 85.9095686, 51.9312181 ], [ 85.9085578, 51.9305726 ], [ 85.9080885, 51.9307061 ], [ 85.90789, 51.9312737 ], [ 85.9069694, 51.9312181 ], [ 85.9057059, 51.9301607 ], [ 85.9052186, 51.9301607 ], [ 85.9047902, 51.9298967 ] ] ] ] } },
{ "type": "Feature", "properties": { "fid": 60, "natural": "wood", "Растительность": null, "Area": 15.694934228685312, "Sum": 3980.1286288703418 }, "geometry": { "type": "MultiPolygon", "coordinates": [ [ [ [ 85.9240498, 51.9422165 ], [ 85.923743, 51.9432513 ], [ 85.923021, 51.9439856 ], [ 85.9231473, 51.944631 ], [ 85.9238513, 51.944809 ], [ 85.9251509, 51.9447088 ], [ 85.925187, 51.9449759 ], [ 85.9246274, 51.9451761 ], [ 85.9228405, 51.944809 ], [ 85.9221185, 51.9450649 ], [ 85.9221004, 51.945432 ], [ 85.9234361, 51.9459661 ], [ 85.9226961, 51.9461775 ], [ 85.922678, 51.9473123 ], [ 85.9240859, 51.9477129 ], [ 85.9249313, 51.9477598 ], [ 85.9252061, 51.9472258 ], [ 85.9262387, 51.9472034 ], [ 85.9266009, 51.947147 ], [ 85.9268516, 51.9460303 ], [ 85.9270973, 51.9453959 ], [ 85.9278584, 51.9443973 ], [ 85.9274613, 51.9436184 ], [ 85.9265046, 51.943229 ], [ 85.9263602, 51.9423166 ], [ 85.9258368, 51.9418493 ], [ 85.9245552, 51.9419494 ], [ 85.9240498, 51.9422165 ] ] ] ] } },
{ "type": "Feature", "properties": { "fid": 61, "natural": "wood", "Растительность": null, "Area": 33.143940935705601, "Sum": 3980.1286288703418 }, "geometry": { "type": "MultiPolygon", "coordinates": [ [ [ [ 85.9611428, 51.9161112 ], [ 85.962677, 51.9158551 ], [ 85.9628756, 51.9148976 ], [ 85.9603847, 51.9137063 ], [ 85.9576041, 51.9130238 ], [ 85.9555365, 51.913134 ], [ 85.9529838, 51.9125829 ], [ 85.9509446, 51.9123368 ], [ 85.9485981, 51.9131384 ], [ 85.9482551, 51.9135727 ], [ 85.9458906, 51.9145413 ], [ 85.9455837, 51.9156102 ], [ 85.9465765, 51.9161668 ], [ 85.948923, 51.9152316 ], [ 85.9519373, 51.9153096 ], [ 85.9550058, 51.9146304 ], [ 85.9568649, 51.9147417 ], [ 85.9589226, 51.9151982 ], [ 85.9598636, 51.9155851 ], [ 85.9581261, 51.9160349 ], [ 85.9572416, 51.9166583 ], [ 85.9552381, 51.9174265 ], [ 85.9558698, 51.9176937 ], [ 85.955581, 51.9184174 ], [ 85.9591007, 51.9179164 ], [ 85.9600935, 51.9174822 ], [ 85.9611428, 51.9161112 ] ] ] ] } },
{ "type": "Feature", "properties": { "fid": 62, "natural": "wood", "Растительность": null, "Area": 34.98605999857206, "Sum": 3980.1286288703418 }, "geometry": { "type": "MultiPolygon", "coordinates": [ [ [ [ 85.967658500000013, 51.9108558 ], [ 85.967384057732815, 51.910688040090122 ], [ 85.96664, 51.910601 ], [ 85.966269523551773, 51.910006752343591 ], [ 85.963371647093268, 51.908235350662338 ], [ 85.9628495, 51.908129 ], [ 85.9628495, 51.907916174792653 ], [ 85.960821525751314, 51.90667652325984 ], [ 85.959023, 51.9067148 ], [ 85.9575248, 51.9072159 ], [ 85.9555213, 51.9068373 ], [ 85.9548354, 51.9071936 ], [ 85.9557559, 51.9084185 ], [ 85.9555032, 51.9087192 ], [ 85.9536802, 51.9083406 ], [ 85.9531567, 51.9086635 ], [ 85.9522542, 51.908708 ], [ 85.9518391, 51.90912 ], [ 85.9511893, 51.9088194 ], [ 85.9503229, 51.9086858 ], [ 85.9495467, 51.9089864 ], [ 85.9497272, 51.909777 ], [ 85.9534094, 51.9101667 ], [ 85.9552686, 51.9096879 ], [ 85.956875, 51.9098661 ], [ 85.9595825, 51.9111243 ], [ 85.9614417, 51.9113136 ], [ 85.9629759, 51.911102 ], [ 85.9654487, 51.9114695 ], [ 85.9679938, 51.9115808 ], [ 85.9692392, 51.9119594 ], [ 85.9703246, 51.9112959 ], [ 85.970305897520689, 51.911284638624792 ], [ 85.967658500000013, 51.9108558 ] ] ] ] } },
{ "type": "Feature", "properties": { "fid": 63, "natural": "wood", "Растительность": null, "Area": 27.377143646972627, "Sum": 3980.1286288703418 }, "geometry": { "type": "MultiPolygon", "coordinates": [ [ [ [ 85.9241356, 51.923149 ], [ 85.9228721, 51.9232715 ], [ 85.9226736, 51.9239282 ], [ 85.9252908, 51.924418 ], [ 85.9276373, 51.9247742 ], [ 85.9302726, 51.9246295 ], [ 85.9305794, 51.9248633 ], [ 85.9287744, 51.9255757 ], [ 85.9263016, 51.9257315 ], [ 85.9249659, 51.9251527 ], [ 85.923197, 51.9254755 ], [ 85.9195329, 51.9250525 ], [ 85.9176196, 51.9255423 ], [ 85.9183596, 51.9261768 ], [ 85.9226375, 51.9262213 ], [ 85.9249839, 51.9255646 ], [ 85.9267167, 51.9262435 ], [ 85.9286842, 51.9262769 ], [ 85.9291174, 51.9269782 ], [ 85.9308863, 51.9270004 ], [ 85.9313736, 51.9267222 ], [ 85.9301823, 51.9261434 ], [ 85.9304531, 51.9256425 ], [ 85.932601, 51.9247742 ], [ 85.9344421, 51.9244737 ], [ 85.9345504, 51.9234273 ], [ 85.9335757, 51.9221806 ], [ 85.930056, 51.9223475 ], [ 85.9258503, 51.9218689 ], [ 85.9234497, 51.922047 ], [ 85.9186484, 51.9229487 ], [ 85.9190455, 51.923316 ], [ 85.9215364, 51.9232604 ], [ 85.9237205, 51.9226815 ], [ 85.9270777, 51.9225702 ], [ 85.9284495, 51.9229041 ], [ 85.930796, 51.9229709 ], [ 85.9319693, 51.9236277 ], [ 85.9320595, 51.9241064 ], [ 85.930796, 51.9241954 ], [ 85.9290452, 51.9236054 ], [ 85.9272041, 51.9236611 ], [ 85.9261933, 51.9231824 ], [ 85.9241356, 51.923149 ] ] ] ] } },
{ "type": "Feature", "properties": { "fid": 64, "natural": "wood", "Растительность": null, "Area": 26.637140712227673, "Sum": 3980.1286288703418 }, "geometry": { "type": "MultiPolygon", "coordinates": [ [ [ [ 85.9633282, 51.9211351 ], [ 85.9634686, 51.9214736 ], [ 85.9659525, 51.9211738 ], [ 85.9683051, 51.9207441 ], [ 85.9709746, 51.9206664 ], [ 85.9725477, 51.9224133 ], [ 85.9728131, 51.9233777 ], [ 85.9734814, 51.924299 ], [ 85.9744858, 51.9251664 ], [ 85.9738631, 51.9254441 ], [ 85.9736229, 51.9257885 ], [ 85.9740333, 51.9262911 ], [ 85.973926, 51.9270606 ], [ 85.9733568, 51.9275504 ], [ 85.9739019, 51.9275765 ], [ 85.9748089, 51.9274567 ], [ 85.975986, 51.9276527 ], [ 85.9769943, 51.9271962 ], [ 85.977173, 51.9265823 ], [ 85.9768412, 51.9256693 ], [ 85.9773517, 51.9244336 ], [ 85.9769816, 51.9243549 ], [ 85.9759222, 51.9248822 ], [ 85.9751437, 51.924835 ], [ 85.9741609, 51.9237645 ], [ 85.9738291, 51.9228357 ], [ 85.9730649, 51.9213995 ], [ 85.9722209, 51.9206159 ], [ 85.9734717, 51.9206159 ], [ 85.9757664, 51.9209363 ], [ 85.9758386, 51.92058 ], [ 85.9729686, 51.9198676 ], [ 85.9730769, 51.9196004 ], [ 85.9761635, 51.9195892 ], [ 85.9757844, 51.9181308 ], [ 85.9730589, 51.9177523 ], [ 85.9717593, 51.9179193 ], [ 85.9698099, 51.9168394 ], [ 85.9684381, 51.9170287 ], [ 85.9683659, 51.9176076 ], [ 85.9698821, 51.9184426 ], [ 85.972373, 51.9185762 ], [ 85.9727159, 51.9189324 ], [ 85.9711997, 51.9194557 ], [ 85.9689796, 51.9194111 ], [ 85.9676078, 51.9196226 ], [ 85.9676078, 51.9202127 ], [ 85.9652793, 51.9204576 ], [ 85.9633282, 51.9211351 ] ] ] ] } },
{ "type": "Feature", "properties": { "fid": 65, "natural": "wood", "Растительность": null, "Area": 1.2184098610877991, "Sum": 3980.1286288703418 }, "geometry": { "type": "MultiPolygon", "coordinates": [ [ [ [ 85.917656, 51.9438534 ], [ 85.9177823, 51.9433527 ], [ 85.9199664, 51.943642 ], [ 85.9207245, 51.9439869 ], [ 85.9194068, 51.9442873 ], [ 85.917656, 51.9438534 ] ] ] ] } },
{ "type": "Feature", "properties": { "fid": 66, "natural": "wood", "Растительность": null, "Area": 2.7683627502933144, "Sum": 3980.1286288703418 }, "geometry": { "type": "MultiPolygon", "coordinates": [ [ [ [ 85.9002236, 51.9325455 ], [ 85.8999348, 51.9339478 ], [ 85.9004763, 51.9341926 ], [ 85.9017037, 51.9339144 ], [ 85.9022993, 51.9322228 ], [ 85.9021549, 51.9317665 ], [ 85.9002236, 51.9325455 ] ] ] ] } },
{ "type": "Feature", "properties": { "fid": 67, "natural": "wood", "Растительность": null, "Area": 1.172668456665799, "Sum": 3980.1286288703418 }, "geometry": { "type": "MultiPolygon", "coordinates": [ [ [ [ 85.9165142, 51.9540041 ], [ 85.9171118, 51.9543752 ], [ 85.9179702, 51.954156 ], [ 85.9182647, 51.9540681 ], [ 85.9184557, 51.9538304 ], [ 85.9190279, 51.9534176 ], [ 85.9190796, 51.9530602 ], [ 85.9168333, 51.9537131 ], [ 85.9165142, 51.9540041 ] ] ] ] } },
{ "type": "Feature", "properties": { "fid": 68, "natural": "wood", "Растительность": null, "Area": 3.2126121039941906, "Sum": 3980.1286288703418 }, "geometry": { "type": "MultiPolygon", "coordinates": [ [ [ [ 85.9511173, 51.9166231 ], [ 85.9527057, 51.9157436 ], [ 85.9555576, 51.915109 ], [ 85.956424, 51.915198 ], [ 85.9565323, 51.9155098 ], [ 85.9522545, 51.9170128 ], [ 85.9511173, 51.9166231 ] ] ] ] } },
{ "type": "Feature", "properties": { "fid": 69, "natural": "wood", "Растительность": null, "Area": 75.904960312129745, "Sum": 3980.1286288703418 }, "geometry": { "type": "MultiPolygon", "coordinates": [ [ [ [ 85.9353508, 51.9394673 ], [ 85.9358614, 51.9408836 ], [ 85.936336, 51.9408749 ], [ 85.9367247, 51.9407604 ], [ 85.9374808, 51.9407563 ], [ 85.9396259, 51.9412457 ], [ 85.9401881, 51.9412848 ], [ 85.9401243, 51.9407813 ], [ 85.9387076, 51.9404193 ], [ 85.9376865, 51.9403171 ], [ 85.9376482, 51.9396482 ], [ 85.9388862, 51.9397977 ], [ 85.9400732, 51.9400731 ], [ 85.9404434, 51.9397663 ], [ 85.9382736, 51.9391053 ], [ 85.9382864, 51.9385467 ], [ 85.9392308, 51.9380667 ], [ 85.939818, 51.9385388 ], [ 85.9403923, 51.9385624 ], [ 85.9409539, 51.9376732 ], [ 85.9417835, 51.9380116 ], [ 85.9408773, 51.9387355 ], [ 85.9412985, 51.9390817 ], [ 85.9423706, 51.9393886 ], [ 85.9430598, 51.938169 ], [ 85.942294, 51.9372798 ], [ 85.9427152, 51.9365086 ], [ 85.9412985, 51.9355093 ], [ 85.9402009, 51.9349033 ], [ 85.9375333, 51.9344863 ], [ 85.9375589, 51.9337151 ], [ 85.9384395, 51.9336915 ], [ 85.9393457, 51.9330855 ], [ 85.9395755, 51.9320703 ], [ 85.9396776, 51.9309292 ], [ 85.9400094, 51.9299297 ], [ 85.9392308, 51.9295126 ], [ 85.9379545, 51.9294181 ], [ 85.9366614, 51.9285751 ], [ 85.9343808, 51.9276759 ], [ 85.9337132, 51.9274127 ], [ 85.9327445, 51.9275288 ], [ 85.9293872, 51.927974 ], [ 85.9278891, 51.9278516 ], [ 85.9261924, 51.9288867 ], [ 85.9267881, 51.9302001 ], [ 85.9284306, 51.9309458 ], [ 85.9277447, 51.9316024 ], [ 85.9281237, 51.9317805 ], [ 85.930019, 51.9306453 ], [ 85.9314088, 51.9306341 ], [ 85.9304702, 51.9316581 ], [ 85.9308493, 51.9319141 ], [ 85.9329431, 51.9308345 ], [ 85.9335929, 51.9311127 ], [ 85.932925, 51.9320921 ], [ 85.9346939, 51.9323592 ], [ 85.9354881, 51.9328489 ], [ 85.9351091, 51.9339173 ], [ 85.9321669, 51.9340509 ], [ 85.9315352, 51.9336836 ], [ 85.9295497, 51.933806 ], [ 85.9296038, 51.9347297 ], [ 85.9303258, 51.9357091 ], [ 85.9315893, 51.9356312 ], [ 85.9321998, 51.9358376 ], [ 85.9333062, 51.9356805 ], [ 85.9341524, 51.935353 ], [ 85.9352896, 51.9357425 ], [ 85.9355242, 51.9365882 ], [ 85.9346037, 51.9369666 ], [ 85.9341412, 51.937011 ], [ 85.9325578, 51.9366524 ], [ 85.9319503, 51.9368219 ], [ 85.9315352, 51.9372448 ], [ 85.9316216, 51.9375629 ], [ 85.9320256, 51.9379039 ], [ 85.9328709, 51.9380794 ], [ 85.9337915, 51.9380554 ], [ 85.9345812, 51.9381005 ], [ 85.934943, 51.9379739 ], [ 85.9348564, 51.9378242 ], [ 85.9342094, 51.9377667 ], [ 85.9343156, 51.9374328 ], [ 85.9346955, 51.937381 ], [ 85.9349448, 51.937381 ], [ 85.9354234, 51.9371808 ], [ 85.935902, 51.9370958 ], [ 85.9359935, 51.9386024 ], [ 85.9353508, 51.9394673 ] ] ] ] } },
{ "type": "Feature", "properties": { "fid": 70, "natural": "wood", "Растительность": null, "Area": 2.8637911025345324, "Sum": 3980.1286288703418 }, "geometry": { "type": "MultiPolygon", "coordinates": [ [ [ [ 85.8942521, 51.9313141 ], [ 85.8953351, 51.930791 ], [ 85.8967249, 51.9306018 ], [ 85.8975733, 51.9310247 ], [ 85.898927, 51.931047 ], [ 85.8988548, 51.9315255 ], [ 85.8975372, 51.9317704 ], [ 85.894938, 51.9317815 ], [ 85.8942521, 51.9313141 ] ] ] ] } },
{ "type": "Feature", "properties": { "fid": 71, "natural": "wood", "Растительность": null, "Area": 3.1290975606806577, "Sum": 3980.1286288703418 }, "geometry": { "type": "MultiPolygon", "coordinates": [ [ [ [ 85.899664, 51.9347936 ], [ 85.8965414, 51.935083 ], [ 85.8957292, 51.9355281 ], [ 85.8960721, 51.9360178 ], [ 85.8967038, 51.9362515 ], [ 85.8994655, 51.9354836 ], [ 85.9009817, 51.9352833 ], [ 85.9009275, 51.9349049 ], [ 85.899664, 51.9347936 ] ] ] ] } },
{ "type": "Feature", "properties": { "fid": 72, "natural": "wood", "Растительность": null, "Area": 2.6452416556596754, "Sum": 3980.1286288703418 }, "geometry": { "type": "MultiPolygon", "coordinates": [ [ [ [ 85.9594814, 51.9197381 ], [ 85.9599664, 51.9200214 ], [ 85.9614724, 51.9199112 ], [ 85.9630551, 51.9195964 ], [ 85.9642038, 51.9188407 ], [ 85.9637698, 51.9185415 ], [ 85.962468, 51.9189509 ], [ 85.9612427, 51.9188092 ], [ 85.9594814, 51.9197381 ] ] ] ] } },
{ "type": "Feature", "properties": { "fid": 73, "natural": "wood", "Растительность": null, "Area": 3.7384204944644122, "Sum": 3980.1286288703418 }, "geometry": { "type": "MultiPolygon", "coordinates": [ [ [ [ 85.8948267, 51.9336251 ], [ 85.8958916, 51.9333246 ], [ 85.8967038, 51.9332912 ], [ 85.8980576, 51.9327347 ], [ 85.8994835, 51.9329017 ], [ 85.8994474, 51.9336585 ], [ 85.898924, 51.9341593 ], [ 85.8971912, 51.9343262 ], [ 85.8952238, 51.9341259 ], [ 85.8948267, 51.9336251 ] ] ] ] } },
{ "type": "Feature", "properties": { "fid": 74, "natural": "wood", "Растительность": null, "Area": 0.25527930725524201, "Sum": 3980.1286288703418 }, "geometry": { "type": "MultiPolygon", "coordinates": [ [ [ [ 85.9090017, 51.8799257 ], [ 85.90848326400527, 51.880859418600799 ], [ 85.9089758, 51.8805315 ], [ 85.909563659081158, 51.879793451216287 ], [ 85.9090017, 51.8799257 ] ] ], [ [ [ 85.906060016941282, 51.885223758424708 ], [ 85.9060686, 51.8852332 ], [ 85.9062228, 51.8851603 ], [ 85.9062228, 51.884930581308623 ], [ 85.906060016941282, 51.885223758424708 ] ] ] ] } },
{ "type": "Feature", "properties": { "fid": 75, "natural": "water", "Растительность": null, "Area": 1.9973565821085124, "Sum": 3980.1286288703418 }, "geometry": { "type": "MultiPolygon", "coordinates": [ [ [ [ 85.9706578, 51.9133958 ], [ 85.9710226, 51.913237 ], [ 85.9712371, 51.9130914 ], [ 85.9713659, 51.9129061 ], [ 85.9713015, 51.912509 ], [ 85.9712157, 51.9119795 ], [ 85.9709796, 51.9116353 ], [ 85.9705049, 51.9113739 ], [ 85.970285, 51.9114004 ], [ 85.9700328, 51.9115625 ], [ 85.969609, 51.91191 ], [ 85.9695768, 51.9121483 ], [ 85.9696251, 51.9124659 ], [ 85.9697002, 51.9127075 ], [ 85.9699792, 51.9130881 ], [ 85.9701294, 51.9131675 ], [ 85.9703654, 51.9132833 ], [ 85.9706578, 51.9133958 ] ] ] ] } },
{ "type": "Feature", "properties": { "fid": 76, "natural": "wood", "Растительность": null, "Area": 4.2851237140601501, "Sum": 3980.1286288703418 }, "geometry": { "type": "MultiPolygon", "coordinates": [ [ [ [ 85.9737092, 51.9563594 ], [ 85.9735, 51.9563892 ], [ 85.9731889, 51.956366 ], [ 85.9731195, 51.9563758 ], [ 85.9729528, 51.9563991 ], [ 85.9727114, 51.9564024 ], [ 85.9723735, 51.9563793 ], [ 85.9721965, 51.9563264 ], [ 85.972057, 51.9560817 ], [ 85.9721482, 51.9558867 ], [ 85.9720838, 51.9556784 ], [ 85.9721535, 51.9554404 ], [ 85.9721321, 51.9553247 ], [ 85.9722179, 51.9552288 ], [ 85.9723091, 51.9551891 ], [ 85.9724164, 51.9551726 ], [ 85.9727114, 51.9551858 ], [ 85.9729046, 51.9551528 ], [ 85.9731352, 51.9551528 ], [ 85.9732342, 51.955095 ], [ 85.973323, 51.9551164 ], [ 85.9735268, 51.9551065 ], [ 85.9736288, 51.9550106 ], [ 85.9737199, 51.9549842 ], [ 85.9740533, 51.9549256 ], [ 85.974589, 51.9549544 ], [ 85.9748733, 51.9549842 ], [ 85.9749645, 51.9549842 ], [ 85.9751254, 51.9549412 ], [ 85.975222, 51.9549346 ], [ 85.9755975, 51.9549478 ], [ 85.9758764, 51.9549247 ], [ 85.9760535, 51.9549709 ], [ 85.9761876, 51.9550635 ], [ 85.9762734, 51.9551032 ], [ 85.9763324, 51.9551528 ], [ 85.9763324, 51.9552817 ], [ 85.9762788, 51.9554106 ], [ 85.9763914, 51.9555859 ], [ 85.9764183, 51.9559462 ], [ 85.9763807, 51.9559991 ], [ 85.9764075, 51.9562371 ], [ 85.9763324, 51.9562735 ], [ 85.9760481, 51.9563462 ], [ 85.9754956, 51.9563297 ], [ 85.9749484, 51.9563495 ], [ 85.9742403, 51.9563231 ], [ 85.9737092, 51.9563594 ] ] ] ] } },
{ "type": "Feature", "properties": { "fid": 77, "natural": "wood", "Растительность": null, "Area": 0.36056405097739769, "Sum": 3980.1286288703418 }, "geometry": { "type": "MultiPolygon", "coordinates": [ [ [ [ 85.9717619, 51.9567165 ], [ 85.9717408, 51.9567069 ], [ 85.9716815, 51.9566801 ], [ 85.97166, 51.9566206 ], [ 85.971483, 51.9564784 ], [ 85.9714508, 51.9563821 ], [ 85.9714079, 51.9562536 ], [ 85.9713811, 51.9560189 ], [ 85.9714843, 51.9556627 ], [ 85.9714884, 51.9556487 ], [ 85.9714401, 51.9555297 ], [ 85.9714508, 51.9554635 ], [ 85.9715259, 51.9552949 ], [ 85.971483, 51.9551858 ], [ 85.9715044, 51.9551263 ], [ 85.9715938, 51.9550593 ], [ 85.9716278, 51.9550338 ], [ 85.971719, 51.9550271 ], [ 85.9719175, 51.9550404 ], [ 85.9720033, 51.9550569 ], [ 85.9720784, 51.9550966 ], [ 85.972057, 51.9551561 ], [ 85.9718049, 51.9552486 ], [ 85.9717351, 51.9552982 ], [ 85.9717083, 51.9553577 ], [ 85.9717029, 51.9554701 ], [ 85.9715635, 51.9557809 ], [ 85.9715527, 51.9560454 ], [ 85.9715849, 51.9562437 ], [ 85.9715581, 51.956366 ], [ 85.9715849, 51.9564222 ], [ 85.9717029, 51.9565214 ], [ 85.971719, 51.9565776 ], [ 85.9717619, 51.9566272 ], [ 85.9719014, 51.9567066 ], [ 85.9720892, 51.9567165 ], [ 85.9721911, 51.9567429 ], [ 85.9729528, 51.9567099 ], [ 85.9731299, 51.9567396 ], [ 85.9730816, 51.9567892 ], [ 85.9728724, 51.9568024 ], [ 85.9726793, 51.9568421 ], [ 85.9724861, 51.9568619 ], [ 85.972057, 51.9568289 ], [ 85.9717619, 51.9567165 ] ] ] ] } },
{ "type": "Feature", "properties": { "fid": 78, "natural": "wood", "Растительность": null, "Area": 6.1699164364412429, "Sum": 3980.1286288703418 }, "geometry": { "type": "MultiPolygon", "coordinates": [ [ [ [ 85.9464371, 51.9659382 ], [ 85.9452694, 51.9656666 ], [ 85.9441612, 51.965505 ], [ 85.9434225, 51.9647709 ], [ 85.9438157, 51.964279 ], [ 85.9443519, 51.9642276 ], [ 85.9441374, 51.96342 ], [ 85.9451979, 51.9633466 ], [ 85.9464967, 51.9635595 ], [ 85.9473188, 51.9635595 ], [ 85.947581, 51.9641101 ], [ 85.9475214, 51.9646608 ], [ 85.946878, 51.9649764 ], [ 85.9478431, 51.9655711 ], [ 85.9476525, 51.9659162 ], [ 85.9469375, 51.9658207 ], [ 85.9467231, 51.9660557 ], [ 85.9464371, 51.9659382 ] ] ] ] } },
{ "type": "Feature", "properties": { "fid": 79, "natural": "wood", "Растительность": null, "Area": 6.4627507799465214, "Sum": 3980.1286288703418 }, "geometry": { "type": "MultiPolygon", "coordinates": [ [ [ [ 85.9826088, 51.9561545 ], [ 85.9838962, 51.9562735 ], [ 85.9851408, 51.9559958 ], [ 85.985806, 51.9556388 ], [ 85.9865784, 51.9554272 ], [ 85.9866643, 51.9551627 ], [ 85.9850549, 51.9538535 ], [ 85.9846473, 51.9537213 ], [ 85.9834027, 51.9541048 ], [ 85.9834242, 51.9543825 ], [ 85.982995, 51.9543957 ], [ 85.9827375, 51.9546205 ], [ 85.9831238, 51.9547395 ], [ 85.982244, 51.9547528 ], [ 85.9818363, 51.9548586 ], [ 85.9812569, 51.9552817 ], [ 85.9810853, 51.955533 ], [ 85.9812569, 51.955771 ], [ 85.9826088, 51.9561545 ] ] ] ] } },
{ "type": "Feature", "properties": { "fid": 80, "natural": "wood", "Растительность": null, "Area": 85.787951146796715, "Sum": 3980.1286288703418 }, "geometry": { "type": "MultiPolygon", "coordinates": [ [ [ [ 85.985806, 51.9556388 ], [ 85.9859133, 51.9557578 ], [ 85.9858274, 51.95589 ], [ 85.9858918, 51.9560222 ], [ 85.986321, 51.9563264 ], [ 85.9868681, 51.9569413 ], [ 85.987587, 51.9572586 ], [ 85.9879732, 51.9577214 ], [ 85.9880483, 51.9579925 ], [ 85.9878552, 51.958409 ], [ 85.9879517, 51.9589578 ], [ 85.9878874, 51.9596454 ], [ 85.9881985, 51.960161 ], [ 85.9857201, 51.9613643 ], [ 85.9859133, 51.9616023 ], [ 85.9866857, 51.9618403 ], [ 85.9873295, 51.9621973 ], [ 85.9881019, 51.9624617 ], [ 85.9897542, 51.9634004 ], [ 85.9929085, 51.9647754 ], [ 85.994675074721286, 51.965681983864165 ], [ 85.996417847055071, 51.964657904046753 ], [ 85.996446589651271, 51.964085667013727 ], [ 85.996918087261975, 51.963708372242984 ], [ 85.996651830377644, 51.963250998960518 ], [ 85.9957601, 51.9630537 ], [ 85.9952366, 51.9626931 ], [ 85.9951723, 51.962422 ], [ 85.995301, 51.9623096 ], [ 85.9959447, 51.9623361 ], [ 85.9959876, 51.9621973 ], [ 85.9959018, 51.9620716 ], [ 85.9958052, 51.9613907 ], [ 85.9960413, 51.9611527 ], [ 85.9964919, 51.9611131 ], [ 85.9968781, 51.9609941 ], [ 85.9974575, 51.9605842 ], [ 85.9978437, 51.9604387 ], [ 85.9981441, 51.9602536 ], [ 85.9983587, 51.9600156 ], [ 85.9982729, 51.9597644 ], [ 85.9986806, 51.9595793 ], [ 85.9988522, 51.9593413 ], [ 85.9992385, 51.9592355 ], [ 85.9998607, 51.9588917 ], [ 86.0002255, 51.9587462 ], [ 86.0015344, 51.9589446 ], [ 86.0018563, 51.9587859 ], [ 86.0027361, 51.9581909 ], [ 86.0026932, 51.9579132 ], [ 86.002028, 51.9575033 ], [ 86.0017919, 51.957252 ], [ 86.0017061, 51.9569876 ], [ 86.001749, 51.9567231 ], [ 86.0020709, 51.9569082 ], [ 86.0028648, 51.9571727 ], [ 86.003294, 51.9572124 ], [ 86.0036802, 51.9571198 ], [ 86.0038519, 51.9568818 ], [ 86.0038519, 51.9566041 ], [ 86.004045, 51.9563793 ], [ 86.0043883, 51.956247 ], [ 86.0042596, 51.9559958 ], [ 86.0038304, 51.9559561 ], [ 86.0034227, 51.9558503 ], [ 86.0032081, 51.9556123 ], [ 86.0031867, 51.9553611 ], [ 86.0023069, 51.9546205 ], [ 86.0014272, 51.954647 ], [ 86.0005045, 51.9545941 ], [ 86.0000968, 51.9547131 ], [ 85.9986806, 51.9555065 ], [ 85.9975433, 51.9564057 ], [ 85.9970927, 51.9563528 ], [ 85.995934, 51.9559561 ], [ 85.9955048, 51.9559165 ], [ 85.9945178, 51.9553214 ], [ 85.9940672, 51.9554536 ], [ 85.9941745, 51.9551891 ], [ 85.9938097, 51.9546866 ], [ 85.9937346, 51.9543428 ], [ 85.9932947, 51.954032 ], [ 85.9927046, 51.9538403 ], [ 85.9924686, 51.9536022 ], [ 85.9920502, 51.9534898 ], [ 85.9905052, 51.9533113 ], [ 85.9901512, 51.9532121 ], [ 85.9896254, 51.9529476 ], [ 85.9894109, 51.952908 ], [ 85.9891748, 51.952908 ], [ 85.9885955, 51.9531063 ], [ 85.9872651, 51.9532452 ], [ 85.9862244, 51.9535229 ], [ 85.9862673, 51.9536551 ], [ 85.9868789, 51.9540519 ], [ 85.9867608, 51.9542833 ], [ 85.9868359, 51.9544155 ], [ 85.9873938, 51.9548585 ], [ 85.9876728, 51.9552354 ], [ 85.9878337, 51.9553346 ], [ 85.9877157, 51.9554602 ], [ 85.9874797, 51.9554602 ], [ 85.9870505, 51.9553743 ], [ 85.9866643, 51.9551627 ], [ 85.9865784, 51.9554272 ], [ 85.985806, 51.9556388 ] ] ] ] } },
{ "type": "Feature", "properties": { "fid": 81, "natural": "wood", "Растительность": null, "Area": 59.732198923930895, "Sum": 3980.1286288703418 }, "geometry": { "type": "MultiPolygon", "coordinates": [ [ [ [ 85.9928655, 51.9372275 ], [ 85.9902477, 51.9375979 ], [ 85.9894323, 51.9378361 ], [ 85.9885311, 51.9378625 ], [ 85.9875869, 51.9387886 ], [ 85.9867286, 51.9388944 ], [ 85.9857845, 51.9387356 ], [ 85.9875869, 51.9392648 ], [ 85.9893035, 51.9393971 ], [ 85.9909772, 51.9392648 ], [ 85.9918356, 51.9393706 ], [ 85.9924364, 51.9397939 ], [ 85.9932518, 51.9398204 ], [ 85.9941101, 51.9396881 ], [ 85.9948396, 51.9393971 ], [ 85.9965133, 51.9381536 ], [ 85.998187, 51.9379154 ], [ 85.9989595, 51.9375979 ], [ 85.9990239, 51.9372011 ], [ 85.9995818, 51.9375847 ], [ 85.999453, 51.9378493 ], [ 85.9987235, 51.9382065 ], [ 85.9984445, 51.938471 ], [ 85.9979725, 51.939569 ], [ 85.9978866, 51.9404024 ], [ 85.9968996, 51.9409845 ], [ 85.9964704, 51.9414607 ], [ 85.9964919, 51.9417384 ], [ 85.9968781, 51.9418972 ], [ 85.9978223, 51.9413416 ], [ 85.998187, 51.9414871 ], [ 85.9982943, 51.9420559 ], [ 85.9985733, 51.9422543 ], [ 85.9994101, 51.9425057 ], [ 85.9998393, 51.942585 ], [ 86.0002684, 51.9425982 ], [ 86.0006976, 51.9425189 ], [ 86.0006118, 51.9419633 ], [ 86.0002041, 51.9414871 ], [ 86.0002899, 51.9412226 ], [ 86.0006761, 51.9411035 ], [ 86.0014915, 51.9413019 ], [ 86.0019636, 51.9413152 ], [ 86.0019851, 51.9410506 ], [ 86.0017061, 51.9408389 ], [ 86.0016417, 51.9405744 ], [ 86.002028, 51.9398468 ], [ 86.0029721, 51.9397939 ], [ 86.0033154, 51.9399659 ], [ 86.0037446, 51.9404289 ], [ 86.0049462, 51.9408654 ], [ 86.0066843, 51.9410241 ], [ 86.0090875, 51.941421 ], [ 86.0094523, 51.9412887 ], [ 86.0096025, 51.9410374 ], [ 86.0091734, 51.9405479 ], [ 86.0091734, 51.9402701 ], [ 86.008594, 51.9398601 ], [ 86.0085726, 51.9395955 ], [ 86.0094094, 51.9396352 ], [ 86.0101604, 51.939913 ], [ 86.0105896, 51.9399262 ], [ 86.0109758, 51.9394632 ], [ 86.0110402, 51.9389208 ], [ 86.0118341, 51.9387356 ], [ 86.0131645, 51.9387885 ], [ 86.0138511, 51.9384975 ], [ 86.0135722, 51.9382726 ], [ 86.0124349, 51.9382858 ], [ 86.0128641, 51.9378096 ], [ 86.0124779, 51.9376509 ], [ 86.0120487, 51.9377567 ], [ 86.0121989, 51.9375053 ], [ 86.0109973, 51.9372408 ], [ 86.0118127, 51.9370423 ], [ 86.0118127, 51.9368174 ], [ 86.0090661, 51.9370952 ], [ 86.0076284, 51.9370026 ], [ 86.005826, 51.937082 ], [ 86.0049462, 51.9369365 ], [ 86.0042381, 51.936619 ], [ 86.0023927, 51.9363676 ], [ 86.0018992, 51.9363808 ], [ 86.0006976, 51.936738 ], [ 86.0004186, 51.9367248 ], [ 86.0004401, 51.9362882 ], [ 85.9998607, 51.9362882 ], [ 85.9994745, 51.9364205 ], [ 85.9971785, 51.9364338 ], [ 85.9963631, 51.9367116 ], [ 85.9954405, 51.9367116 ], [ 85.9950971, 51.93691 ], [ 85.9949684, 51.9371746 ], [ 85.9945822, 51.9373069 ], [ 85.994389, 51.9368042 ], [ 85.9939384, 51.936791 ], [ 85.9935093, 51.9368571 ], [ 85.9928655, 51.9372275 ] ] ] ] } },
{ "type": "Feature", "properties": { "fid": 82, "natural": "wood", "Растительность": null, "Area": 1.0728341816704721, "Sum": 3980.1286288703418 }, "geometry": { "type": "MultiPolygon", "coordinates": [ [ [ [ 85.9859133, 51.934866 ], [ 85.9863639, 51.9348065 ], [ 85.9870183, 51.9348462 ], [ 85.9888101, 51.9348131 ], [ 85.988971, 51.9347271 ], [ 85.9890246, 51.9345948 ], [ 85.9885526, 51.934317 ], [ 85.9881449, 51.9342045 ], [ 85.9874689, 51.9341715 ], [ 85.985924, 51.9347404 ], [ 85.9859133, 51.934866 ] ] ] ] } },
{ "type": "Feature", "properties": { "fid": 83, "natural": "wood", "Растительность": null, "Area": 0.52365609339736408, "Sum": 3980.1286288703418 }, "geometry": { "type": "MultiPolygon", "coordinates": [ [ [ [ 85.9867608, 51.9354085 ], [ 85.9873509, 51.93564 ], [ 85.9875548, 51.9356532 ], [ 85.9877479, 51.9356003 ], [ 85.9884345, 51.9355805 ], [ 85.989958, 51.9356929 ], [ 85.9899044, 51.9355672 ], [ 85.9887564, 51.935382 ], [ 85.9871256, 51.935296 ], [ 85.9867501, 51.9353754 ], [ 85.9867608, 51.9354085 ] ] ] ] } },
{ "type": "Feature", "properties": { "fid": 84, "natural": "wood", "Растительность": null, "Area": 1.4812795017227531, "Sum": 3980.1286288703418 }, "geometry": { "type": "MultiPolygon", "coordinates": [ [ [ [ 85.9904837, 51.9363015 ], [ 85.9887242, 51.9367248 ], [ 85.9878444, 51.936619 ], [ 85.9858489, 51.9360369 ], [ 85.9860635, 51.9357855 ], [ 85.9869647, 51.9357855 ], [ 85.9881663, 51.9361163 ], [ 85.9904837, 51.9363015 ] ] ] ] } },
{ "type": "Feature", "properties": { "fid": 85, "natural": "wood", "Растительность": null, "Area": 33.102769990406372, "Sum": 3980.1286288703418 }, "geometry": { "type": "MultiPolygon", "coordinates": [ [ [ [ 86.0004401, 51.9362882 ], [ 86.000998, 51.9355474 ], [ 86.0008478, 51.9336423 ], [ 86.0003328, 51.9319752 ], [ 85.9995389, 51.9307051 ], [ 85.9998178, 51.9305198 ], [ 86.0000539, 51.9294613 ], [ 86.0005045, 51.928641 ], [ 85.9995603, 51.9280191 ], [ 85.9985089, 51.9268414 ], [ 85.997715, 51.9265768 ], [ 85.9962988, 51.9257299 ], [ 85.9954405, 51.9255182 ], [ 85.9952044, 51.9249624 ], [ 85.9959769, 51.9247242 ], [ 85.9960198, 51.9244331 ], [ 85.9953117, 51.923745 ], [ 85.9952688, 51.9231892 ], [ 85.9948611, 51.9232818 ], [ 85.9937238, 51.9224613 ], [ 85.9940886, 51.922951 ], [ 85.993638, 51.9230833 ], [ 85.9909558, 51.9233612 ], [ 85.9887457, 51.9230833 ], [ 85.9879303, 51.9232818 ], [ 85.9883165, 51.9234538 ], [ 85.989604, 51.9236656 ], [ 85.991342, 51.9237185 ], [ 85.9935307, 51.9235729 ], [ 85.9943247, 51.9238244 ], [ 85.9950757, 51.9253726 ], [ 85.9950542, 51.9259548 ], [ 85.9946465, 51.9258358 ], [ 85.9944749, 51.9255579 ], [ 85.9940457, 51.9256637 ], [ 85.9933805, 51.926418 ], [ 85.991857, 51.9270267 ], [ 85.9925437, 51.9273442 ], [ 85.9901619, 51.9281911 ], [ 85.9897113, 51.9281117 ], [ 85.9894109, 51.9289056 ], [ 85.9897971, 51.9289982 ], [ 85.9910846, 51.9289982 ], [ 85.9914708, 51.9291041 ], [ 85.9915995, 51.9288394 ], [ 85.9914708, 51.928588 ], [ 85.991857, 51.9284689 ], [ 85.9923291, 51.9289188 ], [ 85.9932089, 51.9288924 ], [ 85.9940243, 51.928985 ], [ 85.9948182, 51.928813 ], [ 85.9959125, 51.9283102 ], [ 85.9975648, 51.9280588 ], [ 85.9984445, 51.9280588 ], [ 85.9982729, 51.9283234 ], [ 85.9964919, 51.9286939 ], [ 85.9953546, 51.9291967 ], [ 85.9945178, 51.9294216 ], [ 85.9919429, 51.9298053 ], [ 85.9915995, 51.9299773 ], [ 85.9914493, 51.9302287 ], [ 85.9917068, 51.9304537 ], [ 85.9938526, 51.9304537 ], [ 85.9946465, 51.930242 ], [ 85.9954405, 51.9295936 ], [ 85.9965777, 51.9291438 ], [ 85.9973717, 51.9288791 ], [ 85.9986162, 51.9286807 ], [ 85.9988522, 51.9289188 ], [ 85.9952688, 51.9302817 ], [ 85.995655, 51.930414 ], [ 85.996921, 51.9301758 ], [ 85.9977364, 51.9299112 ], [ 85.9985518, 51.929898 ], [ 85.998702, 51.9301626 ], [ 85.9982943, 51.9303346 ], [ 85.9980798, 51.9305728 ], [ 85.9982943, 51.9308109 ], [ 85.9991526, 51.9309035 ], [ 85.9987449, 51.9314989 ], [ 85.9990024, 51.9317238 ], [ 85.9988308, 51.9320017 ], [ 85.9961486, 51.9324912 ], [ 85.9946894, 51.9325045 ], [ 85.9946251, 51.9327691 ], [ 85.9968138, 51.9336952 ], [ 85.9972214, 51.9336158 ], [ 85.9969425, 51.9330998 ], [ 85.9982514, 51.9330998 ], [ 85.9984445, 51.9328617 ], [ 85.9988522, 51.9329543 ], [ 85.9989595, 51.9332321 ], [ 85.9994745, 51.9336555 ], [ 85.9993243, 51.9339201 ], [ 85.9994745, 51.9341715 ], [ 86.0003114, 51.934317 ], [ 86.0005045, 51.9345551 ], [ 86.0005045, 51.9348462 ], [ 85.9999895, 51.935296 ], [ 85.9999251, 51.9355606 ], [ 86.0004401, 51.9362882 ] ] ] ] } },
{ "type": "Feature", "properties": { "fid": 86, "natural": "wood", "Растительность": null, "Area": 0.45629411693103611, "Sum": 3980.1286288703418 }, "geometry": { "type": "MultiPolygon", "coordinates": [ [ [ [ 85.9895822, 51.9170237 ], [ 85.9896141, 51.9171787 ], [ 85.9897097, 51.9171984 ], [ 85.9898689, 51.9169451 ], [ 85.99006, 51.9163754 ], [ 85.9900777, 51.9161767 ], [ 85.9897981, 51.915762 ], [ 85.9890195, 51.9154563 ], [ 85.9888567, 51.9155022 ], [ 85.9890903, 51.9157685 ], [ 85.9894938, 51.9160086 ], [ 85.9897627, 51.9161593 ], [ 85.9897698, 51.9165435 ], [ 85.9895822, 51.9170237 ] ] ] ] } },
{ "type": "Feature", "properties": { "fid": 87, "natural": "wood", "Растительность": null, "Area": 0.49049468796007567, "Sum": 3980.1286288703418 }, "geometry": { "type": "MultiPolygon", "coordinates": [ [ [ [ 85.996780111796284, 51.913903529675864 ], [ 85.9967791, 51.9139066 ], [ 85.9968025, 51.9141975 ], [ 85.9979139, 51.9144251 ], [ 85.9992028, 51.9148485 ], [ 85.9996231, 51.9149782 ], [ 85.999908, 51.9149551 ], [ 86.000092333526908, 51.9149171949962 ], [ 85.996780111796284, 51.913903529675864 ] ] ] ] } },
{ "type": "Feature", "properties": { "fid": 88, "natural": "wood", "Растительность": null, "Area": 2.9155871161161921, "Sum": 3980.1286288703418 }, "geometry": { "type": "MultiPolygon", "coordinates": [ [ [ [ 86.0201973, 51.9577479 ], [ 86.0201007, 51.9577115 ], [ 86.0199666, 51.957652 ], [ 86.0198593, 51.9576322 ], [ 86.0197359, 51.9576223 ], [ 86.0196233, 51.9576487 ], [ 86.0195267, 51.9576851 ], [ 86.0194087, 51.9577115 ], [ 86.0192853, 51.9577082 ], [ 86.0190439, 51.9576851 ], [ 86.0189259, 51.9576553 ], [ 86.0187596, 51.9575925 ], [ 86.0186684, 51.9575429 ], [ 86.018604, 51.9574735 ], [ 86.0185879, 51.9574041 ], [ 86.018604, 51.957338 ], [ 86.0186148, 51.9572652 ], [ 86.0185826, 51.9571958 ], [ 86.0185343, 51.9571363 ], [ 86.0185075, 51.9570371 ], [ 86.0185611, 51.9569578 ], [ 86.0186684, 51.9569082 ], [ 86.0187918, 51.9568851 ], [ 86.0188669, 51.9568289 ], [ 86.0189635, 51.9567859 ], [ 86.0191941, 51.9567793 ], [ 86.0194087, 51.9567528 ], [ 86.0195267, 51.9567462 ], [ 86.0196394, 51.9567628 ], [ 86.0197627, 51.9567594 ], [ 86.0198754, 51.9567297 ], [ 86.0200632, 51.9566338 ], [ 86.0201275, 51.9565809 ], [ 86.0202026, 51.956528 ], [ 86.0202992, 51.9564851 ], [ 86.0204011, 51.9564619 ], [ 86.0204977, 51.9564256 ], [ 86.0206908, 51.9563363 ], [ 86.0207874, 51.9562966 ], [ 86.0209697, 51.9562008 ], [ 86.0210878, 51.9561743 ], [ 86.0214364, 51.9561346 ], [ 86.0215598, 51.9561148 ], [ 86.0216725, 51.9561082 ], [ 86.0217851, 51.9561214 ], [ 86.0220963, 51.9561743 ], [ 86.0221821, 51.9562305 ], [ 86.0222036, 51.9563032 ], [ 86.0221928, 51.9563727 ], [ 86.0221392, 51.9564454 ], [ 86.0219997, 51.9565611 ], [ 86.0219568, 51.9566305 ], [ 86.0219568, 51.9567066 ], [ 86.0219675, 51.9567727 ], [ 86.0219514, 51.9568586 ], [ 86.0219085, 51.956928 ], [ 86.0217744, 51.9570669 ], [ 86.0216564, 51.9572685 ], [ 86.0216081, 51.9573281 ], [ 86.0215223, 51.9573942 ], [ 86.0214257, 51.9574404 ], [ 86.0213292, 51.9574834 ], [ 86.021238, 51.9575396 ], [ 86.0211414, 51.9576752 ], [ 86.0210609, 51.9577247 ], [ 86.020959, 51.9577578 ], [ 86.0208356, 51.957771 ], [ 86.0207069, 51.957771 ], [ 86.0201973, 51.9577479 ] ] ] ] } },
{ "type": "Feature", "properties": { "fid": 89, "natural": "wood", "Растительность": null, "Area": 9.2982559053584932, "Sum": 3980.1286288703418 }, "geometry": { "type": "MultiPolygon", "coordinates": [ [ [ [ 86.0212219, 51.9558768 ], [ 86.021018, 51.9557776 ], [ 86.0208464, 51.955652 ], [ 86.0207069, 51.9553941 ], [ 86.0205889, 51.9552817 ], [ 86.0204065, 51.9551958 ], [ 86.0197627, 51.9549776 ], [ 86.019398, 51.9547924 ], [ 86.0191727, 51.954799 ], [ 86.0189474, 51.954766 ], [ 86.0187542, 51.9546932 ], [ 86.0187006, 51.954561 ], [ 86.0188186, 51.9544486 ], [ 86.0189581, 51.9543494 ], [ 86.0194838, 51.9540849 ], [ 86.0199344, 51.9537676 ], [ 86.0201168, 51.9536816 ], [ 86.0202455, 51.9535692 ], [ 86.020385, 51.95347 ], [ 86.0205996, 51.9534237 ], [ 86.0210287, 51.9533576 ], [ 86.0212648, 51.9534039 ], [ 86.0214686, 51.9534237 ], [ 86.0216832, 51.9534502 ], [ 86.0218978, 51.9534171 ], [ 86.022284, 51.9533179 ], [ 86.0227454, 51.9533245 ], [ 86.0229921, 51.9532783 ], [ 86.0231745, 51.9531791 ], [ 86.0233891, 51.953146 ], [ 86.0238397, 51.9531526 ], [ 86.0242259, 51.9530138 ], [ 86.0244512, 51.9530138 ], [ 86.0246444, 51.9531063 ], [ 86.024816, 51.9532121 ], [ 86.0248697, 51.9533444 ], [ 86.0250735, 51.9534171 ], [ 86.0252881, 51.9534502 ], [ 86.0255027, 51.9534237 ], [ 86.0257065, 51.9534502 ], [ 86.0261142, 51.9533444 ], [ 86.0260391, 51.9530865 ], [ 86.0258567, 51.9529741 ], [ 86.0256314, 51.952908 ], [ 86.0252452, 51.9527493 ], [ 86.0247731, 51.952617 ], [ 86.024344, 51.9524583 ], [ 86.0238826, 51.952379 ], [ 86.0236895, 51.9523062 ], [ 86.0235286, 51.9522071 ], [ 86.0234535, 51.952088 ], [ 86.0236466, 51.9520021 ], [ 86.0238612, 51.9519888 ], [ 86.0242903, 51.9520682 ], [ 86.0247302, 51.9522137 ], [ 86.0249448, 51.9522798 ], [ 86.0253739, 51.9524054 ], [ 86.0255778, 51.9524583 ], [ 86.0261142, 51.9527493 ], [ 86.0262322, 51.9528617 ], [ 86.0264039, 51.952941 ], [ 86.026597, 51.9528881 ], [ 86.0265648, 51.9527427 ], [ 86.0266185, 51.952617 ], [ 86.0268223, 51.9526765 ], [ 86.0268438, 51.952822 ], [ 86.0268974, 51.9529543 ], [ 86.0268009, 51.9530865 ], [ 86.0266077, 51.9531791 ], [ 86.0264146, 51.9532386 ], [ 86.0262751, 51.9533642 ], [ 86.0260928, 51.9534502 ], [ 86.0260177, 51.953589 ], [ 86.0258031, 51.9536618 ], [ 86.0253632, 51.953708 ], [ 86.0251486, 51.9537742 ], [ 86.0250413, 51.9538932 ], [ 86.024977, 51.9540254 ], [ 86.024816, 51.9541312 ], [ 86.0246122, 51.9541907 ], [ 86.0243547, 51.9542238 ], [ 86.0241294, 51.9542106 ], [ 86.0239041, 51.9541643 ], [ 86.0236788, 51.954204 ], [ 86.0234427, 51.9542701 ], [ 86.0232711, 51.9543693 ], [ 86.0232067, 51.9545015 ], [ 86.0233033, 51.9546271 ], [ 86.0235178, 51.9546337 ], [ 86.0236144, 51.9547594 ], [ 86.0236037, 51.9549048 ], [ 86.0234856, 51.9550503 ], [ 86.0233676, 51.9551627 ], [ 86.023314, 51.9554338 ], [ 86.0231638, 51.9555396 ], [ 86.0228097, 51.9557115 ], [ 86.0228741, 51.9558569 ], [ 86.0227775, 51.9559826 ], [ 86.0225737, 51.9560421 ], [ 86.0223484, 51.9560619 ], [ 86.0221016, 51.9560222 ], [ 86.0216403, 51.9559693 ], [ 86.0213828, 51.9559363 ], [ 86.0212219, 51.9558768 ] ] ] ] } },
{ "type": "Feature", "properties": { "fid": 90, "natural": "wood", "Растительность": null, "Area": 1.6987374578348826, "Sum": 3980.1286288703418 }, "geometry": { "type": "MultiPolygon", "coordinates": [ [ [ [ 86.0173434, 51.9482924 ], [ 86.017279, 51.9481733 ], [ 86.0171664, 51.9480278 ], [ 86.0171342, 51.9479584 ], [ 86.0171127, 51.9478063 ], [ 86.0170859, 51.9477369 ], [ 86.0169893, 51.9476145 ], [ 86.0169572, 51.9475385 ], [ 86.0169786, 51.9474029 ], [ 86.0169196, 51.9473401 ], [ 86.0168767, 51.9472739 ], [ 86.0168606, 51.9472078 ], [ 86.0169464, 51.9471582 ], [ 86.0170644, 51.9471384 ], [ 86.0172898, 51.9471218 ], [ 86.0173863, 51.9471582 ], [ 86.0174292, 51.9472277 ], [ 86.0174239, 51.9473037 ], [ 86.0174185, 51.9473731 ], [ 86.0174614, 51.9474393 ], [ 86.017617, 51.9475815 ], [ 86.0176599, 51.9476575 ], [ 86.0177028, 51.9478096 ], [ 86.0178262, 51.948051 ], [ 86.0178798, 51.9481204 ], [ 86.0179442, 51.9481799 ], [ 86.0180354, 51.9482229 ], [ 86.0181159, 51.9482824 ], [ 86.0181856, 51.9483684 ], [ 86.0182285, 51.9484411 ], [ 86.0182768, 51.9485073 ], [ 86.0183519, 51.9485767 ], [ 86.0184431, 51.9486263 ], [ 86.0184967, 51.9486924 ], [ 86.0185075, 51.9487652 ], [ 86.0184967, 51.9488412 ], [ 86.0184753, 51.9489074 ], [ 86.0183251, 51.9492479 ], [ 86.0183519, 51.9493174 ], [ 86.0184056, 51.9493835 ], [ 86.0184646, 51.949443 ], [ 86.0184914, 51.9495157 ], [ 86.0186309, 51.9497009 ], [ 86.0187542, 51.9498265 ], [ 86.0189742, 51.950015 ], [ 86.01906, 51.9500613 ], [ 86.0191297, 51.9501175 ], [ 86.0191566, 51.9501935 ], [ 86.0191351, 51.9503456 ], [ 86.0191405, 51.9504118 ], [ 86.0190225, 51.9504448 ], [ 86.0189098, 51.9504316 ], [ 86.0188293, 51.950382 ], [ 86.0187811, 51.9503225 ], [ 86.018765, 51.9502464 ], [ 86.0187221, 51.9501737 ], [ 86.0186523, 51.9501142 ], [ 86.0185772, 51.9500679 ], [ 86.0183358, 51.9499687 ], [ 86.0182446, 51.9499026 ], [ 86.0182124, 51.9498298 ], [ 86.0182071, 51.9497571 ], [ 86.018132, 51.9496943 ], [ 86.01803, 51.9496612 ], [ 86.0176814, 51.9495786 ], [ 86.0173756, 51.9494661 ], [ 86.0173595, 51.9493901 ], [ 86.0174078, 51.9493207 ], [ 86.017456, 51.9492611 ], [ 86.0175419, 51.949195 ], [ 86.0176974, 51.9490958 ], [ 86.0176867, 51.9490297 ], [ 86.0176599, 51.9489669 ], [ 86.0176599, 51.9488875 ], [ 86.0176706, 51.9488148 ], [ 86.0176438, 51.948752 ], [ 86.0175526, 51.9487024 ], [ 86.0173434, 51.9482924 ] ] ] ] } },
{ "type": "Feature", "properties": { "fid": 91, "natural": "wood", "Растительность": null, "Area": 3.3361782352968121, "Sum": 3980.1286288703418 }, "geometry": { "type": "MultiPolygon", "coordinates": [ [ [ [ 86.0165709, 51.9451346 ], [ 86.0162276, 51.9451875 ], [ 86.0159808, 51.945204 ], [ 86.0158682, 51.945204 ], [ 86.0158521, 51.9451379 ], [ 86.0159379, 51.9450982 ], [ 86.0160345, 51.9450618 ], [ 86.0162383, 51.9450122 ], [ 86.019001, 51.9445724 ], [ 86.0217047, 51.9439673 ], [ 86.022402, 51.9438515 ], [ 86.0225093, 51.9438317 ], [ 86.02274, 51.943792 ], [ 86.0231692, 51.9436961 ], [ 86.0232818, 51.9436862 ], [ 86.0233891, 51.9436928 ], [ 86.0233945, 51.9437589 ], [ 86.0233194, 51.9438218 ], [ 86.0232282, 51.9438813 ], [ 86.0231048, 51.9439309 ], [ 86.0229921, 51.9439607 ], [ 86.0195535, 51.9446385 ], [ 86.0209161, 51.9460174 ], [ 86.02274, 51.9480741 ], [ 86.0228258, 51.9482031 ], [ 86.0229331, 51.9483254 ], [ 86.0229546, 51.9483949 ], [ 86.022917, 51.948461 ], [ 86.0210717, 51.9490132 ], [ 86.0209483, 51.9490363 ], [ 86.0208249, 51.9490363 ], [ 86.020723, 51.9490132 ], [ 86.0206908, 51.948947 ], [ 86.0207498, 51.9488908 ], [ 86.0209483, 51.9488412 ], [ 86.0210502, 51.9488049 ], [ 86.0227025, 51.9483089 ], [ 86.0227615, 51.9482527 ], [ 86.0194087, 51.9446584 ], [ 86.019296, 51.9446452 ], [ 86.0170215, 51.9450651 ], [ 86.0170269, 51.9451346 ], [ 86.0170805, 51.945204 ], [ 86.0202616, 51.9483717 ], [ 86.0203582, 51.9485899 ], [ 86.020385, 51.9487354 ], [ 86.0206157, 51.9496348 ], [ 86.0206425, 51.9497075 ], [ 86.020664, 51.949853 ], [ 86.0206586, 51.949929 ], [ 86.0206103, 51.9499919 ], [ 86.0205084, 51.9500183 ], [ 86.0204118, 51.9499852 ], [ 86.0203314, 51.9498563 ], [ 86.0203206, 51.9497902 ], [ 86.0202938, 51.9497273 ], [ 86.0201597, 51.9491487 ], [ 86.0201061, 51.9490099 ], [ 86.0199773, 51.9486627 ], [ 86.0199237, 51.9485337 ], [ 86.019752, 51.9482824 ], [ 86.0197198, 51.9482163 ], [ 86.0167533, 51.9452238 ], [ 86.0166943, 51.9451676 ], [ 86.0165709, 51.9451346 ] ] ] ] } },
{ "type": "Feature", "properties": { "fid": 92, "natural": "wood", "Растительность": null, "Area": 0.44096459219306705, "Sum": 3980.1286288703418 }, "geometry": { "type": "MultiPolygon", "coordinates": [ [ [ [ 86.0097286, 51.9435671 ], [ 86.0097608, 51.943539 ], [ 86.0097501, 51.9435076 ], [ 86.0097045, 51.9434894 ], [ 86.0096535, 51.9434762 ], [ 86.0094175, 51.9434514 ], [ 86.0091385, 51.9434283 ], [ 86.0089642, 51.9434233 ], [ 86.0087898, 51.9434018 ], [ 86.007666, 51.9431819 ], [ 86.007607, 51.9431736 ], [ 86.0074487, 51.9431422 ], [ 86.0073361, 51.943124 ], [ 86.0072771, 51.9431191 ], [ 86.0071054, 51.9431025 ], [ 86.0069928, 51.9430943 ], [ 86.0063839, 51.9430381 ], [ 86.0063276, 51.9430281 ], [ 86.0061479, 51.9430083 ], [ 86.0058609, 51.9429884 ], [ 86.0050294, 51.9429719 ], [ 86.0047933, 51.9429587 ], [ 86.0047397, 51.942967 ], [ 86.0046995, 51.9429918 ], [ 86.0047182, 51.9430232 ], [ 86.0047612, 51.9430414 ], [ 86.0048148, 51.9430562 ], [ 86.0049275, 51.9430678 ], [ 86.0051072, 51.9430711 ], [ 86.0062686, 51.9431422 ], [ 86.0063812, 51.9431422 ], [ 86.0064885, 51.9431472 ], [ 86.0078216, 51.9433406 ], [ 86.0086772, 51.9434845 ], [ 86.0088408, 51.9435093 ], [ 86.0089454, 51.9435275 ], [ 86.0090554, 51.9435374 ], [ 86.0097286, 51.9435671 ] ] ] ] } },
{ "type": "Feature", "properties": { "fid": 93, "natural": "wood", "Растительность": null, "Area": 0.24362996545024215, "Sum": 3980.1286288703418 }, "geometry": { "type": "MultiPolygon", "coordinates": [ [ [ [ 86.0103321, 51.9435275 ], [ 86.0102194, 51.9435407 ], [ 86.0099941, 51.943544 ], [ 86.0100317, 51.9434812 ], [ 86.0130465, 51.943091 ], [ 86.0131323, 51.943134 ], [ 86.0130519, 51.9431902 ], [ 86.0129607, 51.9432298 ], [ 86.0103321, 51.9435275 ] ] ] ] } },
{ "type": "Feature", "properties": { "fid": 94, "natural": "wood", "Растительность": null, "Area": 0.57687002618722616, "Sum": 3980.1286288703418 }, "geometry": { "type": "MultiPolygon", "coordinates": [ [ [ [ 86.0207069, 51.9422212 ], [ 86.020782, 51.9421783 ], [ 86.0208088, 51.9421154 ], [ 86.0206747, 51.9421055 ], [ 86.0205567, 51.9421187 ], [ 86.0202509, 51.9421716 ], [ 86.0201329, 51.9421915 ], [ 86.0135776, 51.9430414 ], [ 86.0134649, 51.9430579 ], [ 86.013363, 51.943091 ], [ 86.013304, 51.9431472 ], [ 86.0134113, 51.9431604 ], [ 86.0207069, 51.9422212 ] ] ] ] } },
{ "type": "Feature", "properties": { "fid": 95, "natural": "water", "Растительность": null, "Area": 0.76639404412675649, "Sum": 3980.1286288703418 }, "geometry": { "type": "MultiPolygon", "coordinates": [ [ [ [ 85.9740901, 51.9447377 ], [ 85.9744227, 51.9446154 ], [ 85.9746104, 51.9449163 ], [ 85.9746587, 51.9450519 ], [ 85.9747231, 51.9452602 ], [ 85.9747553, 51.9454619 ], [ 85.9747553, 51.9455413 ], [ 85.9747392, 51.9456835 ], [ 85.9746748, 51.945819 ], [ 85.9746319, 51.9458918 ], [ 85.9745729, 51.9459513 ], [ 85.9744388, 51.9460703 ], [ 85.9742886, 51.9461795 ], [ 85.9741706, 51.9462985 ], [ 85.9737629, 51.9468772 ], [ 85.9732157, 51.9477633 ], [ 85.9731674, 51.9478228 ], [ 85.9731191, 51.9478857 ], [ 85.9730065, 51.948008 ], [ 85.9728616, 51.9481237 ], [ 85.9724574, 51.9483916 ], [ 85.9722017, 51.9482884 ], [ 85.9724486, 51.9481766 ], [ 85.972529, 51.948127 ], [ 85.9727436, 51.9479683 ], [ 85.9729528, 51.9477369 ], [ 85.973146, 51.9474955 ], [ 85.9733534, 51.9472547 ], [ 85.9735191, 51.9470138 ], [ 85.9738042, 51.9464958 ], [ 85.9738326, 51.9463349 ], [ 85.973956, 51.9462225 ], [ 85.974133, 51.9460439 ], [ 85.974353, 51.9457562 ], [ 85.9744066, 51.9456967 ], [ 85.9744388, 51.9456306 ], [ 85.9744602, 51.9454983 ], [ 85.9744763, 51.9454322 ], [ 85.9744978, 51.9452999 ], [ 85.9744817, 51.9451709 ], [ 85.9743047, 51.9449097 ], [ 85.9740901, 51.9447377 ] ] ] ] } },
{ "type": "Feature", "properties": { "fid": 96, "natural": "wood", "Растительность": null, "Area": 0.21525521263475531, "Sum": 3980.1286288703418 }, "geometry": { "type": "MultiPolygon", "coordinates": [ [ [ [ 85.9957704, 51.9407397 ], [ 85.9956363, 51.9408009 ], [ 85.9955853, 51.9408125 ], [ 85.9955317, 51.9408191 ], [ 85.995478, 51.9408059 ], [ 85.9954512, 51.9407761 ], [ 85.9954673, 51.9407397 ], [ 85.9954995, 51.94071 ], [ 85.9973341, 51.9398154 ], [ 85.9973636, 51.9397807 ], [ 85.9974065, 51.9397575 ], [ 85.9974709, 51.9397377 ], [ 85.9975111, 51.9397658 ], [ 85.9975058, 51.9397989 ], [ 85.9974843, 51.9398352 ], [ 85.9974495, 51.939865 ], [ 85.9973878, 51.9399047 ], [ 85.9957704, 51.9407397 ] ] ] ] } },
{ "type": "Feature", "properties": { "fid": 97, "natural": "wood", "Растительность": null, "Area": 0.14415855865855701, "Sum": 3980.1286288703418 }, "geometry": { "type": "MultiPolygon", "coordinates": [ [ [ [ 85.9942684, 51.9421915 ], [ 85.9942442, 51.9422212 ], [ 85.9941879, 51.9422345 ], [ 85.9941262, 51.9422246 ], [ 85.9940726, 51.9422097 ], [ 85.9940645, 51.9421749 ], [ 85.9940806, 51.9421402 ], [ 85.9940672, 51.9421072 ], [ 85.9940645, 51.9420741 ], [ 85.9940886, 51.9420443 ], [ 85.9941342, 51.9420245 ], [ 85.9941906, 51.9420261 ], [ 85.9943005, 51.9420443 ], [ 85.9943998, 51.9420046 ], [ 85.994432, 51.9419732 ], [ 85.9951347, 51.9413995 ], [ 85.9951803, 51.9413813 ], [ 85.9952205, 51.9413565 ], [ 85.9952715, 51.9413565 ], [ 85.9953064, 51.9413862 ], [ 85.9953144, 51.941421 ], [ 85.9952983, 51.9414573 ], [ 85.9952742, 51.9414921 ], [ 85.9952393, 51.9415202 ], [ 85.9942684, 51.9421915 ] ] ] ] } },
{ "type": "Feature", "properties": { "fid": 98, "natural": "wood", "Растительность": null, "Area": 0.067077536034083465, "Sum": 3980.1286288703418 }, "geometry": { "type": "MultiPolygon", "coordinates": [ [ [ [ 85.99328, 51.9450453 ], [ 85.9932438, 51.9450593 ], [ 85.9932142, 51.9450651 ], [ 85.9931834, 51.9450692 ], [ 85.9931566, 51.9450684 ], [ 85.9931338, 51.9450568 ], [ 85.9931351, 51.9450403 ], [ 85.9931552, 51.9450254 ], [ 85.9931834, 51.945018 ], [ 85.9946828, 51.9446567 ], [ 85.9947082, 51.9446485 ], [ 85.9947337, 51.9446427 ], [ 85.9947632, 51.9446468 ], [ 85.994786, 51.9446592 ], [ 85.9947914, 51.9446782 ], [ 85.9947713, 51.9446923 ], [ 85.99328, 51.9450453 ] ] ] ] } },
{ "type": "Feature", "properties": { "fid": 99, "natural": "wood", "Растительность": null, "Area": 0.081143528637383139, "Sum": 3980.1286288703418 }, "geometry": { "type": "MultiPolygon", "coordinates": [ [ [ [ 85.9949443, 51.9440119 ], [ 85.9948584, 51.9439755 ], [ 85.9948182, 51.9439458 ], [ 85.9948263, 51.9439144 ], [ 85.9948692, 51.9438896 ], [ 85.9949228, 51.943878 ], [ 85.9949899, 51.9438813 ], [ 85.9950516, 51.9438896 ], [ 85.9951159, 51.9439044 ], [ 85.9952742, 51.9439689 ], [ 85.9953225, 51.9439822 ], [ 85.9953761, 51.9439888 ], [ 85.9954351, 51.9439855 ], [ 85.9955478, 51.9439954 ], [ 85.9956068, 51.944002 ], [ 85.9956658, 51.9440136 ], [ 85.9957194, 51.9440334 ], [ 85.995765, 51.9440582 ], [ 85.9957838, 51.9440929 ], [ 85.9957436, 51.9441194 ], [ 85.9956738, 51.944126 ], [ 85.9954941, 51.9441078 ], [ 85.9949443, 51.9440119 ] ] ] ] } },
{ "type": "Feature", "properties": { "fid": 100, "natural": "wood", "Растительность": null, "Area": 0.11666303413752467, "Sum": 3980.1286288703418 }, "geometry": { "type": "MultiPolygon", "coordinates": [ [ [ [ 85.9933215, 51.943415 ], [ 85.9932598, 51.9433902 ], [ 85.9932142, 51.9433621 ], [ 85.9931794, 51.943334 ], [ 85.9931579, 51.9433026 ], [ 85.9931767, 51.9432662 ], [ 85.9932277, 51.9432563 ], [ 85.9932733, 51.9432778 ], [ 85.9933618, 51.9433307 ], [ 85.9934369, 51.9433869 ], [ 85.9934852, 51.9434134 ], [ 85.9936219, 51.943463 ], [ 85.9937319, 51.9434845 ], [ 85.9937829, 51.9434911 ], [ 85.9938446, 51.9434994 ], [ 85.9940243, 51.9435093 ], [ 85.9940886, 51.9435093 ], [ 85.994145, 51.9435043 ], [ 85.99433, 51.9435027 ], [ 85.9944454, 51.9435159 ], [ 85.994617, 51.9435572 ], [ 85.9946707, 51.9435754 ], [ 85.9947833, 51.9436035 ], [ 85.9949416, 51.9436564 ], [ 85.995706, 51.943873 ], [ 85.9957543, 51.9438879 ], [ 85.9957865, 51.9439144 ], [ 85.9957436, 51.9439375 ], [ 85.9956872, 51.9439342 ], [ 85.9956336, 51.943921 ], [ 85.9955344, 51.9438829 ], [ 85.9954914, 51.9438581 ], [ 85.9954405, 51.9438367 ], [ 85.9953868, 51.9438218 ], [ 85.9952822, 51.9437804 ], [ 85.9951696, 51.9437507 ], [ 85.9950542, 51.943711 ], [ 85.9948987, 51.9436713 ], [ 85.9948423, 51.9436564 ], [ 85.9947029, 51.9436349 ], [ 85.9945768, 51.9436201 ], [ 85.9945205, 51.9436085 ], [ 85.9944132, 51.9435886 ], [ 85.9943032, 51.9435655 ], [ 85.9941289, 51.9435556 ], [ 85.9938902, 51.9435589 ], [ 85.9937721, 51.9435539 ], [ 85.9937131, 51.9435523 ], [ 85.9935978, 51.9435407 ], [ 85.9933215, 51.943415 ] ] ] ] } },
{ "type": "Feature", "properties": { "fid": 101, "natural": "wood", "Растительность": null, "Area": 3.5436871879166922, "Sum": 3980.1286288703418 }, "geometry": { "type": "MultiPolygon", "coordinates": [ [ [ [ 85.9928226, 51.9429818 ], [ 85.9926939, 51.943005 ], [ 85.9925893, 51.943005 ], [ 85.9925196, 51.9429918 ], [ 85.9924686, 51.9429686 ], [ 85.9924257, 51.9429388 ], [ 85.9923908, 51.9429091 ], [ 85.9923103, 51.9428595 ], [ 85.9922031, 51.9428115 ], [ 85.9921655, 51.9427818 ], [ 85.9921038, 51.942714 ], [ 85.9920475, 51.9426941 ], [ 85.9919885, 51.9426826 ], [ 85.9918758, 51.9426462 ], [ 85.9918302, 51.9426263 ], [ 85.9918007, 51.9425966 ], [ 85.9918195, 51.9425619 ], [ 85.9918678, 51.9425404 ], [ 85.9919295, 51.9425288 ], [ 85.9919912, 51.9425222 ], [ 85.9922755, 51.9424478 ], [ 85.9923318, 51.9424428 ], [ 85.9923935, 51.9424329 ], [ 85.9924498, 51.9424197 ], [ 85.9925893, 51.9423552 ], [ 85.9926456, 51.9423419 ], [ 85.9927529, 51.9423238 ], [ 85.9928092, 51.9423105 ], [ 85.9928656, 51.942294 ], [ 85.9929112, 51.9422742 ], [ 85.9929541, 51.9422527 ], [ 85.993005, 51.9422378 ], [ 85.993064, 51.9422394 ], [ 85.9931257, 51.9422444 ], [ 85.9931928, 51.9422494 ], [ 85.9933054, 51.9422659 ], [ 85.9933645, 51.9422841 ], [ 85.9934127, 51.9423089 ], [ 85.9934637, 51.9423254 ], [ 85.9935173, 51.942332 ], [ 85.9935763, 51.9423304 ], [ 85.9936461, 51.9423205 ], [ 85.9937131, 51.9423155 ], [ 85.9938419, 51.942337 ], [ 85.9939465, 51.9423651 ], [ 85.9939975, 51.9423684 ], [ 85.9941101, 51.9423651 ], [ 85.9942308, 51.9423651 ], [ 85.9944051, 51.9423535 ], [ 85.9945258, 51.9423585 ], [ 85.9946385, 51.9423502 ], [ 85.9950113, 51.942332 ], [ 85.9951293, 51.9423419 ], [ 85.9952661, 51.9423668 ], [ 85.9953439, 51.9423734 ], [ 85.9953976, 51.9423519 ], [ 85.9954566, 51.9423453 ], [ 85.9955853, 51.9423585 ], [ 85.9957382, 51.9423469 ], [ 85.9958026, 51.9423155 ], [ 85.9958374, 51.942289 ], [ 85.9958589, 51.9422576 ], [ 85.9958938, 51.9422312 ], [ 85.9960011, 51.9421931 ], [ 85.9960493, 51.9421749 ], [ 85.9961003, 51.9421634 ], [ 85.9961647, 51.942165 ], [ 85.996221, 51.9421832 ], [ 85.9962612, 51.9422113 ], [ 85.9962934, 51.9422427 ], [ 85.9963658, 51.9423023 ], [ 85.9963819, 51.9423386 ], [ 85.9963766, 51.942375 ], [ 85.9964114, 51.9424494 ], [ 85.9964088, 51.9424875 ], [ 85.99639, 51.9425205 ], [ 85.9963524, 51.9425834 ], [ 85.9962478, 51.9427735 ], [ 85.9962371, 51.9428429 ], [ 85.9962371, 51.9428793 ], [ 85.9962532, 51.942914 ], [ 85.9963015, 51.9429322 ], [ 85.9964088, 51.9429422 ], [ 85.9964651, 51.9429322 ], [ 85.9965482, 51.942881 ], [ 85.9965992, 51.9428595 ], [ 85.9967145, 51.9428545 ], [ 85.9967682, 51.9428496 ], [ 85.9968647, 51.9428148 ], [ 85.9969157, 51.9428033 ], [ 85.9969747, 51.9428066 ], [ 85.9970069, 51.9428347 ], [ 85.9969908, 51.9428694 ], [ 85.9969157, 51.9429703 ], [ 85.996913, 51.9430033 ], [ 85.9969506, 51.9430298 ], [ 85.9970042, 51.9430414 ], [ 85.9970552, 51.9430695 ], [ 85.9970847, 51.9430992 ], [ 85.9972295, 51.9432993 ], [ 85.9972537, 51.9433357 ], [ 85.9972537, 51.9434894 ], [ 85.9972349, 51.9435258 ], [ 85.9972054, 51.9435605 ], [ 85.9971088, 51.943663 ], [ 85.9970632, 51.9436945 ], [ 85.9969506, 51.9437408 ], [ 85.9968567, 51.9437937 ], [ 85.9968111, 51.9438251 ], [ 85.9966743, 51.9439111 ], [ 85.996618, 51.9439325 ], [ 85.9965, 51.9439607 ], [ 85.9963873, 51.9439822 ], [ 85.996339, 51.9439573 ], [ 85.9963149, 51.9439226 ], [ 85.9963122, 51.9438482 ], [ 85.9963042, 51.9438135 ], [ 85.99628, 51.9437804 ], [ 85.9961835, 51.9436928 ], [ 85.9961432, 51.9436664 ], [ 85.9961003, 51.9436449 ], [ 85.9960601, 51.9436184 ], [ 85.9960306, 51.9435853 ], [ 85.9960359, 51.9435473 ], [ 85.9960628, 51.9434729 ], [ 85.9960601, 51.9434398 ], [ 85.996044, 51.9433671 ], [ 85.9960359, 51.9432927 ], [ 85.9960225, 51.943253 ], [ 85.9959742, 51.9432348 ], [ 85.9959152, 51.9432563 ], [ 85.9958777, 51.9432828 ], [ 85.9958562, 51.9433224 ], [ 85.9958562, 51.9433968 ], [ 85.9958911, 51.9434679 ], [ 85.9958965, 51.943506 ], [ 85.9958911, 51.9435407 ], [ 85.9958777, 51.9435738 ], [ 85.9958535, 51.9436085 ], [ 85.9958187, 51.9436399 ], [ 85.995765, 51.943663 ], [ 85.995706, 51.9436697 ], [ 85.995647, 51.9436515 ], [ 85.9956041, 51.943625 ], [ 85.9955531, 51.9435986 ], [ 85.9955022, 51.9435804 ], [ 85.9954458, 51.9435754 ], [ 85.9953868, 51.9435754 ], [ 85.9953144, 51.9435705 ], [ 85.9952554, 51.9435638 ], [ 85.9951857, 51.9435556 ], [ 85.995124, 51.9435523 ], [ 85.9950703, 51.943539 ], [ 85.9950274, 51.9435159 ], [ 85.9949979, 51.9434894 ], [ 85.9949899, 51.9434547 ], [ 85.9949657, 51.943425 ], [ 85.9949094, 51.9434117 ], [ 85.9948504, 51.9434018 ], [ 85.9948021, 51.9433836 ], [ 85.9947592, 51.9433555 ], [ 85.9947216, 51.9433224 ], [ 85.9946895, 51.943291 ], [ 85.9946653, 51.9432596 ], [ 85.9946519, 51.9432232 ], [ 85.9946653, 51.9431885 ], [ 85.99466, 51.9431455 ], [ 85.9946224, 51.9431191 ], [ 85.994558, 51.9430992 ], [ 85.9944937, 51.9430926 ], [ 85.9944347, 51.9430926 ], [ 85.9943864, 51.9430761 ], [ 85.9943086, 51.9430232 ], [ 85.9942603, 51.9430017 ], [ 85.9942067, 51.9429984 ], [ 85.994145, 51.9430099 ], [ 85.9940833, 51.9430248 ], [ 85.9940189, 51.9430381 ], [ 85.9939679, 51.9430562 ], [ 85.993917, 51.9430827 ], [ 85.9938875, 51.9431158 ], [ 85.9938902, 51.9431538 ], [ 85.9939036, 51.9431885 ], [ 85.9939224, 51.9432199 ], [ 85.9939009, 51.9433406 ], [ 85.9938499, 51.9433621 ], [ 85.9937936, 51.9433555 ], [ 85.9937426, 51.9433406 ], [ 85.9936112, 51.9432695 ], [ 85.9935549, 51.9432513 ], [ 85.9935012, 51.9432381 ], [ 85.993453, 51.9432216 ], [ 85.9933618, 51.9431769 ], [ 85.9933457, 51.9431455 ], [ 85.9933993, 51.9431224 ], [ 85.993453, 51.9431191 ], [ 85.9935039, 51.9431025 ], [ 85.9934878, 51.9430662 ], [ 85.9934476, 51.9430381 ], [ 85.9933457, 51.9430017 ], [ 85.9933108, 51.9429719 ], [ 85.9932974, 51.9429355 ], [ 85.9933162, 51.9429025 ], [ 85.9933376, 51.9428744 ], [ 85.9933403, 51.9428413 ], [ 85.9933215, 51.9428115 ], [ 85.9932867, 51.9427851 ], [ 85.993233, 51.942795 ], [ 85.9931794, 51.9428148 ], [ 85.9930506, 51.9428925 ], [ 85.9928226, 51.9429818 ] ] ] ] } },
{ "type": "Feature", "properties": { "fid": 102, "natural": "wood", "Растительность": null, "Area": 0.20368141844521742, "Sum": 3980.1286288703418 }, "geometry": { "type": "MultiPolygon", "coordinates": [ [ [ [ 85.9901887, 51.9433968 ], [ 85.9901082, 51.9433406 ], [ 85.9900975, 51.9433092 ], [ 85.9901297, 51.9432828 ], [ 85.9901807, 51.9432745 ], [ 85.9903336, 51.9433175 ], [ 85.9917417, 51.9438449 ], [ 85.9917846, 51.943873 ], [ 85.99179, 51.9439111 ], [ 85.9917873, 51.9439441 ], [ 85.9917766, 51.9439788 ], [ 85.9917417, 51.944007 ], [ 85.9916854, 51.9440119 ], [ 85.9916291, 51.9440036 ], [ 85.9915835, 51.9439822 ], [ 85.9915405, 51.9439557 ], [ 85.9901887, 51.9433968 ] ] ] ] } },
{ "type": "Feature", "properties": { "fid": 103, "natural": "wood", "Растительность": null, "Area": 0.12921653933729976, "Sum": 3980.1286288703418 }, "geometry": { "type": "MultiPolygon", "coordinates": [ [ [ [ 85.9921735, 51.9440053 ], [ 85.9921172, 51.9440136 ], [ 85.9920636, 51.944007 ], [ 85.9920421, 51.9439772 ], [ 85.9920529, 51.9439408 ], [ 85.9929138, 51.9431025 ], [ 85.9929675, 51.9430827 ], [ 85.9930184, 51.9430777 ], [ 85.993064, 51.9430992 ], [ 85.9930721, 51.9431356 ], [ 85.9930372, 51.9431637 ], [ 85.9921735, 51.9440053 ] ] ] ] } },
{ "type": "Feature", "properties": { "fid": 104, "natural": "wood", "Растительность": null, "Area": 0.419149249534565, "Sum": 3980.1286288703418 }, "geometry": { "type": "MultiPolygon", "coordinates": [ [ [ [ 85.9917873, 51.9441773 ], [ 85.9918544, 51.9441194 ], [ 85.9918973, 51.9440946 ], [ 85.9919456, 51.9440764 ], [ 85.9919992, 51.9440764 ], [ 85.9920555, 51.9440847 ], [ 85.9931526, 51.9444682 ], [ 85.9932598, 51.944493 ], [ 85.9933108, 51.9445096 ], [ 85.9933457, 51.9445377 ], [ 85.9933618, 51.9445708 ], [ 85.9933242, 51.9445972 ], [ 85.9932759, 51.9446171 ], [ 85.9932169, 51.9446187 ], [ 85.993166, 51.9446038 ], [ 85.9931284, 51.9445774 ], [ 85.9930238, 51.944541 ], [ 85.9929273, 51.9444914 ], [ 85.9928682, 51.9444716 ], [ 85.9922487, 51.944245 ], [ 85.9921494, 51.944212 ], [ 85.9920931, 51.9442021 ], [ 85.9920368, 51.9442103 ], [ 85.9919804, 51.9442252 ], [ 85.9919375, 51.9442517 ], [ 85.990473, 51.9457116 ], [ 85.9904301, 51.9457364 ], [ 85.9903765, 51.9457479 ], [ 85.9903201, 51.9457413 ], [ 85.9902719, 51.9457231 ], [ 85.9902504, 51.9456901 ], [ 85.9902531, 51.9456537 ], [ 85.9917873, 51.9441773 ] ] ] ] } },
{ "type": "Feature", "properties": { "fid": 105, "natural": "wood", "Растительность": null, "Area": 0.049517265124712141, "Sum": 3980.1286288703418 }, "geometry": { "type": "MultiPolygon", "coordinates": [ [ [ [ 85.9867018, 51.9454421 ], [ 85.9866536, 51.9454636 ], [ 85.9865972, 51.9454537 ], [ 85.9865892, 51.9454222 ], [ 85.9866106, 51.9453495 ], [ 85.9866589, 51.94529 ], [ 85.986675, 51.9452552 ], [ 85.9867072, 51.9452238 ], [ 85.9867448, 51.9451577 ], [ 85.9868011, 51.9450998 ], [ 85.986844, 51.9450734 ], [ 85.9868896, 51.9450552 ], [ 85.9869245, 51.9450833 ], [ 85.9869379, 51.9451197 ], [ 85.9869245, 51.9451957 ], [ 85.986903, 51.9452288 ], [ 85.9867018, 51.9454421 ] ] ] ] } },
{ "type": "Feature", "properties": { "fid": 106, "natural": "wood", "Растительность": null, "Area": 1.2002101325446275, "Sum": 3980.1286288703418 }, "geometry": { "type": "MultiPolygon", "coordinates": [ [ [ [ 85.9864041, 51.943291 ], [ 85.9863719, 51.9432613 ], [ 85.9863183, 51.9431984 ], [ 85.9863237, 51.9431654 ], [ 85.9863505, 51.9431339 ], [ 85.9864014, 51.9431158 ], [ 85.9864551, 51.9431141 ], [ 85.9865087, 51.9431174 ], [ 85.9866133, 51.9430959 ], [ 85.986667, 51.9430976 ], [ 85.9867126, 51.9431158 ], [ 85.9867528, 51.9431373 ], [ 85.9868038, 51.9431588 ], [ 85.986852, 51.9431935 ], [ 85.9878418, 51.9437689 ], [ 85.9878901, 51.9437887 ], [ 85.9879437, 51.9437904 ], [ 85.9879893, 51.9437672 ], [ 85.9880161, 51.9437358 ], [ 85.9884211, 51.94342 ], [ 85.9884828, 51.9433605 ], [ 85.9885311, 51.943339 ], [ 85.9885874, 51.943334 ], [ 85.9887001, 51.9433489 ], [ 85.9887484, 51.9433737 ], [ 85.9887832, 51.9434002 ], [ 85.9887886, 51.9434349 ], [ 85.9887752, 51.9434696 ], [ 85.988228, 51.9438532 ], [ 85.9882253, 51.9438879 ], [ 85.9882522, 51.9439193 ], [ 85.9898132, 51.9448816 ], [ 85.9898776, 51.9449395 ], [ 85.9898749, 51.9449758 ], [ 85.9898078, 51.9450337 ], [ 85.9897596, 51.9450486 ], [ 85.9897059, 51.9450502 ], [ 85.9896496, 51.945037 ], [ 85.9896013, 51.9450106 ], [ 85.9887618, 51.9445493 ], [ 85.9880403, 51.9441607 ], [ 85.987992, 51.944131 ], [ 85.9879544, 51.9441062 ], [ 85.9879276, 51.9440714 ], [ 85.9878901, 51.9440417 ], [ 85.9878498, 51.9440169 ], [ 85.9877935, 51.9440351 ], [ 85.9877479, 51.9440532 ], [ 85.9871122, 51.9448601 ], [ 85.9870237, 51.9449461 ], [ 85.9869486, 51.9449593 ], [ 85.9869271, 51.9449279 ], [ 85.9869379, 51.9448601 ], [ 85.9869593, 51.9448254 ], [ 85.9870291, 51.9447659 ], [ 85.9870505, 51.9447361 ], [ 85.9870666, 51.944703 ], [ 85.9870371, 51.9446716 ], [ 85.9869674, 51.9446633 ], [ 85.9869137, 51.9446683 ], [ 85.9868574, 51.9446881 ], [ 85.986785, 51.9447477 ], [ 85.9867367, 51.9447708 ], [ 85.9866831, 51.9447873 ], [ 85.9866294, 51.9448006 ], [ 85.9865892, 51.944827 ], [ 85.9865355, 51.9448452 ], [ 85.9864873, 51.9448667 ], [ 85.9864658, 51.9448998 ], [ 85.9864283, 51.9449328 ], [ 85.9863371, 51.9449824 ], [ 85.9862834, 51.9449659 ], [ 85.9862941, 51.9449312 ], [ 85.9864336, 51.9448221 ], [ 85.9864658, 51.9447907 ], [ 85.9876218, 51.9440218 ], [ 85.9876406, 51.9439888 ], [ 85.9876433, 51.9439557 ], [ 85.9876192, 51.9439243 ], [ 85.9875816, 51.9438945 ], [ 85.9864041, 51.943291 ] ] ] ] } },
{ "type": "Feature", "properties": { "fid": 107, "natural": "wood", "Растительность": null, "Area": 1.7321475287194363, "Sum": 3980.1286288703418 }, "geometry": { "type": "MultiPolygon", "coordinates": [ [ [ [ 85.9805784, 51.9454173 ], [ 85.9805328, 51.9454371 ], [ 85.9804791, 51.945452 ], [ 85.9804255, 51.9454586 ], [ 85.9803745, 51.9454437 ], [ 85.9803933, 51.9454107 ], [ 85.9804657, 51.9453528 ], [ 85.980632, 51.9452453 ], [ 85.9823406, 51.9440582 ], [ 85.9824344, 51.9439607 ], [ 85.9824747, 51.9439325 ], [ 85.9826007, 51.94383 ], [ 85.9826785, 51.9437308 ], [ 85.9827161, 51.9436498 ], [ 85.9827429, 51.9435804 ], [ 85.9827885, 51.9434183 ], [ 85.9830809, 51.9426958 ], [ 85.9830889, 51.9425536 ], [ 85.983113, 51.9423882 ], [ 85.9831506, 51.9423205 ], [ 85.9831801, 51.9422874 ], [ 85.983282, 51.9421998 ], [ 85.9833223, 51.9421766 ], [ 85.9835234, 51.9421039 ], [ 85.9858704, 51.9414739 ], [ 85.9876192, 51.9410241 ], [ 85.9889495, 51.9406157 ], [ 85.9901994, 51.9400915 ], [ 85.9912938, 51.9395359 ], [ 85.9915245, 51.9394037 ], [ 85.9916317, 51.9393937 ], [ 85.9916103, 51.9394599 ], [ 85.9915405, 51.9395227 ], [ 85.9913957, 51.9396352 ], [ 85.9912991, 51.9396881 ], [ 85.9904194, 51.9401213 ], [ 85.9903121, 51.9401577 ], [ 85.9902048, 51.9401907 ], [ 85.9899956, 51.9402734 ], [ 85.9896201, 51.940452 ], [ 85.989427, 51.9405281 ], [ 85.9891427, 51.9406637 ], [ 85.9889495, 51.9407397 ], [ 85.9886169, 51.9408422 ], [ 85.9882897, 51.9409315 ], [ 85.9881878, 51.9409613 ], [ 85.9854197, 51.9417186 ], [ 85.9845507, 51.9419765 ], [ 85.9846097, 51.9420361 ], [ 85.9847063, 51.9420724 ], [ 85.9861869, 51.9427867 ], [ 85.9862244, 51.9428496 ], [ 85.9862351, 51.9429157 ], [ 85.9862083, 51.9429818 ], [ 85.9861278, 51.9430414 ], [ 85.9860152, 51.9430546 ], [ 85.9859186, 51.9430116 ], [ 85.9857577, 51.9428959 ], [ 85.98432, 51.9421386 ], [ 85.9842288, 51.9421022 ], [ 85.9841216, 51.9420956 ], [ 85.9839016, 51.9421187 ], [ 85.9837943, 51.9421386 ], [ 85.9835905, 51.9422113 ], [ 85.9834349, 51.9423072 ], [ 85.9833759, 51.9423634 ], [ 85.983274, 51.9424891 ], [ 85.9829897, 51.9434349 ], [ 85.9828287, 51.9438548 ], [ 85.9827751, 51.9439144 ], [ 85.9826946, 51.9439706 ], [ 85.9826142, 51.9440202 ], [ 85.9811872, 51.9450585 ], [ 85.9805784, 51.9454173 ] ] ] ] } },
{ "type": "Feature", "properties": { "fid": 108, "natural": "wood", "Растительность": null, "Area": 14.026632903842442, "Sum": 3980.1286288703418 }, "geometry": { "type": "MultiPolygon", "coordinates": [ [ [ [ 85.965668, 51.9654497 ], [ 85.9655714, 51.9654067 ], [ 85.9654909, 51.9653406 ], [ 85.9654695, 51.9652712 ], [ 85.9654534, 51.9652051 ], [ 85.9654212, 51.965139 ], [ 85.9653246, 51.9650035 ], [ 85.9652871, 51.9648614 ], [ 85.9652442, 51.9647986 ], [ 85.9652066, 51.9647325 ], [ 85.9652013, 51.9646631 ], [ 85.9652817, 51.9646003 ], [ 85.9654909, 51.9645573 ], [ 85.9655929, 51.9645308 ], [ 85.9657806, 51.964435 ], [ 85.9658343, 51.9643755 ], [ 85.9659094, 51.964164 ], [ 85.9658825, 51.9640978 ], [ 85.9656519, 51.964045 ], [ 85.9655768, 51.9639987 ], [ 85.9655338, 51.9639359 ], [ 85.9655875, 51.9637971 ], [ 85.9655821, 51.963731 ], [ 85.965625, 51.9636748 ], [ 85.9656948, 51.9636153 ], [ 85.9658021, 51.9635921 ], [ 85.965904, 51.963612 ], [ 85.9661186, 51.9636153 ], [ 85.9662312, 51.963602 ], [ 85.9663331, 51.9635723 ], [ 85.9664351, 51.9635293 ], [ 85.9665424, 51.9635293 ], [ 85.9666443, 51.9635359 ], [ 85.9667569, 51.9635227 ], [ 85.9668696, 51.963526 ], [ 85.9670466, 51.9636153 ], [ 85.9671539, 51.9636219 ], [ 85.9673577, 51.963569 ], [ 85.9674758, 51.9635789 ], [ 85.9676957, 51.9636087 ], [ 85.9677869, 51.963645 ], [ 85.9678298, 51.9637111 ], [ 85.9679264, 51.9637607 ], [ 85.9680337, 51.9637905 ], [ 85.968141, 51.9637871 ], [ 85.9682482, 51.9638169 ], [ 85.9683448, 51.9637838 ], [ 85.9683716, 51.963721 ], [ 85.9684843, 51.9636946 ], [ 85.9685969, 51.9637078 ], [ 85.9687096, 51.9636946 ], [ 85.9687793, 51.9636384 ], [ 85.9687847, 51.9635756 ], [ 85.96879, 51.9635095 ], [ 85.9688276, 51.9634467 ], [ 85.9687471, 51.9634004 ], [ 85.96879, 51.9633409 ], [ 85.9688705, 51.9632946 ], [ 85.9689724, 51.9632616 ], [ 85.9693158, 51.9631955 ], [ 85.9693426, 51.9631261 ], [ 85.9693265, 51.96306 ], [ 85.9692568, 51.9630071 ], [ 85.9692728, 51.962941 ], [ 85.9693158, 51.9628815 ], [ 85.9693962, 51.9628352 ], [ 85.9694928, 51.9628021 ], [ 85.9697288, 51.9627988 ], [ 85.96982, 51.9627559 ], [ 85.9699005, 51.9627162 ], [ 85.969997, 51.9626898 ], [ 85.9700668, 51.9626369 ], [ 85.9701097, 51.9625642 ], [ 85.9701848, 51.962498 ], [ 85.9702653, 51.9624485 ], [ 85.9703779, 51.9624352 ], [ 85.9704906, 51.9624385 ], [ 85.9705818, 51.9624782 ], [ 85.9706515, 51.9625377 ], [ 85.9706783, 51.9626137 ], [ 85.9706837, 51.9626931 ], [ 85.9707481, 51.9628319 ], [ 85.970791, 51.962898 ], [ 85.9708607, 51.9629575 ], [ 85.9709412, 51.9630104 ], [ 85.9710431, 51.96305 ], [ 85.9711504, 51.9631757 ], [ 85.9713972, 51.9633244 ], [ 85.9715956, 51.9634169 ], [ 85.9716493, 51.9634831 ], [ 85.9716868, 51.9635558 ], [ 85.9718478, 51.9636615 ], [ 85.9719175, 51.9637243 ], [ 85.9719765, 51.9637871 ], [ 85.9720409, 51.9638466 ], [ 85.9720892, 51.9639061 ], [ 85.9720731, 51.9639755 ], [ 85.9721321, 51.9640417 ], [ 85.972234, 51.9640747 ], [ 85.9724486, 51.9641243 ], [ 85.972631, 51.9642201 ], [ 85.9730011, 51.9644515 ], [ 85.973103, 51.9644945 ], [ 85.9733176, 51.9645705 ], [ 85.9735107, 51.9646763 ], [ 85.9735805, 51.9647358 ], [ 85.9736717, 51.9647754 ], [ 85.973779, 51.9647953 ], [ 85.9738916, 51.9648448 ], [ 85.973956, 51.964901 ], [ 85.9739882, 51.9649671 ], [ 85.9739506, 51.9650564 ], [ 85.9738862, 51.9651225 ], [ 85.9737843, 51.9651754 ], [ 85.9736985, 51.9652249 ], [ 85.9737521, 51.965291 ], [ 85.9737897, 51.9653605 ], [ 85.9737575, 51.9654993 ], [ 85.9736931, 51.9655687 ], [ 85.9735751, 51.9655918 ], [ 85.9734571, 51.965605 ], [ 85.9732372, 51.9656579 ], [ 85.9731299, 51.9656976 ], [ 85.973044, 51.9657505 ], [ 85.9729743, 51.96581 ], [ 85.972867, 51.9658331 ], [ 85.9727919, 51.9658893 ], [ 85.9727061, 51.9659389 ], [ 85.9726042, 51.9659653 ], [ 85.9724915, 51.9659587 ], [ 85.9723574, 51.9659554 ], [ 85.9722447, 51.9659719 ], [ 85.9721321, 51.966005 ], [ 85.972057, 51.9660678 ], [ 85.9720141, 51.9661372 ], [ 85.9719551, 51.9661967 ], [ 85.9716386, 51.9662991 ], [ 85.9715313, 51.9663289 ], [ 85.971424, 51.9663256 ], [ 85.9712362, 51.9662363 ], [ 85.9711504, 51.9660942 ], [ 85.9710914, 51.9660347 ], [ 85.971027, 51.9659785 ], [ 85.970968, 51.9659124 ], [ 85.9709305, 51.9658496 ], [ 85.97085, 51.9658 ], [ 85.9707373, 51.9657736 ], [ 85.9706515, 51.9657273 ], [ 85.9705174, 51.965615 ], [ 85.9704745, 51.9655522 ], [ 85.9704208, 51.9654067 ], [ 85.9702706, 51.965291 ], [ 85.970217, 51.9652216 ], [ 85.9701794, 51.9651555 ], [ 85.9701097, 51.9650861 ], [ 85.9700292, 51.9650365 ], [ 85.9699112, 51.9649903 ], [ 85.96982, 51.9649506 ], [ 85.9697342, 51.9648878 ], [ 85.9696162, 51.9647622 ], [ 85.9695411, 51.9647126 ], [ 85.9694713, 51.9646498 ], [ 85.9694338, 51.964587 ], [ 85.9693319, 51.9645374 ], [ 85.9692299, 51.9644978 ], [ 85.9691387, 51.9644581 ], [ 85.9690475, 51.9644218 ], [ 85.9689563, 51.9643689 ], [ 85.9688169, 51.9642499 ], [ 85.9686452, 51.9641474 ], [ 85.9685594, 51.9640218 ], [ 85.9684628, 51.9639789 ], [ 85.9683394, 51.9639623 ], [ 85.9682268, 51.9639689 ], [ 85.9681249, 51.9640086 ], [ 85.9681517, 51.9640747 ], [ 85.968259, 51.9641144 ], [ 85.9683609, 51.9641309 ], [ 85.9684628, 51.9641573 ], [ 85.9685433, 51.9642069 ], [ 85.968731, 51.9642962 ], [ 85.9688169, 51.9643457 ], [ 85.9688652, 51.9644118 ], [ 85.9690046, 51.9645374 ], [ 85.9690583, 51.9645969 ], [ 85.9691441, 51.9647424 ], [ 85.9692085, 51.9649473 ], [ 85.9692621, 51.9650233 ], [ 85.9694123, 51.9651423 ], [ 85.9694713, 51.9652051 ], [ 85.9695035, 51.9652877 ], [ 85.9695196, 51.9654299 ], [ 85.9695464, 51.9655092 ], [ 85.9697181, 51.9656183 ], [ 85.9697664, 51.9656778 ], [ 85.9698147, 51.9658133 ], [ 85.9697717, 51.9658794 ], [ 85.9696591, 51.9658959 ], [ 85.9695625, 51.9658662 ], [ 85.9694821, 51.9658232 ], [ 85.9694338, 51.9657571 ], [ 85.9692943, 51.9656943 ], [ 85.9692138, 51.9656513 ], [ 85.9691119, 51.965691 ], [ 85.9690368, 51.9657538 ], [ 85.9690368, 51.9658232 ], [ 85.9691602, 51.9659653 ], [ 85.9691977, 51.9660314 ], [ 85.9691763, 51.9661008 ], [ 85.9690475, 51.9661901 ], [ 85.9689349, 51.9662099 ], [ 85.9688222, 51.9662396 ], [ 85.9687042, 51.9662462 ], [ 85.9684414, 51.9662363 ], [ 85.9683394, 51.9662661 ], [ 85.9681731, 51.9663785 ], [ 85.9680819, 51.9664247 ], [ 85.9679532, 51.9664346 ], [ 85.9677386, 51.9663718 ], [ 85.9676206, 51.9663553 ], [ 85.9675026, 51.9663421 ], [ 85.9673846, 51.9663256 ], [ 85.9672934, 51.966276 ], [ 85.9671593, 51.9661669 ], [ 85.9671271, 51.9660975 ], [ 85.9671324, 51.9660347 ], [ 85.96717, 51.9659686 ], [ 85.9671807, 51.9658926 ], [ 85.9671378, 51.9657505 ], [ 85.9671271, 51.9656844 ], [ 85.9671271, 51.9656117 ], [ 85.9671324, 51.9655422 ], [ 85.9671378, 51.9654695 ], [ 85.967111, 51.9653406 ], [ 85.9671217, 51.9652679 ], [ 85.9670198, 51.9652349 ], [ 85.9669018, 51.9652448 ], [ 85.9667033, 51.9653175 ], [ 85.9666175, 51.9653638 ], [ 85.9665155, 51.9653968 ], [ 85.9664029, 51.96541 ], [ 85.9662795, 51.9654001 ], [ 85.9661722, 51.9654266 ], [ 85.9660649, 51.9654464 ], [ 85.965668, 51.9654497 ] ] ] ] } },
{ "type": "Feature", "properties": { "fid": 109, "natural": "wood", "Растительность": null, "Area": 2.568016900772252, "Sum": 3980.1286288703418 }, "geometry": { "type": "MultiPolygon", "coordinates": [ [ [ [ 86.0132369, 51.9412259 ], [ 86.0131592, 51.9411961 ], [ 86.0131136, 51.9411465 ], [ 86.0131377, 51.9411167 ], [ 86.0131431, 51.9410803 ], [ 86.0131296, 51.9410489 ], [ 86.013076, 51.9410374 ], [ 86.013017, 51.9410291 ], [ 86.0129687, 51.9410059 ], [ 86.0129178, 51.9409613 ], [ 86.0128587, 51.9409216 ], [ 86.0128212, 51.9408918 ], [ 86.0128158, 51.9408588 ], [ 86.0128239, 51.9408274 ], [ 86.012848, 51.9407976 ], [ 86.0128856, 51.9407728 ], [ 86.0129446, 51.9407563 ], [ 86.0130009, 51.9407414 ], [ 86.013076, 51.9406951 ], [ 86.0131296, 51.9406537 ], [ 86.0132235, 51.9405628 ], [ 86.0132611, 51.9405396 ], [ 86.0134193, 51.9404718 ], [ 86.0134676, 51.9404437 ], [ 86.0134998, 51.9404074 ], [ 86.0135266, 51.9403693 ], [ 86.0135776, 51.9403098 ], [ 86.0136098, 51.9402817 ], [ 86.0136527, 51.9402585 ], [ 86.013701, 51.9402404 ], [ 86.0137546, 51.9402238 ], [ 86.0138136, 51.9402122 ], [ 86.0139745, 51.9402007 ], [ 86.0141623, 51.9401693 ], [ 86.0142884, 51.9401544 ], [ 86.0143393, 51.9401494 ], [ 86.014401, 51.9401478 ], [ 86.014519, 51.9401444 ], [ 86.0147524, 51.9401213 ], [ 86.0148087, 51.9401097 ], [ 86.0149187, 51.9400899 ], [ 86.0151413, 51.9400386 ], [ 86.0151976, 51.9400287 ], [ 86.015498, 51.9399874 ], [ 86.0156134, 51.9399659 ], [ 86.0159594, 51.9399295 ], [ 86.016013, 51.9399179 ], [ 86.0160693, 51.9399196 ], [ 86.0161686, 51.9399576 ], [ 86.0162035, 51.9399874 ], [ 86.016241, 51.9400105 ], [ 86.0164207, 51.9400105 ], [ 86.0164502, 51.9399774 ], [ 86.0164422, 51.939946 ], [ 86.0163885, 51.9399163 ], [ 86.0162571, 51.9398848 ], [ 86.0162035, 51.93986 ], [ 86.0161605, 51.9398286 ], [ 86.0161364, 51.9397922 ], [ 86.0161418, 51.9397592 ], [ 86.0161284, 51.9397244 ], [ 86.0161042, 51.9396897 ], [ 86.0160962, 51.939655 ], [ 86.0161203, 51.9396219 ], [ 86.0162598, 51.9395624 ], [ 86.0162947, 51.9395359 ], [ 86.016351, 51.939526 ], [ 86.0164046, 51.939531 ], [ 86.0164985, 51.9395707 ], [ 86.0165361, 51.9395955 ], [ 86.0165414, 51.9396285 ], [ 86.0165414, 51.9396682 ], [ 86.016579, 51.939698 ], [ 86.0166782, 51.9397377 ], [ 86.0167345, 51.9397526 ], [ 86.0167935, 51.9397575 ], [ 86.0168499, 51.9397476 ], [ 86.0169223, 51.9396963 ], [ 86.0170135, 51.9397344 ], [ 86.0170162, 51.9397674 ], [ 86.0169813, 51.9398385 ], [ 86.0169893, 51.9398716 ], [ 86.017043, 51.9398948 ], [ 86.0171047, 51.9398931 ], [ 86.0172147, 51.9398733 ], [ 86.0172576, 51.9398948 ], [ 86.0172924, 51.9399229 ], [ 86.0172898, 51.9399642 ], [ 86.0172629, 51.9399956 ], [ 86.0172334, 51.9400237 ], [ 86.0171878, 51.9400535 ], [ 86.0171396, 51.9400783 ], [ 86.0170886, 51.9401395 ], [ 86.0170457, 51.9401676 ], [ 86.016992, 51.9401891 ], [ 86.016933, 51.9402089 ], [ 86.0168901, 51.9402387 ], [ 86.0168284, 51.9403065 ], [ 86.0167479, 51.9403578 ], [ 86.0166997, 51.9403363 ], [ 86.0166916, 51.9402966 ], [ 86.0166916, 51.9402585 ], [ 86.0167077, 51.9402255 ], [ 86.0167024, 51.9401891 ], [ 86.0166568, 51.940161 ], [ 86.0165468, 51.9401296 ], [ 86.0165039, 51.9401081 ], [ 86.0164449, 51.9401147 ], [ 86.0163939, 51.9401444 ], [ 86.0163537, 51.9401709 ], [ 86.0163295, 51.940204 ], [ 86.0163429, 51.9402404 ], [ 86.0163939, 51.9403065 ], [ 86.0164261, 51.9403396 ], [ 86.0164314, 51.9403759 ], [ 86.0163939, 51.9404437 ], [ 86.0163644, 51.9404752 ], [ 86.0163161, 51.9404933 ], [ 86.0160989, 51.9405578 ], [ 86.0160425, 51.9405446 ], [ 86.0159835, 51.9405463 ], [ 86.0159379, 51.9405711 ], [ 86.0159165, 51.9406025 ], [ 86.0159406, 51.9406355 ], [ 86.0159647, 51.940667 ], [ 86.0159755, 51.9407 ], [ 86.0159755, 51.9407397 ], [ 86.0159594, 51.9407777 ], [ 86.0159191, 51.9408125 ], [ 86.0158735, 51.9408389 ], [ 86.0158172, 51.9408588 ], [ 86.0156912, 51.9408902 ], [ 86.0156295, 51.9409034 ], [ 86.0155785, 51.9409282 ], [ 86.0155302, 51.9409596 ], [ 86.0154793, 51.9409795 ], [ 86.0154203, 51.9409844 ], [ 86.0152271, 51.9409844 ], [ 86.0151681, 51.9409977 ], [ 86.0150608, 51.9410357 ], [ 86.0150018, 51.9410473 ], [ 86.0148865, 51.941044 ], [ 86.0148275, 51.941039 ], [ 86.0147685, 51.941044 ], [ 86.0147014, 51.9410555 ], [ 86.0146424, 51.9410671 ], [ 86.0144064, 51.9411299 ], [ 86.0143501, 51.9411415 ], [ 86.0142428, 51.941168 ], [ 86.0141838, 51.9411729 ], [ 86.0141328, 51.9411481 ], [ 86.0140845, 51.9411333 ], [ 86.014055, 51.9411018 ], [ 86.0140175, 51.9410754 ], [ 86.0139021, 51.9410952 ], [ 86.0138404, 51.9411118 ], [ 86.0137948, 51.9411333 ], [ 86.0137653, 51.9411663 ], [ 86.0137412, 51.9411994 ], [ 86.013709, 51.9412292 ], [ 86.0132369, 51.9412259 ] ] ] ] } },
{ "type": "Feature", "properties": { "fid": 110, "natural": "wood", "Растительность": null, "Area": 0.15263936656247826, "Sum": 3980.1286288703418 }, "geometry": { "type": "MultiPolygon", "coordinates": [ [ [ [ 86.0161954, 51.9388216 ], [ 86.0161418, 51.9388166 ], [ 86.0160828, 51.9388067 ], [ 86.0159835, 51.9387786 ], [ 86.016005, 51.9387488 ], [ 86.016064, 51.9387455 ], [ 86.0161284, 51.9387488 ], [ 86.0161874, 51.9387588 ], [ 86.0162947, 51.9387852 ], [ 86.016351, 51.9387885 ], [ 86.016461, 51.9387803 ], [ 86.0165173, 51.9387786 ], [ 86.0166863, 51.9387588 ], [ 86.0167345, 51.9387406 ], [ 86.0167855, 51.9387257 ], [ 86.0168445, 51.9387257 ], [ 86.0168955, 51.9387323 ], [ 86.016933, 51.9387571 ], [ 86.0169464, 51.9387918 ], [ 86.016992, 51.938815 ], [ 86.017043, 51.9388199 ], [ 86.017094, 51.9388183 ], [ 86.0171556, 51.9388051 ], [ 86.017212, 51.9387885 ], [ 86.0172683, 51.9387836 ], [ 86.01733, 51.9387852 ], [ 86.017389, 51.9387935 ], [ 86.0175097, 51.9388199 ], [ 86.0175633, 51.9388282 ], [ 86.0177457, 51.9388282 ], [ 86.0177994, 51.9388414 ], [ 86.0178933, 51.9388877 ], [ 86.0178825, 51.9389208 ], [ 86.0178369, 51.938939 ], [ 86.0177833, 51.9389539 ], [ 86.0176545, 51.9389622 ], [ 86.0176009, 51.9389605 ], [ 86.0174829, 51.938939 ], [ 86.0174185, 51.9389324 ], [ 86.0173595, 51.9389291 ], [ 86.0172334, 51.9389291 ], [ 86.0171717, 51.9389258 ], [ 86.0171074, 51.9389175 ], [ 86.0167935, 51.9388894 ], [ 86.0161954, 51.9388216 ] ] ] ] } },
{ "type": "Feature", "properties": { "fid": 111, "natural": "wood", "Растительность": null, "Area": 0.53808259697398175, "Sum": 3980.1286288703418 }, "geometry": { "type": "MultiPolygon", "coordinates": [ [ [ [ 86.0125637, 51.9370357 ], [ 86.0124564, 51.9370307 ], [ 86.0123947, 51.9370241 ], [ 86.0123411, 51.9370109 ], [ 86.0123008, 51.9369844 ], [ 86.0122928, 51.9369414 ], [ 86.0123759, 51.9369017 ], [ 86.0124376, 51.9368935 ], [ 86.0125369, 51.9368703 ], [ 86.0126683, 51.9368604 ], [ 86.0143822, 51.9366983 ], [ 86.01457, 51.9366851 ], [ 86.0147148, 51.9366851 ], [ 86.0147712, 51.9366801 ], [ 86.0148436, 51.936662 ], [ 86.0150796, 51.9366504 ], [ 86.0151923, 51.9366372 ], [ 86.0153988, 51.9366223 ], [ 86.016131, 51.9365445 ], [ 86.0161874, 51.9365363 ], [ 86.016233, 51.9365594 ], [ 86.0162544, 51.9365942 ], [ 86.0162544, 51.9366289 ], [ 86.0162383, 51.9366636 ], [ 86.0162196, 51.9366983 ], [ 86.0161659, 51.9367231 ], [ 86.0161042, 51.9367331 ], [ 86.0160479, 51.9367364 ], [ 86.0159916, 51.936738 ], [ 86.0159326, 51.9367546 ], [ 86.0158816, 51.9367728 ], [ 86.0157502, 51.9367761 ], [ 86.0156965, 51.9367827 ], [ 86.0125637, 51.9370357 ] ] ] ] } },
{ "type": "Feature", "properties": { "fid": 112, "natural": "wood", "Растительность": null, "Area": 2.7568377270741387, "Sum": 3980.1286288703418 }, "geometry": { "type": "MultiPolygon", "coordinates": [ [ [ [ 85.9886599, 51.9476211 ], [ 85.9885901, 51.9475649 ], [ 85.9885257, 51.9475054 ], [ 85.9884721, 51.947436 ], [ 85.9882361, 51.9473599 ], [ 85.9881824, 51.9472938 ], [ 85.9882253, 51.947231 ], [ 85.9883165, 51.9471913 ], [ 85.9884238, 51.9471814 ], [ 85.9886438, 51.9472045 ], [ 85.988751, 51.9472012 ], [ 85.9888583, 51.9471748 ], [ 85.9888315, 51.9471086 ], [ 85.9887564, 51.9470557 ], [ 85.9887189, 51.9469201 ], [ 85.9888047, 51.9468739 ], [ 85.9889066, 51.9469036 ], [ 85.9889442, 51.9469697 ], [ 85.9890193, 51.9470193 ], [ 85.9891319, 51.9470127 ], [ 85.9892285, 51.946983 ], [ 85.9893358, 51.9469929 ], [ 85.9894323, 51.9469598 ], [ 85.9895235, 51.9469102 ], [ 85.9896254, 51.9468871 ], [ 85.9897435, 51.9468772 ], [ 85.98984, 51.9468474 ], [ 85.9899044, 51.9467846 ], [ 85.9899902, 51.946735 ], [ 85.9900546, 51.9466788 ], [ 85.9900868, 51.9466093 ], [ 85.9901833, 51.9465663 ], [ 85.9902853, 51.946573 ], [ 85.9903496, 51.9466358 ], [ 85.9903175, 51.9467019 ], [ 85.9902584, 51.946768 ], [ 85.9902316, 51.9468408 ], [ 85.9902638, 51.9469069 ], [ 85.9903067, 51.9469697 ], [ 85.9903604, 51.947026 ], [ 85.9903872, 51.9470954 ], [ 85.9903067, 51.9471516 ], [ 85.9901994, 51.9471847 ], [ 85.9900922, 51.9472376 ], [ 85.9900171, 51.9472971 ], [ 85.9900171, 51.9473731 ], [ 85.9900653, 51.9474426 ], [ 85.9901351, 51.9475219 ], [ 85.9902155, 51.9475815 ], [ 85.9905428, 51.9478063 ], [ 85.9906286, 51.9478757 ], [ 85.9907037, 51.9479253 ], [ 85.9907842, 51.9479716 ], [ 85.9909719, 51.9480708 ], [ 85.9910738, 51.9481303 ], [ 85.9911597, 51.9481932 ], [ 85.9913582, 51.9483221 ], [ 85.9914601, 51.9483717 ], [ 85.991562, 51.9484081 ], [ 85.9916532, 51.9484478 ], [ 85.9919107, 51.9485965 ], [ 85.9919482, 51.9486627 ], [ 85.9919697, 51.9487288 ], [ 85.9919053, 51.9487883 ], [ 85.9917819, 51.9487883 ], [ 85.9916586, 51.9487982 ], [ 85.9915513, 51.9488247 ], [ 85.9914386, 51.9488445 ], [ 85.9913367, 51.948871 ], [ 85.9910899, 51.948871 ], [ 85.9908807, 51.9489338 ], [ 85.9906501, 51.9489404 ], [ 85.990532, 51.9489338 ], [ 85.9903067, 51.9488941 ], [ 85.9901887, 51.9488809 ], [ 85.9900975, 51.9488412 ], [ 85.9900439, 51.9487751 ], [ 85.9899688, 51.9487255 ], [ 85.9898668, 51.9486891 ], [ 85.9897917, 51.9486395 ], [ 85.9896791, 51.9485205 ], [ 85.989604, 51.9484676 ], [ 85.9895503, 51.9484081 ], [ 85.9893894, 51.9483023 ], [ 85.989266, 51.9481832 ], [ 85.9892124, 51.9481204 ], [ 85.9891373, 51.9480675 ], [ 85.9890568, 51.9480179 ], [ 85.9889871, 51.9479584 ], [ 85.9889334, 51.9478956 ], [ 85.9886599, 51.9476211 ] ] ] ] } },
{ "type": "Feature", "properties": { "fid": 113, "natural": "wood", "Растительность": null, "Area": 29.3127388530554, "Sum": 3980.1286288703418 }, "geometry": { "type": "MultiPolygon", "coordinates": [ [ [ [ 85.9765336, 51.9540478 ], [ 85.9763543, 51.9541604 ], [ 85.9760158, 51.9541542 ], [ 85.9755833, 51.9541365 ], [ 85.9753107, 51.9539934 ], [ 85.9753376, 51.9537287 ], [ 85.9751461, 51.9537353 ], [ 85.9750557, 51.9538767 ], [ 85.9749806, 51.953956 ], [ 85.9748894, 51.953999 ], [ 85.974707, 51.9540287 ], [ 85.9745943, 51.9540122 ], [ 85.9745514, 51.9539494 ], [ 85.9745783, 51.95388 ], [ 85.9746158, 51.9538204 ], [ 85.9746265, 51.9537543 ], [ 85.9746909, 51.9536188 ], [ 85.9746935, 51.9535114 ], [ 85.9747285, 51.9534204 ], [ 85.9747875, 51.9531989 ], [ 85.9747982, 51.9530634 ], [ 85.9748143, 51.9529939 ], [ 85.9748465, 51.9529278 ], [ 85.9748465, 51.9527195 ], [ 85.974884, 51.9526534 ], [ 85.9749377, 51.9525972 ], [ 85.9749699, 51.9525311 ], [ 85.9749806, 51.9524682 ], [ 85.9750289, 51.9524054 ], [ 85.975104, 51.9523591 ], [ 85.9751522, 51.952293 ], [ 85.9751737, 51.9522269 ], [ 85.9751844, 51.9521475 ], [ 85.9751683, 51.9520781 ], [ 85.9752703, 51.9514235 ], [ 85.9752113, 51.9513574 ], [ 85.9751898, 51.9512218 ], [ 85.9752381, 51.9510895 ], [ 85.9752542, 51.9510234 ], [ 85.9752059, 51.9508846 ], [ 85.9751308, 51.950835 ], [ 85.9749108, 51.9508151 ], [ 85.9748357, 51.9507688 ], [ 85.9747982, 51.9506994 ], [ 85.9748304, 51.9505605 ], [ 85.9748787, 51.9504283 ], [ 85.9748411, 51.9503556 ], [ 85.9748626, 51.9502894 ], [ 85.9749377, 51.9502299 ], [ 85.9750235, 51.9501935 ], [ 85.9752274, 51.9501869 ], [ 85.9753346, 51.9502035 ], [ 85.9754044, 51.9501539 ], [ 85.9753883, 51.9500877 ], [ 85.9753293, 51.9500216 ], [ 85.9752274, 51.9499885 ], [ 85.9751308, 51.9499456 ], [ 85.9751093, 51.9498761 ], [ 85.9751362, 51.9498133 ], [ 85.9752005, 51.9497571 ], [ 85.9752488, 51.9496248 ], [ 85.9754339, 51.9494066 ], [ 85.9755063, 51.9492876 ], [ 85.975509, 51.9492165 ], [ 85.9754822, 51.9491421 ], [ 85.9755143, 51.9490347 ], [ 85.9755841, 51.9489355 ], [ 85.9755975, 51.9489007 ], [ 85.9755975, 51.948866 ], [ 85.9755841, 51.9488297 ], [ 85.975576, 51.9487586 ], [ 85.9755895, 51.9487156 ], [ 85.9756431, 51.9486461 ], [ 85.9756538, 51.9485651 ], [ 85.9756163, 51.9483998 ], [ 85.9755895, 51.9483684 ], [ 85.9755439, 51.9483436 ], [ 85.9755117, 51.9483172 ], [ 85.9754983, 51.9482791 ], [ 85.9755921, 51.9481535 ], [ 85.9755975, 51.9480989 ], [ 85.9755895, 51.9480212 ], [ 85.9756297, 51.9479518 ], [ 85.9756646, 51.9478113 ], [ 85.9756833, 51.9477749 ], [ 85.9757477, 51.9477517 ], [ 85.9757906, 51.9477765 ], [ 85.9758335, 51.9478873 ], [ 85.9758899, 51.9479468 ], [ 85.9759918, 51.9479997 ], [ 85.9760454, 51.9480113 ], [ 85.9761071, 51.9479898 ], [ 85.9761983, 51.9478542 ], [ 85.9762654, 51.9477931 ], [ 85.9763432, 51.9477435 ], [ 85.9764558, 51.9476525 ], [ 85.9765175, 51.9476344 ], [ 85.9765819, 51.9476261 ], [ 85.9766355, 51.9476294 ], [ 85.9766999, 51.9476559 ], [ 85.9767348, 51.9477005 ], [ 85.9767455, 51.9477352 ], [ 85.9767401, 51.9478129 ], [ 85.9766704, 51.9479898 ], [ 85.9766972, 51.9480245 ], [ 85.9767535, 51.9480394 ], [ 85.9768072, 51.9480278 ], [ 85.9768528, 51.9479964 ], [ 85.9768823, 51.9479683 ], [ 85.9769279, 51.9479336 ], [ 85.9770325, 51.9479022 ], [ 85.9770834, 51.9479237 ], [ 85.9771344, 51.9479981 ], [ 85.977188, 51.9480179 ], [ 85.9772551, 51.9480146 ], [ 85.9773624, 51.9479832 ], [ 85.9774268, 51.9479882 ], [ 85.9774777, 51.9480047 ], [ 85.9775394, 51.948008 ], [ 85.9776467, 51.9479898 ], [ 85.9777567, 51.9479997 ], [ 85.9778157, 51.9480096 ], [ 85.977864, 51.9480311 ], [ 85.9779042, 51.9480592 ], [ 85.9782207, 51.9481551 ], [ 85.9782663, 51.9481816 ], [ 85.9783253, 51.9481899 ], [ 85.9783897, 51.948175 ], [ 85.9784836, 51.9481403 ], [ 85.9784809, 51.9481088 ], [ 85.9784541, 51.9480758 ], [ 85.9784165, 51.9480477 ], [ 85.9783038, 51.9480311 ], [ 85.9782556, 51.9480163 ], [ 85.9781992, 51.9479948 ], [ 85.9781644, 51.9479667 ], [ 85.9781697, 51.9479336 ], [ 85.9782234, 51.9479088 ], [ 85.9782743, 51.9478923 ], [ 85.9783602, 51.9478377 ], [ 85.9783897, 51.9478096 ], [ 85.9784353, 51.9477914 ], [ 85.978505, 51.9477865 ], [ 85.9786203, 51.9477947 ], [ 85.9786686, 51.9478129 ], [ 85.9786981, 51.9478476 ], [ 85.9787062, 51.947889 ], [ 85.9787196, 51.947922 ], [ 85.9787813, 51.9479915 ], [ 85.9788161, 51.9480642 ], [ 85.9788483, 51.9480923 ], [ 85.9788993, 51.9481155 ], [ 85.9789368, 51.9481436 ], [ 85.9789556, 51.9481799 ], [ 85.9789851, 51.948256 ], [ 85.9790146, 51.9482857 ], [ 85.9790549, 51.9483105 ], [ 85.9791461, 51.9483568 ], [ 85.9791917, 51.948375 ], [ 85.979248, 51.9483816 ], [ 85.9793124, 51.9483783 ], [ 85.979366, 51.9483866 ], [ 85.979417, 51.9484114 ], [ 85.9794357, 51.9484428 ], [ 85.9794438, 51.9485222 ], [ 85.9794652, 51.9485569 ], [ 85.9795055, 51.9485899 ], [ 85.9795967, 51.9486329 ], [ 85.9797201, 51.9486362 ], [ 85.9797737, 51.948623 ], [ 85.9798032, 51.9485899 ], [ 85.9798139, 51.9485569 ], [ 85.9798086, 51.9484197 ], [ 85.9797978, 51.9483833 ], [ 85.9797764, 51.9483453 ], [ 85.9796476, 51.948208 ], [ 85.9795913, 51.9481072 ], [ 85.9795511, 51.9480824 ], [ 85.9795189, 51.9480543 ], [ 85.9795243, 51.9480212 ], [ 85.9795886, 51.9479138 ], [ 85.9796476, 51.9477832 ], [ 85.9797013, 51.9477203 ], [ 85.9798193, 51.9476244 ], [ 85.9799159, 51.9475881 ], [ 85.9799749, 51.9475319 ], [ 85.9799963, 51.9474657 ], [ 85.9800714, 51.9473996 ], [ 85.9801197, 51.9473269 ], [ 85.9803021, 51.9472343 ], [ 85.980463, 51.947221 ], [ 85.9806132, 51.9473335 ], [ 85.9806991, 51.9473798 ], [ 85.9807742, 51.9474393 ], [ 85.9808117, 51.9475748 ], [ 85.980801, 51.947641 ], [ 85.980742, 51.9476972 ], [ 85.9807581, 51.9477633 ], [ 85.9808117, 51.9478228 ], [ 85.9808546, 51.9479617 ], [ 85.9809297, 51.9480973 ], [ 85.9809565, 51.9481667 ], [ 85.9809619, 51.9482361 ], [ 85.9810317, 51.9484279 ], [ 85.9811068, 51.9485635 ], [ 85.9811228, 51.9486395 ], [ 85.9811926, 51.9487024 ], [ 85.981273, 51.9488379 ], [ 85.9812784, 51.9489074 ], [ 85.9812355, 51.9490429 ], [ 85.9813321, 51.949076 ], [ 85.9814501, 51.9490859 ], [ 85.9815574, 51.9490661 ], [ 85.981788, 51.9490925 ], [ 85.98189, 51.9490859 ], [ 85.982008, 51.9490661 ], [ 85.9822494, 51.9490661 ], [ 85.98248, 51.9490264 ], [ 85.9828556, 51.9490363 ], [ 85.9832042, 51.9489801 ], [ 85.9835368, 51.9489702 ], [ 85.9836495, 51.9489503 ], [ 85.9838265, 51.9489404 ], [ 85.9839606, 51.9489404 ], [ 85.9842718, 51.9489272 ], [ 85.9845239, 51.9488743 ], [ 85.9846473, 51.9488677 ], [ 85.9847599, 51.9488743 ], [ 85.9850013, 51.9488743 ], [ 85.9851569, 51.9488644 ], [ 85.9852749, 51.9488644 ], [ 85.9853929, 51.9488545 ], [ 85.9855002, 51.9488346 ], [ 85.9856129, 51.9488412 ], [ 85.9857202, 51.9488644 ], [ 85.9861654, 51.9488578 ], [ 85.9865034, 51.9489007 ], [ 85.9867287, 51.9489206 ], [ 85.9867555, 51.9489867 ], [ 85.9864175, 51.9489933 ], [ 85.9859401, 51.9490198 ], [ 85.9858274, 51.949033 ], [ 85.9857416, 51.9490892 ], [ 85.9857041, 51.9491586 ], [ 85.9857202, 51.9492248 ], [ 85.9856558, 51.9492843 ], [ 85.9855539, 51.949314 ], [ 85.9854573, 51.9493636 ], [ 85.98535, 51.949357 ], [ 85.9852588, 51.9493174 ], [ 85.985012, 51.9493174 ], [ 85.9849048, 51.9492876 ], [ 85.9847975, 51.9492711 ], [ 85.9846902, 51.9492975 ], [ 85.9846365, 51.949357 ], [ 85.9846044, 51.9494298 ], [ 85.9846312, 51.9494992 ], [ 85.9847224, 51.9495488 ], [ 85.9847385, 51.9496182 ], [ 85.9846365, 51.9496579 ], [ 85.9843844, 51.9496381 ], [ 85.9842664, 51.9496414 ], [ 85.984143, 51.9496811 ], [ 85.9840625, 51.949734 ], [ 85.9839874, 51.9497902 ], [ 85.9838855, 51.9498265 ], [ 85.9837675, 51.949853 ], [ 85.9836549, 51.9498662 ], [ 85.9835368, 51.9498695 ], [ 85.9834295, 51.9498827 ], [ 85.9833276, 51.9498497 ], [ 85.9832525, 51.9497902 ], [ 85.9831721, 51.9497406 ], [ 85.983097, 51.9496877 ], [ 85.9829789, 51.9496744 ], [ 85.9828716, 51.9496976 ], [ 85.982641, 51.9497307 ], [ 85.9823888, 51.9497273 ], [ 85.9822923, 51.9496877 ], [ 85.9822869, 51.9496215 ], [ 85.9823459, 51.9495554 ], [ 85.982362, 51.9494827 ], [ 85.9823137, 51.9494165 ], [ 85.9822172, 51.9493802 ], [ 85.9821045, 51.9493802 ], [ 85.9820133, 51.9494198 ], [ 85.9819436, 51.9494827 ], [ 85.9818739, 51.9496248 ], [ 85.9818309, 51.9496877 ], [ 85.9818309, 51.9497538 ], [ 85.9817612, 51.9498927 ], [ 85.9817129, 51.9498265 ], [ 85.9817076, 51.9497571 ], [ 85.9817558, 51.9496282 ], [ 85.9817237, 51.949562 ], [ 85.9816271, 51.949529 ], [ 85.981552, 51.9495852 ], [ 85.9815091, 51.9496546 ], [ 85.9814984, 51.9498761 ], [ 85.9814501, 51.949939 ], [ 85.9813803, 51.9499985 ], [ 85.981316, 51.9500646 ], [ 85.9813213, 51.9501373 ], [ 85.9813642, 51.9502035 ], [ 85.9813911, 51.9502762 ], [ 85.9814823, 51.9503192 ], [ 85.9815466, 51.9503754 ], [ 85.9815574, 51.9504448 ], [ 85.9814984, 51.9505076 ], [ 85.9815359, 51.9505738 ], [ 85.9816164, 51.9506234 ], [ 85.9816807, 51.9506862 ], [ 85.981788, 51.9508217 ], [ 85.9817022, 51.9508713 ], [ 85.9815842, 51.9508879 ], [ 85.9814876, 51.9509242 ], [ 85.9814554, 51.9510036 ], [ 85.9814769, 51.951073 ], [ 85.9814715, 51.9511391 ], [ 85.9814233, 51.9512119 ], [ 85.9813321, 51.9512648 ], [ 85.9812248, 51.9513011 ], [ 85.9811765, 51.951364 ], [ 85.9812087, 51.9514301 ], [ 85.9813213, 51.9515656 ], [ 85.981316, 51.9516384 ], [ 85.9812784, 51.9517012 ], [ 85.9812623, 51.9517739 ], [ 85.981155, 51.9518698 ], [ 85.9810638, 51.9519194 ], [ 85.9810531, 51.9519922 ], [ 85.9810638, 51.9520616 ], [ 85.9810692, 51.9521376 ], [ 85.9810585, 51.9522071 ], [ 85.9810048, 51.9522732 ], [ 85.9809405, 51.9523294 ], [ 85.9809244, 51.9523955 ], [ 85.9809405, 51.9524649 ], [ 85.9809405, 51.9525377 ], [ 85.9808922, 51.9526071 ], [ 85.9808171, 51.9526732 ], [ 85.9807312, 51.952736 ], [ 85.9805328, 51.9528055 ], [ 85.9804523, 51.9529443 ], [ 85.9803557, 51.9529873 ], [ 85.9800231, 51.9530733 ], [ 85.9799373, 51.9531262 ], [ 85.9798139, 51.9532485 ], [ 85.9797978, 51.9533212 ], [ 85.97983, 51.9533873 ], [ 85.9798247, 51.9534634 ], [ 85.9797549, 51.9535196 ], [ 85.9796691, 51.9535659 ], [ 85.9795886, 51.9536188 ], [ 85.9794813, 51.9536287 ], [ 85.9792453, 51.9536122 ], [ 85.9791326, 51.9536188 ], [ 85.9790307, 51.9536717 ], [ 85.9789342, 51.953708 ], [ 85.9788215, 51.9537345 ], [ 85.9780705, 51.9540056 ], [ 85.9779632, 51.954032 ], [ 85.9778613, 51.9540684 ], [ 85.9777433, 51.9540651 ], [ 85.9775931, 51.9540353 ], [ 85.9774799, 51.954115 ], [ 85.9771371, 51.9541054 ], [ 85.9770086, 51.9541168 ], [ 85.9768601, 51.9541047 ], [ 85.9767015, 51.9540951 ], [ 85.9765336, 51.9540478 ] ] ] ] } },
{ "type": "Feature", "properties": { "fid": 114, "natural": "wood", "Растительность": null, "Area": 4.1163652035934621, "Sum": 3980.1286288703418 }, "geometry": { "type": "MultiPolygon", "coordinates": [ [ [ [ 86.0029024, 51.9676625 ], [ 86.0028461, 51.967641 ], [ 86.0026959, 51.967598 ], [ 86.0026503, 51.9675799 ], [ 86.0026154, 51.9675518 ], [ 86.002602, 51.9675187 ], [ 86.0025912, 51.967484 ], [ 86.0025886, 51.967446 ], [ 86.00261, 51.9674063 ], [ 86.0026476, 51.9673749 ], [ 86.0027468, 51.9673237 ], [ 86.0027871, 51.9672956 ], [ 86.0028514, 51.9672345 ], [ 86.0028917, 51.9672064 ], [ 86.0029775, 51.9671535 ], [ 86.0030767, 51.9671056 ], [ 86.0031813, 51.9670643 ], [ 86.0032296, 51.9670461 ], [ 86.0032779, 51.9670246 ], [ 86.0033745, 51.9669734 ], [ 86.0034254, 51.9669535 ], [ 86.0034791, 51.966937 ], [ 86.0035649, 51.9668874 ], [ 86.0036105, 51.9668676 ], [ 86.0036561, 51.9668511 ], [ 86.0037661, 51.966823 ], [ 86.0038063, 51.9667999 ], [ 86.0038438, 51.9667718 ], [ 86.0038948, 51.966747 ], [ 86.0039431, 51.9667288 ], [ 86.0040477, 51.9666941 ], [ 86.004391, 51.966547 ], [ 86.0044527, 51.9665239 ], [ 86.0045546, 51.966471 ], [ 86.0046029, 51.9664545 ], [ 86.0046646, 51.9664545 ], [ 86.0047263, 51.9664627 ], [ 86.0047933, 51.9664776 ], [ 86.0048416, 51.9665024 ], [ 86.0048738, 51.9665338 ], [ 86.0049006, 51.9665718 ], [ 86.0049136, 51.9666028 ], [ 86.0049248, 51.9666296 ], [ 86.0049248, 51.9666643 ], [ 86.0049838, 51.9667304 ], [ 86.005075, 51.9670097 ], [ 86.0051098, 51.9670692 ], [ 86.0051393, 51.967099 ], [ 86.005193, 51.9671634 ], [ 86.0052037, 51.9671998 ], [ 86.0051957, 51.9672345 ], [ 86.005201, 51.9672675 ], [ 86.0052279, 51.9672989 ], [ 86.0052761, 51.9673254 ], [ 86.0053673, 51.9673468 ], [ 86.0054505, 51.9673402 ], [ 86.0054988, 51.9673254 ], [ 86.0055444, 51.9673088 ], [ 86.0055873, 51.9672857 ], [ 86.0056168, 51.9672593 ], [ 86.0056624, 51.9672345 ], [ 86.0057268, 51.9672262 ], [ 86.0058394, 51.9672246 ], [ 86.0059547, 51.9672163 ], [ 86.0060325, 51.9672113 ], [ 86.0060862, 51.9672047 ], [ 86.0061479, 51.9671882 ], [ 86.0062659, 51.9671965 ], [ 86.0063249, 51.967218 ], [ 86.0063651, 51.9672427 ], [ 86.0064, 51.9672741 ], [ 86.006577, 51.9674196 ], [ 86.0066092, 51.9674543 ], [ 86.0066521, 51.9674807 ], [ 86.0066977, 51.9675005 ], [ 86.006754, 51.9675088 ], [ 86.0068881, 51.9675005 ], [ 86.0069364, 51.9675121 ], [ 86.0070249, 51.9675204 ], [ 86.0070813, 51.9675121 ], [ 86.0071215, 51.9674857 ], [ 86.0071644, 51.9674642 ], [ 86.0072315, 51.9673749 ], [ 86.0072851, 51.9673551 ], [ 86.0073978, 51.9673353 ], [ 86.007446, 51.9673237 ], [ 86.0074997, 51.9673204 ], [ 86.0075748, 51.9673485 ], [ 86.007607, 51.9673782 ], [ 86.0076767, 51.9674328 ], [ 86.0076901, 51.9674658 ], [ 86.0077009, 51.9675005 ], [ 86.0077384, 51.9675319 ], [ 86.0077867, 51.9675551 ], [ 86.007843, 51.9675766 ], [ 86.0078886, 51.9676013 ], [ 86.0080469, 51.9676674 ], [ 86.0081246, 51.9677187 ], [ 86.0081837, 51.9677798 ], [ 86.0082749, 51.9678195 ], [ 86.0082802, 51.9678558 ], [ 86.0082266, 51.9678591 ], [ 86.0081059, 51.9678244 ], [ 86.0080469, 51.9677914 ], [ 86.007961, 51.9677302 ], [ 86.0078537, 51.9676906 ], [ 86.0076714, 51.9676575 ], [ 86.007556, 51.9676278 ], [ 86.0074595, 51.9676212 ], [ 86.0073924, 51.9676212 ], [ 86.0073066, 51.9676311 ], [ 86.0072422, 51.9676327 ], [ 86.0070625, 51.9676344 ], [ 86.0070062, 51.967646 ], [ 86.0069445, 51.9676658 ], [ 86.0067916, 51.9677368 ], [ 86.0067514, 51.96776 ], [ 86.0067245, 51.9677947 ], [ 86.0067219, 51.9678277 ], [ 86.0066897, 51.9678591 ], [ 86.0066387, 51.9678707 ], [ 86.0065824, 51.9678608 ], [ 86.0065368, 51.967841 ], [ 86.0064965, 51.9678096 ], [ 86.0064483, 51.9677881 ], [ 86.0063919, 51.9677947 ], [ 86.0063356, 51.9678096 ], [ 86.0062793, 51.9678377 ], [ 86.0062364, 51.9678707 ], [ 86.006223, 51.9679087 ], [ 86.0062337, 51.9679467 ], [ 86.0061881, 51.9679732 ], [ 86.0060862, 51.9680079 ], [ 86.0060459, 51.9680343 ], [ 86.0060191, 51.9680657 ], [ 86.0059226, 51.9681153 ], [ 86.0058984, 51.9681516 ], [ 86.0058689, 51.9681863 ], [ 86.0058233, 51.9682144 ], [ 86.0057268, 51.9682475 ], [ 86.0057026, 51.9682789 ], [ 86.0057053, 51.9683218 ], [ 86.0057455, 51.9683499 ], [ 86.0057965, 51.9683582 ], [ 86.0058555, 51.9683598 ], [ 86.0059065, 51.968345 ], [ 86.0059413, 51.9683136 ], [ 86.0059628, 51.9682789 ], [ 86.005995, 51.9682508 ], [ 86.0060513, 51.968226 ], [ 86.0061532, 51.968183 ], [ 86.0061908, 51.9681533 ], [ 86.0062095, 51.9681202 ], [ 86.0062391, 51.9680888 ], [ 86.0062927, 51.9680624 ], [ 86.0063517, 51.9680525 ], [ 86.006408, 51.9680541 ], [ 86.0064644, 51.9680723 ], [ 86.0064778, 51.9681087 ], [ 86.0064349, 51.9681896 ], [ 86.0063866, 51.9682607 ], [ 86.0064322, 51.9683268 ], [ 86.0064349, 51.9683665 ], [ 86.0064214, 51.9684045 ], [ 86.0064617, 51.9686342 ], [ 86.0065019, 51.9686788 ], [ 86.0065207, 51.9687118 ], [ 86.0065046, 51.9687482 ], [ 86.006467, 51.9687763 ], [ 86.0063919, 51.9688209 ], [ 86.0063437, 51.9688374 ], [ 86.0062847, 51.9688457 ], [ 86.0062551, 51.968882 ], [ 86.0061988, 51.9689019 ], [ 86.0061344, 51.9689085 ], [ 86.0060647, 51.9689085 ], [ 86.0059816, 51.9688986 ], [ 86.0059011, 51.9688837 ], [ 86.0057911, 51.9688506 ], [ 86.0057241, 51.9688143 ], [ 86.0056463, 51.9687531 ], [ 86.00559, 51.9687317 ], [ 86.0054076, 51.9687085 ], [ 86.0053539, 51.9686953 ], [ 86.0052896, 51.9686738 ], [ 86.005244, 51.9686507 ], [ 86.0052064, 51.9686209 ], [ 86.0051662, 51.9685961 ], [ 86.0051125, 51.9685829 ], [ 86.0050562, 51.9685862 ], [ 86.0049838, 51.9685846 ], [ 86.0049301, 51.9685747 ], [ 86.0048765, 51.9685598 ], [ 86.004855, 51.9685267 ], [ 86.0048819, 51.968497 ], [ 86.0049301, 51.9684689 ], [ 86.0050455, 51.9684177 ], [ 86.0051259, 51.9683665 ], [ 86.0051501, 51.9683384 ], [ 86.0051233, 51.9683004 ], [ 86.0050723, 51.9682805 ], [ 86.005016, 51.9682706 ], [ 86.004957, 51.968269 ], [ 86.0049033, 51.9682822 ], [ 86.0048524, 51.968297 ], [ 86.0047933, 51.9682987 ], [ 86.0046726, 51.9682871 ], [ 86.004619, 51.9682772 ], [ 86.0045707, 51.9682541 ], [ 86.0045385, 51.968226 ], [ 86.0044822, 51.9682359 ], [ 86.0044312, 51.9682607 ], [ 86.0043776, 51.9682805 ], [ 86.0043132, 51.9682954 ], [ 86.0042623, 51.9683103 ], [ 86.0042435, 51.9683466 ], [ 86.0042381, 51.9684193 ], [ 86.004214, 51.9684507 ], [ 86.0041738, 51.9684805 ], [ 86.0040665, 51.9685813 ], [ 86.0040075, 51.9686061 ], [ 86.0039484, 51.9686242 ], [ 86.0038921, 51.9686309 ], [ 86.0038304, 51.9686259 ], [ 86.0037714, 51.9686127 ], [ 86.0036668, 51.9685631 ], [ 86.0035434, 51.9685449 ], [ 86.0034817, 51.9685383 ], [ 86.0034201, 51.9685267 ], [ 86.0033771, 51.968497 ], [ 86.0033503, 51.9684673 ], [ 86.0033154, 51.9684359 ], [ 86.0032135, 51.9683995 ], [ 86.0031223, 51.9683516 ], [ 86.0030848, 51.9683268 ], [ 86.0030606, 51.9682954 ], [ 86.0030687, 51.9682623 ], [ 86.0030901, 51.9682309 ], [ 86.0031277, 51.9682012 ], [ 86.0031867, 51.9681896 ], [ 86.0033128, 51.9681913 ], [ 86.0034442, 51.9681929 ], [ 86.0035139, 51.9681896 ], [ 86.0035703, 51.9681715 ], [ 86.0036105, 51.9681417 ], [ 86.0036561, 51.9681169 ], [ 86.0037178, 51.9681054 ], [ 86.0037875, 51.9680954 ], [ 86.0038358, 51.9680789 ], [ 86.0038653, 51.9680475 ], [ 86.0038707, 51.9680145 ], [ 86.003868, 51.9679765 ], [ 86.0038599, 51.9679418 ], [ 86.0038304, 51.9679137 ], [ 86.0038251, 51.9678806 ], [ 86.0038358, 51.9678443 ], [ 86.0038626, 51.9678112 ], [ 86.0039109, 51.9677831 ], [ 86.0040101, 51.96776 ], [ 86.0040557, 51.9677368 ], [ 86.0041013, 51.967722 ], [ 86.0042757, 51.9677187 ], [ 86.0043293, 51.9677319 ], [ 86.0043883, 51.9677319 ], [ 86.0044366, 51.9677154 ], [ 86.0044822, 51.9676955 ], [ 86.0045144, 51.9676658 ], [ 86.0045251, 51.9676327 ], [ 86.0045117, 51.9675947 ], [ 86.0045251, 51.9674278 ], [ 86.004568, 51.9673568 ], [ 86.0045654, 51.9673254 ], [ 86.0045171, 51.9673022 ], [ 86.0044554, 51.9673055 ], [ 86.0044044, 51.967327 ], [ 86.004324, 51.9673882 ], [ 86.0043052, 51.9674262 ], [ 86.0042945, 51.9674642 ], [ 86.0042649, 51.9674972 ], [ 86.0042194, 51.967522 ], [ 86.0040933, 51.9675683 ], [ 86.0040262, 51.9675848 ], [ 86.0039699, 51.9675964 ], [ 86.0039243, 51.9676179 ], [ 86.0038814, 51.967646 ], [ 86.0038117, 51.9676542 ], [ 86.0036775, 51.9676509 ], [ 86.0035461, 51.9676526 ], [ 86.0034791, 51.9676493 ], [ 86.0029024, 51.9676625 ] ] ] ] } },
{ "type": "Feature", "properties": { "fid": 115, "natural": "wood", "Растительность": null, "Area": 0.61445924891259052, "Sum": 3980.1286288703418 }, "geometry": { "type": "MultiPolygon", "coordinates": [ [ [ [ 86.0022399, 51.9673733 ], [ 86.0021031, 51.9674344 ], [ 86.0020548, 51.9674493 ], [ 86.0020065, 51.9674741 ], [ 86.0019207, 51.9675237 ], [ 86.0018644, 51.9675319 ], [ 86.0018188, 51.9675138 ], [ 86.001792, 51.9674774 ], [ 86.0017973, 51.967441 ], [ 86.0018215, 51.9674096 ], [ 86.0018563, 51.9673336 ], [ 86.0018697, 51.9673006 ], [ 86.0018778, 51.9672642 ], [ 86.0018751, 51.9671849 ], [ 86.0018858, 51.9671518 ], [ 86.00191, 51.9671122 ], [ 86.0019395, 51.9670791 ], [ 86.0019609, 51.9670444 ], [ 86.0019851, 51.9669701 ], [ 86.0019878, 51.9669387 ], [ 86.0019743, 51.9669056 ], [ 86.0019529, 51.9668676 ], [ 86.0019448, 51.9668346 ], [ 86.0019395, 51.9667982 ], [ 86.0019609, 51.9667635 ], [ 86.0020119, 51.9667338 ], [ 86.0020682, 51.9667139 ], [ 86.0021272, 51.9667007 ], [ 86.0021943, 51.9666941 ], [ 86.0023203, 51.9666941 ], [ 86.0023901, 51.9666924 ], [ 86.0025027, 51.9666825 ], [ 86.0026127, 51.9666627 ], [ 86.0026798, 51.9666544 ], [ 86.0027495, 51.9666544 ], [ 86.0028648, 51.9666643 ], [ 86.0029265, 51.966666 ], [ 86.0029989, 51.9666577 ], [ 86.003117, 51.9666412 ], [ 86.0032779, 51.9666511 ], [ 86.0033986, 51.9666544 ], [ 86.0035032, 51.9666643 ], [ 86.0035327, 51.9666974 ], [ 86.0035247, 51.9667304 ], [ 86.0034978, 51.9667652 ], [ 86.0034335, 51.9668279 ], [ 86.003404, 51.9668593 ], [ 86.0033637, 51.9668891 ], [ 86.0032698, 51.966942 ], [ 86.0032082, 51.9669684 ], [ 86.0022399, 51.9673733 ] ] ] ] } },
{ "type": "Feature", "properties": { "fid": 116, "natural": "wood", "Растительность": null, "Area": 2.125323390798969, "Sum": 3980.1286288703418 }, "geometry": { "type": "MultiPolygon", "coordinates": [ [ [ [ 85.9964249, 51.9670725 ], [ 85.996272, 51.9670444 ], [ 85.996221, 51.9670279 ], [ 85.9961942, 51.9669998 ], [ 85.9962451, 51.9669552 ], [ 85.9963042, 51.9669486 ], [ 85.9964892, 51.9669734 ], [ 85.9965429, 51.9669618 ], [ 85.9965804, 51.9669354 ], [ 85.9966287, 51.9669221 ], [ 85.996744, 51.966904 ], [ 85.9968004, 51.9669023 ], [ 85.9968621, 51.9669139 ], [ 85.996905, 51.9669354 ], [ 85.9969345, 51.9669651 ], [ 85.9969774, 51.9669849 ], [ 85.9970257, 51.9670097 ], [ 85.9970632, 51.9670362 ], [ 85.9970713, 51.9670692 ], [ 85.9970874, 51.9671122 ], [ 85.9971303, 51.9671386 ], [ 85.9971759, 51.9671585 ], [ 85.9972295, 51.967175 ], [ 85.9972885, 51.9671766 ], [ 85.997318, 51.9671452 ], [ 85.9973207, 51.9671105 ], [ 85.9973288, 51.9670775 ], [ 85.9973744, 51.9670593 ], [ 85.997436, 51.967056 ], [ 85.9974924, 51.9670659 ], [ 85.9976023, 51.9670907 ], [ 85.9976613, 51.9670973 ], [ 85.9977096, 51.9671105 ], [ 85.997766, 51.9671304 ], [ 85.9978196, 51.9671452 ], [ 85.9978732, 51.9671518 ], [ 85.9979323, 51.9671469 ], [ 85.9980449, 51.9671337 ], [ 85.9981352, 51.9671289 ], [ 85.9981656, 51.9671089 ], [ 85.9982273, 51.9671171 ], [ 85.9983373, 51.9671436 ], [ 85.9983963, 51.9671502 ], [ 85.9984526, 51.9671585 ], [ 85.9984982, 51.9671766 ], [ 85.9985331, 51.9672064 ], [ 85.9985813, 51.967218 ], [ 85.9986967, 51.9672113 ], [ 85.9987637, 51.9672163 ], [ 85.9988147, 51.9672246 ], [ 85.9988657, 51.9672312 ], [ 85.9990481, 51.9672328 ], [ 85.9993082, 51.9672213 ], [ 85.9994021, 51.9671899 ], [ 85.9994718, 51.9671518 ], [ 85.9995148, 51.9671254 ], [ 85.9995362, 51.9670891 ], [ 85.9995362, 51.9670527 ], [ 85.9995899, 51.9669882 ], [ 85.9995791, 51.966942 ], [ 85.9995121, 51.9668825 ], [ 85.999504, 51.9668478 ], [ 85.9995443, 51.966818 ], [ 85.9995979, 51.9668015 ], [ 85.9996515, 51.9667949 ], [ 85.9997079, 51.9667899 ], [ 85.9997696, 51.9667949 ], [ 85.9999439, 51.9668246 ], [ 86.000011, 51.9668296 ], [ 86.0001236, 51.966818 ], [ 86.0002416, 51.9668395 ], [ 86.000298, 51.9668445 ], [ 86.0004052, 51.9668461 ], [ 86.0004616, 51.9668593 ], [ 86.0005152, 51.9668874 ], [ 86.0005555, 51.9669188 ], [ 86.0005823, 51.9669486 ], [ 86.0006279, 51.9669701 ], [ 86.0006788, 51.9669833 ], [ 86.0008559, 51.9670097 ], [ 86.0011911, 51.9669585 ], [ 86.0012367, 51.9669321 ], [ 86.0012957, 51.9668907 ], [ 86.0013199, 51.9668593 ], [ 86.0013387, 51.9668246 ], [ 86.0013816, 51.9667899 ], [ 86.0014164, 51.9667635 ], [ 86.0014755, 51.9667338 ], [ 86.0015264, 51.9667371 ], [ 86.0016096, 51.9668032 ], [ 86.0016122, 51.9668494 ], [ 86.0016015, 51.9668858 ], [ 86.0016498, 51.9669089 ], [ 86.0017383, 51.966942 ], [ 86.0017624, 51.9669734 ], [ 86.001749, 51.9670081 ], [ 86.0016873, 51.967056 ], [ 86.0015479, 51.967099 ], [ 86.0014996, 51.9671188 ], [ 86.0014755, 51.9671485 ], [ 86.0014942, 51.9671882 ], [ 86.0015157, 51.9672196 ], [ 86.001572, 51.9672312 ], [ 86.0016203, 51.967251 ], [ 86.0016042, 51.967289 ], [ 86.0015693, 51.9673188 ], [ 86.0015023, 51.9673386 ], [ 86.0013145, 51.9673634 ], [ 86.0011992, 51.9673865 ], [ 86.0010973, 51.9674229 ], [ 86.0009256, 51.9675418 ], [ 86.0009068, 51.9675782 ], [ 86.0009095, 51.9676129 ], [ 86.0009578, 51.9676377 ], [ 86.0010141, 51.9676493 ], [ 86.0010678, 51.9676542 ], [ 86.001116, 51.9676707 ], [ 86.0011348, 51.9677154 ], [ 86.0011107, 51.9677484 ], [ 86.001057, 51.9677749 ], [ 86.0010007, 51.9677864 ], [ 86.0009444, 51.9677897 ], [ 86.0008827, 51.9677864 ], [ 86.0007539, 51.9677633 ], [ 86.0004938, 51.9677616 ], [ 86.0004026, 51.9677534 ], [ 86.0002336, 51.9677435 ], [ 86.0000941, 51.9677418 ], [ 86.0000271, 51.9677385 ], [ 85.999909, 51.9677203 ], [ 85.999791, 51.9676906 ], [ 85.999732, 51.967684 ], [ 85.9996703, 51.9676939 ], [ 85.9996113, 51.9677121 ], [ 85.9994611, 51.9677815 ], [ 85.9994075, 51.9678029 ], [ 85.9993485, 51.9678129 ], [ 85.9992841, 51.9678129 ], [ 85.9992278, 51.9678063 ], [ 85.9991607, 51.9677963 ], [ 85.9991097, 51.9677831 ], [ 85.9989998, 51.9677435 ], [ 85.9989381, 51.9677269 ], [ 85.998871, 51.9677187 ], [ 85.9988147, 51.9677154 ], [ 85.9986511, 51.9676509 ], [ 85.9986055, 51.9676195 ], [ 85.9985653, 51.9675947 ], [ 85.9985036, 51.9675815 ], [ 85.9984392, 51.9675815 ], [ 85.9983829, 51.9675832 ], [ 85.9982139, 51.9675732 ], [ 85.9977713, 51.9674757 ], [ 85.9977123, 51.967451 ], [ 85.9975943, 51.9674096 ], [ 85.9975353, 51.967403 ], [ 85.9974709, 51.967403 ], [ 85.9973583, 51.9673931 ], [ 85.9973046, 51.9673997 ], [ 85.997251, 51.9673898 ], [ 85.9972081, 51.967365 ], [ 85.9971678, 51.9673386 ], [ 85.9971464, 51.9673039 ], [ 85.997141, 51.9672675 ], [ 85.9971195, 51.9672345 ], [ 85.9970659, 51.9672146 ], [ 85.9970042, 51.967208 ], [ 85.9969452, 51.9672064 ], [ 85.9968299, 51.9671866 ], [ 85.9967655, 51.9671783 ], [ 85.9967092, 51.96717 ], [ 85.9964249, 51.9670725 ] ] ] ] } },
{ "type": "Feature", "properties": { "fid": 117, "natural": "wood", "Растительность": null, "Area": 0.34106722354290542, "Sum": 3980.1286288703418 }, "geometry": { "type": "MultiPolygon", "coordinates": [ [ [ [ 85.9935388, 51.9698058 ], [ 85.9934905, 51.9698272 ], [ 85.9934315, 51.9698322 ], [ 85.9933752, 51.9698322 ], [ 85.9933189, 51.9698008 ], [ 85.9932947, 51.9697694 ], [ 85.9932786, 51.9697281 ], [ 85.9932759, 51.9696835 ], [ 85.9932974, 51.9696504 ], [ 85.9933779, 51.9695992 ], [ 85.9934127, 51.9695628 ], [ 85.9934476, 51.9695348 ], [ 85.9934905, 51.9695116 ], [ 85.9935603, 51.9694687 ], [ 85.9935898, 51.9694406 ], [ 85.99363, 51.9693943 ], [ 85.9936219, 51.9693596 ], [ 85.993579, 51.9693365 ], [ 85.9935093, 51.9693117 ], [ 85.9934878, 51.9692538 ], [ 85.9935039, 51.9692191 ], [ 85.9935147, 51.9691861 ], [ 85.9935442, 51.9691547 ], [ 85.9936032, 51.9691332 ], [ 85.9936649, 51.9691349 ], [ 85.9937292, 51.9691448 ], [ 85.9938419, 51.9691811 ], [ 85.9939063, 51.9691778 ], [ 85.9939653, 51.9691745 ], [ 85.9940162, 51.9691795 ], [ 85.9940726, 51.969201 ], [ 85.9941128, 51.9692307 ], [ 85.9941396, 51.9692869 ], [ 85.9941477, 51.9693216 ], [ 85.9941718, 51.9693546 ], [ 85.9941825, 51.9693959 ], [ 85.9941745, 51.9694373 ], [ 85.9941262, 51.9695199 ], [ 85.9941208, 51.9695529 ], [ 85.994145, 51.9696438 ], [ 85.994145, 51.9696835 ], [ 85.9941208, 51.9697347 ], [ 85.9940511, 51.9698305 ], [ 85.9940216, 51.9698586 ], [ 85.9939653, 51.9698652 ], [ 85.9939063, 51.969857 ], [ 85.9938204, 51.9698289 ], [ 85.9937561, 51.9697711 ], [ 85.9937051, 51.9697529 ], [ 85.9935388, 51.9698058 ] ] ] ] } },
{ "type": "Feature", "properties": { "fid": 118, "natural": "wood", "Растительность": null, "Area": 0.075144753926340485, "Sum": 3980.1286288703418 }, "geometry": { "type": "MultiPolygon", "coordinates": [ [ [ [ 86.0610527, 51.944482530409473 ], [ 86.0610527, 51.9444699 ], [ 86.0610849, 51.9444352 ], [ 86.0612002, 51.9443889 ], [ 86.0613075, 51.9443327 ], [ 86.0613316, 51.9442897 ], [ 86.0613021, 51.9442533 ], [ 86.0612512, 51.9442417 ], [ 86.0611922, 51.9442483 ], [ 86.0611466, 51.9442731 ], [ 86.0610929, 51.9442748 ], [ 86.0609829, 51.9442996 ], [ 86.0609052, 51.9443476 ], [ 86.060873, 51.9443773 ], [ 86.060822, 51.9443938 ], [ 86.0607067, 51.9443955 ], [ 86.0606262, 51.9444302 ], [ 86.0606396, 51.9444947 ], [ 86.06073358323782, 51.944542014426887 ], [ 86.0610527, 51.944482530409473 ] ] ] ] } },
{ "type": "Feature", "properties": { "fid": 119, "natural": "wood", "Растительность": null, "Area": 0.2599246532671452, "Sum": 3980.1286288703418 }, "geometry": { "type": "MultiPolygon", "coordinates": [ [ [ [ 86.055775936707093, 51.945466129884061 ], [ 86.0557553, 51.9454619 ], [ 86.0557017, 51.9453925 ], [ 86.0556614, 51.945366 ], [ 86.0556105, 51.9453478 ], [ 86.0555541, 51.9453429 ], [ 86.0555032, 51.9453478 ], [ 86.0554147, 51.9453842 ], [ 86.0552993, 51.9454041 ], [ 86.0552511, 51.9454239 ], [ 86.0552081, 51.9454503 ], [ 86.055176, 51.9454801 ], [ 86.0551733, 51.9455165 ], [ 86.0551813, 51.9455512 ], [ 86.055133, 51.9455859 ], [ 86.055132911401117, 51.945585991116786 ], [ 86.055775936707093, 51.945466129884061 ] ] ], [ [ [ 86.057414646681977, 51.945160670991775 ], [ 86.0574022, 51.9451395 ], [ 86.0573861, 51.9450684 ], [ 86.05737, 51.9450304 ], [ 86.0573351, 51.9450006 ], [ 86.0572842, 51.9449907 ], [ 86.0572278, 51.944999 ], [ 86.057142, 51.9450403 ], [ 86.0570803, 51.9450552 ], [ 86.0570267, 51.945042 ], [ 86.056973, 51.945037 ], [ 86.0569194, 51.9450403 ], [ 86.0568684, 51.9450519 ], [ 86.0568094, 51.9450552 ], [ 86.0567665, 51.9450337 ], [ 86.0567343, 51.9450056 ], [ 86.056686, 51.9449808 ], [ 86.0566244, 51.9449775 ], [ 86.056568, 51.9449709 ], [ 86.056501, 51.9449576 ], [ 86.0564446, 51.9449494 ], [ 86.056391, 51.944951 ], [ 86.0563588, 51.9449775 ], [ 86.0563454, 51.9450106 ], [ 86.0563186, 51.9450387 ], [ 86.0562971, 51.9451031 ], [ 86.0563132, 51.9451428 ], [ 86.0563615, 51.9452023 ], [ 86.0563937, 51.9452354 ], [ 86.0564259, 51.94529 ], [ 86.056468303691105, 51.945337071261591 ], [ 86.057414646681977, 51.945160670991775 ] ] ] ] } },
{ "type": "Feature", "properties": { "fid": 120, "natural": "wood", "Растительность": null, "Area": 1.1567056505009532e-05, "Sum": 3980.1286288703418 }, "geometry": { "type": "MultiPolygon", "coordinates": [ [ [ [ 86.054671796634622, 51.945671943852751 ], [ 86.0546556, 51.9456735 ], [ 86.054651126941039, 51.945675796725929 ], [ 86.054671796634622, 51.945671943852751 ] ] ] ] } },
{ "type": "Feature", "properties": { "fid": 121, "natural": "wood", "Растительность": null, "Area": 0.035289582105795851, "Sum": 3980.1286288703418 }, "geometry": { "type": "MultiPolygon", "coordinates": [ [ [ [ 86.048430560908443, 51.946835322962308 ], [ 86.0483819, 51.9468143 ], [ 86.0483283, 51.9468011 ], [ 86.04828, 51.9467796 ], [ 86.048221, 51.9467713 ], [ 86.0481593, 51.946778 ], [ 86.0480681, 51.9468292 ], [ 86.0480064, 51.9468325 ], [ 86.0479394, 51.9468424 ], [ 86.0478777, 51.9468573 ], [ 86.0478321, 51.9468788 ], [ 86.0478133, 51.9469119 ], [ 86.0478294, 51.9469449 ], [ 86.047832796844844, 51.946946747406848 ], [ 86.048430560908443, 51.946835322962308 ] ] ] ] } },
{ "type": "Feature", "properties": { "fid": 122, "natural": "wood", "Растительность": null, "Area": 0.48340898801181464, "Sum": 3980.1286288703418 }, "geometry": { "type": "MultiPolygon", "coordinates": [ [ [ [ 86.0418963, 51.9473764 ], [ 86.0417515, 51.9473764 ], [ 86.0415718, 51.9473467 ], [ 86.0415181, 51.9473417 ], [ 86.0413894, 51.9473434 ], [ 86.0413304, 51.9473318 ], [ 86.0412768, 51.947312 ], [ 86.0412499, 51.9472822 ], [ 86.041258, 51.9472475 ], [ 86.0413089, 51.9472161 ], [ 86.0413679, 51.9471962 ], [ 86.0414886, 51.9471747 ], [ 86.0415369, 51.9471582 ], [ 86.0416335, 51.9471185 ], [ 86.0416818, 51.947102 ], [ 86.0417327, 51.9470954 ], [ 86.0417917, 51.9470987 ], [ 86.0419017, 51.9471119 ], [ 86.0419956, 51.9471252 ], [ 86.0420546, 51.9471268 ], [ 86.0421056, 51.9471169 ], [ 86.0421538, 51.9471004 ], [ 86.0422075, 51.9471004 ], [ 86.0422718, 51.9471119 ], [ 86.0424462, 51.9471119 ], [ 86.0424972, 51.9471268 ], [ 86.0429102, 51.9471731 ], [ 86.0429665, 51.9471599 ], [ 86.0430685, 51.9471185 ], [ 86.0431275, 51.9471169 ], [ 86.0431677, 51.9471417 ], [ 86.0431972, 51.9471714 ], [ 86.0432374, 51.9472376 ], [ 86.0432616, 51.9472673 ], [ 86.0433045, 51.9472987 ], [ 86.0433742, 51.9473616 ], [ 86.0433903, 51.9473979 ], [ 86.0432669, 51.9474575 ], [ 86.0432106, 51.947469 ], [ 86.0430738, 51.9475567 ], [ 86.0430121, 51.9476162 ], [ 86.0429692, 51.9476393 ], [ 86.0429075, 51.9476492 ], [ 86.0428458, 51.9476492 ], [ 86.0427868, 51.9476344 ], [ 86.0427359, 51.9476145 ], [ 86.0426956, 51.9475897 ], [ 86.0426393, 51.9475219 ], [ 86.0425937, 51.9474955 ], [ 86.0425428, 51.9474773 ], [ 86.0424355, 51.9474459 ], [ 86.0423309, 51.9474012 ], [ 86.0418963, 51.9473764 ] ] ] ] } },
{ "type": "Feature", "properties": { "fid": 123, "natural": "wood", "Растительность": null, "Area": 0.18413108308748341, "Sum": 3980.1286288703418 }, "geometry": { "type": "MultiPolygon", "coordinates": [ [ [ [ 86.042335954723441, 51.947763736359448 ], [ 86.0423496, 51.9477336 ], [ 86.0423416, 51.9476972 ], [ 86.0423067, 51.9476691 ], [ 86.0423014, 51.9476344 ], [ 86.0423121, 51.9475996 ], [ 86.0422933, 51.9475616 ], [ 86.042245, 51.9475368 ], [ 86.0421914, 51.9475236 ], [ 86.0420814, 51.9475071 ], [ 86.0420358, 51.9474839 ], [ 86.0419688, 51.9474657 ], [ 86.0419098, 51.9474624 ], [ 86.0418427, 51.947469 ], [ 86.0417891, 51.9474922 ], [ 86.0416737, 51.9475153 ], [ 86.0416067, 51.9475186 ], [ 86.0415557, 51.947512 ], [ 86.0414699, 51.9474905 ], [ 86.0414162, 51.9474823 ], [ 86.0413438, 51.9474856 ], [ 86.0413036, 51.947512 ], [ 86.0412741, 51.9475401 ], [ 86.0412312, 51.9475699 ], [ 86.0411856, 51.9475947 ], [ 86.0411534, 51.9476211 ], [ 86.0411265, 51.9476559 ], [ 86.041122114186365, 51.94766481234857 ], [ 86.042335954723441, 51.947763736359448 ] ] ] ] } },
{ "type": "Feature", "properties": { "fid": 124, "natural": "wood", "Растительность": null, "Area": 0.055294985815067775, "Sum": 3980.1286288703418 }, "geometry": { "type": "MultiPolygon", "coordinates": [ [ [ [ 86.038608733012339, 51.94853347704786 ], [ 86.0386053, 51.9485321 ], [ 86.0385463, 51.9485337 ], [ 86.038498, 51.9485569 ], [ 86.0384524, 51.9485817 ], [ 86.0383987, 51.9486065 ], [ 86.0382888, 51.9486213 ], [ 86.0382351, 51.9486346 ], [ 86.0381842, 51.9486544 ], [ 86.0380903, 51.9486974 ], [ 86.0379803, 51.9486891 ], [ 86.0379025, 51.9486891 ], [ 86.0378489, 51.9486924 ], [ 86.0377899, 51.9487057 ], [ 86.0377496, 51.9487305 ], [ 86.0377443, 51.9487652 ], [ 86.0377523, 51.9487999 ], [ 86.0377336, 51.948833 ], [ 86.037704, 51.9488644 ], [ 86.0376853, 51.9488991 ], [ 86.037690494918536, 51.94893477830837 ], [ 86.038608733012339, 51.94853347704786 ] ] ] ] } },
{ "type": "Feature", "properties": { "fid": 125, "natural": "wood", "Растительность": null, "Area": 1.5640336818998213, "Sum": 3980.1286288703418 }, "geometry": { "type": "MultiPolygon", "coordinates": [ [ [ [ 86.0287213, 51.9506432 ], [ 86.0286194, 51.9506002 ], [ 86.0285228, 51.9505473 ], [ 86.0284907, 51.9504746 ], [ 86.028555, 51.9504151 ], [ 86.0286409, 51.9503655 ], [ 86.0286999, 51.9503093 ], [ 86.0286999, 51.9502332 ], [ 86.0287106, 51.9501671 ], [ 86.0287428, 51.9500977 ], [ 86.0287696, 51.9500216 ], [ 86.0287642, 51.9499522 ], [ 86.0286516, 51.9498331 ], [ 86.028657, 51.9497571 ], [ 86.0286999, 51.9496976 ], [ 86.0287106, 51.9496315 ], [ 86.0286945, 51.9495587 ], [ 86.0287267, 51.9494893 ], [ 86.0288018, 51.9494397 ], [ 86.0289091, 51.949443 ], [ 86.0289949, 51.949486 ], [ 86.0290754, 51.9495323 ], [ 86.0291237, 51.9495918 ], [ 86.0291398, 51.9496579 ], [ 86.0291451, 51.949886 ], [ 86.0293007, 51.9499952 ], [ 86.0293543, 51.950134 ], [ 86.0295367, 51.9503192 ], [ 86.029585, 51.950382 ], [ 86.0296601, 51.9504481 ], [ 86.0297459, 51.9505076 ], [ 86.0298532, 51.9505176 ], [ 86.0299015, 51.9504514 ], [ 86.0299069, 51.950382 ], [ 86.0298747, 51.9503159 ], [ 86.0299069, 51.9502531 ], [ 86.0300302, 51.9502663 ], [ 86.0301268, 51.9503093 ], [ 86.0301912, 51.9503688 ], [ 86.0302502, 51.9505076 ], [ 86.0302502, 51.9505804 ], [ 86.0301107, 51.9506862 ], [ 86.0300678, 51.9507556 ], [ 86.0300839, 51.9508284 ], [ 86.0301965, 51.9510069 ], [ 86.030513, 51.9511623 ], [ 86.0307276, 51.9512251 ], [ 86.0311621, 51.9514698 ], [ 86.0312319, 51.951526 ], [ 86.0311675, 51.9515822 ], [ 86.0310548, 51.9515623 ], [ 86.0309637, 51.9515227 ], [ 86.0308832, 51.9514698 ], [ 86.0307705, 51.9515028 ], [ 86.0307008, 51.9515623 ], [ 86.0307062, 51.9516285 ], [ 86.0306472, 51.9516946 ], [ 86.0305399, 51.9517144 ], [ 86.0304218, 51.9517277 ], [ 86.0303146, 51.9517177 ], [ 86.0302395, 51.9517739 ], [ 86.0301804, 51.9518368 ], [ 86.0301, 51.951883 ], [ 86.0299766, 51.9518566 ], [ 86.0298693, 51.9518202 ], [ 86.029821, 51.9517607 ], [ 86.0298639, 51.9516913 ], [ 86.029923, 51.9516318 ], [ 86.0299391, 51.951559 ], [ 86.029923, 51.9514896 ], [ 86.0299391, 51.9514268 ], [ 86.0299766, 51.951364 ], [ 86.0299712, 51.9512978 ], [ 86.0299391, 51.9512317 ], [ 86.0298693, 51.9511623 ], [ 86.0297513, 51.951159 ], [ 86.0297567, 51.9512383 ], [ 86.0297459, 51.9513045 ], [ 86.0296547, 51.9513474 ], [ 86.0295367, 51.9513607 ], [ 86.0294294, 51.951321 ], [ 86.0293382, 51.9512747 ], [ 86.0292363, 51.9512482 ], [ 86.0291558, 51.9511987 ], [ 86.0291612, 51.9511226 ], [ 86.0292578, 51.9510697 ], [ 86.029349, 51.9510366 ], [ 86.0294402, 51.9509871 ], [ 86.0295045, 51.9509342 ], [ 86.0295206, 51.9508614 ], [ 86.0294777, 51.9507986 ], [ 86.0293919, 51.950749 ], [ 86.0292739, 51.9507292 ], [ 86.0291612, 51.9507358 ], [ 86.0287213, 51.9506432 ] ] ] ] } },
{ "type": "Feature", "properties": { "fid": 126, "natural": "wood", "Растительность": null, "Area": 1.9943216515402309, "Sum": 3980.1286288703418 }, "geometry": { "type": "MultiPolygon", "coordinates": [ [ [ [ 86.0294509, 51.9492479 ], [ 86.0293865, 51.9491884 ], [ 86.0293704, 51.9491124 ], [ 86.0294563, 51.9490661 ], [ 86.0296494, 51.9489966 ], [ 86.0296923, 51.9489371 ], [ 86.0297888, 51.948904 ], [ 86.02988, 51.948871 ], [ 86.0299391, 51.9488148 ], [ 86.0300463, 51.9488049 ], [ 86.0301804, 51.948957 ], [ 86.0302609, 51.9490099 ], [ 86.0302877, 51.949162 ], [ 86.0303682, 51.9492843 ], [ 86.0304379, 51.9494298 ], [ 86.030556, 51.9495852 ], [ 86.0305828, 51.9496546 ], [ 86.0306847, 51.9497769 ], [ 86.0307598, 51.9497273 ], [ 86.0307276, 51.9495025 ], [ 86.0307866, 51.949357 ], [ 86.0307652, 51.949281 ], [ 86.0306847, 51.9491553 ], [ 86.0306418, 51.9490859 ], [ 86.0304809, 51.9489801 ], [ 86.0304326, 51.9489173 ], [ 86.0303736, 51.9488545 ], [ 86.0302985, 51.9488015 ], [ 86.0302502, 51.948742 ], [ 86.0302609, 51.9486726 ], [ 86.0303307, 51.9486164 ], [ 86.0304218, 51.9485767 ], [ 86.0305345, 51.9485866 ], [ 86.0306311, 51.9486164 ], [ 86.0307169, 51.9486891 ], [ 86.0307974, 51.9487453 ], [ 86.0308939, 51.9487949 ], [ 86.0309476, 51.9488578 ], [ 86.030969, 51.9490859 ], [ 86.0310012, 51.949162 ], [ 86.0311139, 51.9492909 ], [ 86.0311836, 51.9493537 ], [ 86.0312587, 51.9494232 ], [ 86.0313123, 51.9494926 ], [ 86.0313982, 51.9496282 ], [ 86.0315698, 51.9498232 ], [ 86.0315913, 51.949896 ], [ 86.0315752, 51.9499687 ], [ 86.0315859, 51.9500381 ], [ 86.031779, 51.95022 ], [ 86.0318595, 51.9502729 ], [ 86.0318863, 51.950339 ], [ 86.0318381, 51.9504018 ], [ 86.0317522, 51.9503522 ], [ 86.0316771, 51.950296 ], [ 86.0316181, 51.9502365 ], [ 86.0314894, 51.9501109 ], [ 86.0313982, 51.9500679 ], [ 86.0313016, 51.9500315 ], [ 86.0312265, 51.949972 ], [ 86.0311836, 51.9499059 ], [ 86.0310656, 51.9499026 ], [ 86.0309637, 51.9499356 ], [ 86.0309476, 51.9500018 ], [ 86.0310227, 51.9500613 ], [ 86.0311085, 51.9500977 ], [ 86.0312104, 51.9501572 ], [ 86.0312694, 51.9502266 ], [ 86.0313016, 51.950296 ], [ 86.0313874, 51.9503522 ], [ 86.0314357, 51.950425 ], [ 86.0314304, 51.9504944 ], [ 86.0314143, 51.9505605 ], [ 86.031425, 51.9506928 ], [ 86.0312962, 51.9506862 ], [ 86.0311943, 51.9506597 ], [ 86.031087, 51.9506663 ], [ 86.0310119, 51.9507226 ], [ 86.0310548, 51.9507821 ], [ 86.0311407, 51.9508317 ], [ 86.0311997, 51.9508879 ], [ 86.0311782, 51.9509606 ], [ 86.0310817, 51.9509904 ], [ 86.030969, 51.9509705 ], [ 86.0308725, 51.9509242 ], [ 86.0307974, 51.9508614 ], [ 86.0305721, 51.9507027 ], [ 86.0304862, 51.9505638 ], [ 86.0303467, 51.9504481 ], [ 86.0302287, 51.9503324 ], [ 86.0301161, 51.9501902 ], [ 86.0299766, 51.9500712 ], [ 86.0298908, 51.949939 ], [ 86.0298318, 51.9498695 ], [ 86.0297459, 51.9498166 ], [ 86.0294509, 51.9492479 ] ] ] ] } },
{ "type": "Feature", "properties": { "fid": 127, "natural": "wood", "Растительность": null, "Area": 0.89368286037826916, "Sum": 3980.1286288703418 }, "geometry": { "type": "MultiPolygon", "coordinates": [ [ [ [ 85.9963739, 51.9220478 ], [ 85.9962773, 51.9219816 ], [ 85.9961593, 51.9219816 ], [ 85.996052, 51.9219617 ], [ 85.995934, 51.9219055 ], [ 85.9959072, 51.9218327 ], [ 85.9959823, 51.9217732 ], [ 85.9962076, 51.9217401 ], [ 85.9963095, 51.9217004 ], [ 85.9964168, 51.9217004 ], [ 85.996508, 51.9217302 ], [ 85.9967065, 51.9216574 ], [ 85.9968138, 51.9216011 ], [ 85.9968674, 51.9215416 ], [ 85.9969103, 51.9214655 ], [ 85.9969372, 51.9213993 ], [ 85.9970123, 51.9212703 ], [ 85.9970176, 51.9212041 ], [ 85.9968352, 51.9211082 ], [ 85.9967601, 51.9210519 ], [ 85.9967548, 51.9209791 ], [ 85.9968191, 51.9209163 ], [ 85.9968138, 51.9208435 ], [ 85.9968781, 51.9207806 ], [ 85.9969801, 51.9207475 ], [ 85.9971034, 51.9207475 ], [ 85.9972, 51.9207773 ], [ 85.9972805, 51.9208303 ], [ 85.997377, 51.92086 ], [ 85.997495, 51.9208733 ], [ 85.9976077, 51.9208402 ], [ 85.9976935, 51.9207972 ], [ 85.9978008, 51.9207773 ], [ 85.9979081, 51.9208104 ], [ 85.9979993, 51.9208501 ], [ 85.9980637, 51.9209064 ], [ 85.9980851, 51.9209791 ], [ 85.9980905, 51.9210486 ], [ 85.9980369, 51.9211181 ], [ 85.9979564, 51.9211743 ], [ 85.9979081, 51.9212405 ], [ 85.9978974, 51.92131 ], [ 85.9978276, 51.9213728 ], [ 85.997597, 51.9213927 ], [ 85.9975272, 51.9214456 ], [ 85.9975702, 51.9215118 ], [ 85.9976292, 51.9215714 ], [ 85.9975809, 51.9216375 ], [ 85.997479, 51.9216673 ], [ 85.9973663, 51.9216541 ], [ 85.997259, 51.9216805 ], [ 85.9971034, 51.9217963 ], [ 85.9970605, 51.9218592 ], [ 85.9970015, 51.9219187 ], [ 85.996905, 51.9219485 ], [ 85.9967762, 51.9219651 ], [ 85.9963739, 51.9220478 ] ] ] ] } },
{ "type": "Feature", "properties": { "fid": 128, "natural": "wood", "Растительность": null, "Area": 0.1416723328070715, "Sum": 3980.1286288703418 }, "geometry": { "type": "MultiPolygon", "coordinates": [ [ [ [ 85.9914762, 51.9178095 ], [ 85.9913582, 51.9177466 ], [ 85.9911704, 51.9176738 ], [ 85.9911436, 51.917611 ], [ 85.9912187, 51.9175547 ], [ 85.9913367, 51.9175481 ], [ 85.991444, 51.9175547 ], [ 85.9916371, 51.9174819 ], [ 85.9917498, 51.9174753 ], [ 85.9918463, 51.9175249 ], [ 85.9919429, 51.9176507 ], [ 85.9919161, 51.9177168 ], [ 85.9917551, 51.9178161 ], [ 85.9916371, 51.9178227 ], [ 85.9914762, 51.9178095 ] ] ] ] } },
{ "type": "Feature", "properties": { "fid": 129, "natural": "wood", "Растительность": null, "Area": 0.16411704302094876, "Sum": 3980.1286288703418 }, "geometry": { "type": "MultiPolygon", "coordinates": [ [ [ [ 85.9903121, 51.9180212 ], [ 85.9901887, 51.9180378 ], [ 85.9900868, 51.9180014 ], [ 85.9900385, 51.9179418 ], [ 85.989958, 51.9178757 ], [ 85.9899849, 51.9178029 ], [ 85.9902048, 51.9178161 ], [ 85.9903014, 51.9178459 ], [ 85.9904087, 51.917826 ], [ 85.990693, 51.9177367 ], [ 85.9907842, 51.9176937 ], [ 85.9908968, 51.9176904 ], [ 85.990988, 51.9177301 ], [ 85.9909666, 51.9177996 ], [ 85.9909987, 51.917869 ], [ 85.9909183, 51.9179352 ], [ 85.9908217, 51.9179782 ], [ 85.9903121, 51.9180212 ] ] ] ] } },
{ "type": "Feature", "properties": { "fid": 130, "natural": "wood", "Растительность": null, "Area": 4.0988108618111818, "Sum": 3980.1286288703418 }, "geometry": { "type": "MultiPolygon", "coordinates": [ [ [ [ 85.9904301, 51.9192686 ], [ 85.9902585, 51.9192603 ], [ 85.9902048, 51.9192421 ], [ 85.9901619, 51.9192157 ], [ 85.9901485, 51.9191793 ], [ 85.9901753, 51.9191478 ], [ 85.9902209, 51.919133 ], [ 85.9910658, 51.9190883 ], [ 85.9916639, 51.9189841 ], [ 85.9916988, 51.9189609 ], [ 85.9917551, 51.9189411 ], [ 85.9919804, 51.9189096 ], [ 85.9921789, 51.9188699 ], [ 85.9923935, 51.9187889 ], [ 85.9924418, 51.9187773 ], [ 85.9927234, 51.9187425 ], [ 85.9927878, 51.9187392 ], [ 85.9928414, 51.9187458 ], [ 85.9929031, 51.9187624 ], [ 85.9930775, 51.9187657 ], [ 85.9932518, 51.9187872 ], [ 85.9933698, 51.9187922 ], [ 85.9934369, 51.9188021 ], [ 85.9934932, 51.9188236 ], [ 85.9936354, 51.9189014 ], [ 85.9936756, 51.9189295 ], [ 85.9937319, 51.919032 ], [ 85.9937265, 51.9190651 ], [ 85.9936917, 51.9190916 ], [ 85.9936434, 51.9191115 ], [ 85.9935898, 51.9191247 ], [ 85.9935307, 51.9191313 ], [ 85.993461, 51.9191247 ], [ 85.9933323, 51.9190999 ], [ 85.9932652, 51.9190982 ], [ 85.9930694, 51.9191214 ], [ 85.9928361, 51.9191396 ], [ 85.9924471, 51.9191528 ], [ 85.9923935, 51.9191578 ], [ 85.9921467, 51.9192173 ], [ 85.9917927, 51.9192769 ], [ 85.99168, 51.9192603 ], [ 85.9914815, 51.9192703 ], [ 85.9913743, 51.919257 ], [ 85.9912696, 51.9192537 ], [ 85.991098, 51.9192719 ], [ 85.9910363, 51.9192802 ], [ 85.9909907, 51.9193034 ], [ 85.9910014, 51.9193397 ], [ 85.9911007, 51.9193927 ], [ 85.9911543, 51.9194059 ], [ 85.991326, 51.9194158 ], [ 85.9915003, 51.9194506 ], [ 85.9915593, 51.9194555 ], [ 85.9916693, 51.9194605 ], [ 85.9917846, 51.9194771 ], [ 85.9918597, 51.9194787 ], [ 85.9921119, 51.9194655 ], [ 85.992372, 51.9194324 ], [ 85.9925839, 51.9194258 ], [ 85.9927046, 51.9194158 ], [ 85.9928173, 51.9193894 ], [ 85.9931847, 51.9193348 ], [ 85.9933215, 51.9193232 ], [ 85.9934342, 51.9193232 ], [ 85.9935388, 51.9193315 ], [ 85.9938097, 51.9193613 ], [ 85.9939277, 51.9193679 ], [ 85.9940404, 51.9193977 ], [ 85.9940618, 51.9194671 ], [ 85.993976, 51.9195168 ], [ 85.9937507, 51.9195697 ], [ 85.9932142, 51.9195565 ], [ 85.9929889, 51.9195995 ], [ 85.9929085, 51.919659 ], [ 85.9928924, 51.9197252 ], [ 85.9929514, 51.9197848 ], [ 85.9930479, 51.9198245 ], [ 85.9931284, 51.9198741 ], [ 85.9932411, 51.9198609 ], [ 85.9933698, 51.9198642 ], [ 85.9934932, 51.9198774 ], [ 85.9936005, 51.9198675 ], [ 85.9937024, 51.9198443 ], [ 85.993917, 51.9198741 ], [ 85.9941101, 51.9199469 ], [ 85.9941637, 51.9200031 ], [ 85.9941155, 51.920066 ], [ 85.994035, 51.9201156 ], [ 85.9939438, 51.920152 ], [ 85.9939492, 51.9202182 ], [ 85.9940511, 51.920248 ], [ 85.9942657, 51.9202182 ], [ 85.9943676, 51.9202149 ], [ 85.9944642, 51.9201752 ], [ 85.9945339, 51.9201255 ], [ 85.9946519, 51.9200891 ], [ 85.9948826, 51.9200891 ], [ 85.9949845, 51.9200825 ], [ 85.9950703, 51.9200395 ], [ 85.9951884, 51.920013 ], [ 85.9952635, 51.9199667 ], [ 85.9952688, 51.9199039 ], [ 85.9952366, 51.9197715 ], [ 85.9952849, 51.919702 ], [ 85.9954083, 51.9195763 ], [ 85.9954566, 51.9195068 ], [ 85.9954566, 51.919444 ], [ 85.9953761, 51.9193877 ], [ 85.9952688, 51.9193778 ], [ 85.9950435, 51.9193745 ], [ 85.9948236, 51.9193414 ], [ 85.9945929, 51.9193712 ], [ 85.9944856, 51.9193414 ], [ 85.9943891, 51.919305 ], [ 85.9943408, 51.9192455 ], [ 85.9942764, 51.9191859 ], [ 85.9941637, 51.9191727 ], [ 85.9940565, 51.9191495 ], [ 85.9939814, 51.9190999 ], [ 85.9940189, 51.919037 ], [ 85.9941101, 51.9189973 ], [ 85.9942281, 51.918994 ], [ 85.9945553, 51.9190337 ], [ 85.994786, 51.9190337 ], [ 85.9948933, 51.9190205 ], [ 85.9949899, 51.9189874 ], [ 85.9950757, 51.9189411 ], [ 85.9951991, 51.9189245 ], [ 85.995301, 51.9188881 ], [ 85.9953761, 51.9188418 ], [ 85.9954941, 51.9188451 ], [ 85.9956872, 51.9189047 ], [ 85.9957516, 51.9189609 ], [ 85.995757, 51.9190337 ], [ 85.9957302, 51.9191065 ], [ 85.9956229, 51.9192488 ], [ 85.9956175, 51.9193149 ], [ 85.995698, 51.9193745 ], [ 85.9958214, 51.9193943 ], [ 85.9961861, 51.9193943 ], [ 85.9962988, 51.9194076 ], [ 85.99639, 51.9194407 ], [ 85.9964704, 51.9194903 ], [ 85.9965348, 51.9195598 ], [ 85.9966367, 51.9195664 ], [ 85.9967279, 51.91953 ], [ 85.9967387, 51.9194638 ], [ 85.9969586, 51.9193877 ], [ 85.9971785, 51.919391 ], [ 85.9973019, 51.9194241 ], [ 85.9973717, 51.9194804 ], [ 85.9972751, 51.9195631 ], [ 85.9970981, 51.9196028 ], [ 85.9969693, 51.9196259 ], [ 85.9967387, 51.9196491 ], [ 85.9965134, 51.9196888 ], [ 85.9964329, 51.9197384 ], [ 85.9964114, 51.9198079 ], [ 85.9964544, 51.9198774 ], [ 85.9968084, 51.9199403 ], [ 85.9969157, 51.919937 ], [ 85.9970015, 51.91998 ], [ 85.996964, 51.9200494 ], [ 85.996862, 51.9200858 ], [ 85.9967387, 51.9201255 ], [ 85.9966421, 51.9201719 ], [ 85.9964758, 51.920291 ], [ 85.9963953, 51.9204233 ], [ 85.9963149, 51.9204762 ], [ 85.9962183, 51.9205193 ], [ 85.9961325, 51.9205755 ], [ 85.9960413, 51.9206284 ], [ 85.995875, 51.9207442 ], [ 85.9957784, 51.9207773 ], [ 85.9953278, 51.9207839 ], [ 85.9952205, 51.9207608 ], [ 85.9951508, 51.9207078 ], [ 85.9950918, 51.920645 ], [ 85.9950542, 51.9205788 ], [ 85.9949523, 51.920549 ], [ 85.9948504, 51.920592 ], [ 85.9947699, 51.9206483 ], [ 85.9946626, 51.9206814 ], [ 85.9945446, 51.9206615 ], [ 85.9944481, 51.9206251 ], [ 85.9942388, 51.9205259 ], [ 85.9941101, 51.9204994 ], [ 85.9938741, 51.9204994 ], [ 85.9937614, 51.9204829 ], [ 85.9934235, 51.9204101 ], [ 85.9934664, 51.9203439 ], [ 85.9936327, 51.9202612 ], [ 85.9936327, 51.920195 ], [ 85.9935093, 51.9201884 ], [ 85.9933966, 51.9202049 ], [ 85.993225, 51.920248 ], [ 85.993107, 51.9202711 ], [ 85.9929889, 51.9202711 ], [ 85.9928924, 51.9202413 ], [ 85.9928012, 51.9202016 ], [ 85.9928119, 51.9201322 ], [ 85.9928065, 51.9200594 ], [ 85.9927529, 51.9199998 ], [ 85.9926832, 51.9199436 ], [ 85.9926563, 51.9198708 ], [ 85.9926456, 51.919798 ], [ 85.9926081, 51.9197318 ], [ 85.9925276, 51.9196888 ], [ 85.9923989, 51.9196954 ], [ 85.9922862, 51.9197153 ], [ 85.9921789, 51.9197417 ], [ 85.992077, 51.9197781 ], [ 85.9919536, 51.9197781 ], [ 85.991739, 51.9197252 ], [ 85.9915459, 51.9196458 ], [ 85.9914494, 51.9196094 ], [ 85.991047, 51.9195068 ], [ 85.9908271, 51.9194638 ], [ 85.9904301, 51.9192686 ] ] ] ] } },
{ "type": "Feature", "properties": { "fid": 131, "natural": "wood", "Растительность": null, "Area": 0.17410448153549804, "Sum": 3980.1286288703418 }, "geometry": { "type": "MultiPolygon", "coordinates": [ [ [ [ 85.9892955, 51.9191048 ], [ 85.9892392, 51.9190866 ], [ 85.989207, 51.9190585 ], [ 85.9891802, 51.9190287 ], [ 85.9892097, 51.918999 ], [ 85.989309, 51.9189725 ], [ 85.9893626, 51.9189725 ], [ 85.9894618, 51.9189973 ], [ 85.9895155, 51.9190039 ], [ 85.9895664, 51.918994 ], [ 85.9896764, 51.9189857 ], [ 85.9897166, 51.9189659 ], [ 85.9898293, 51.9189874 ], [ 85.9898749, 51.9189659 ], [ 85.9899285, 51.9189593 ], [ 85.989958, 51.9189278 ], [ 85.9899849, 51.9188583 ], [ 85.9899902, 51.9188236 ], [ 85.9900063, 51.9187905 ], [ 85.9900063, 51.9185473 ], [ 85.99006, 51.9185589 ], [ 85.9900787, 51.9185903 ], [ 85.9901029, 51.9186631 ], [ 85.9900948, 51.9187856 ], [ 85.9900948, 51.9188666 ], [ 85.9901029, 51.9189394 ], [ 85.9900975, 51.9189758 ], [ 85.9900734, 51.9190453 ], [ 85.9900573, 51.9191462 ], [ 85.9900385, 51.9191826 ], [ 85.9899607, 51.9192455 ], [ 85.9899124, 51.9192653 ], [ 85.9898508, 51.9192703 ], [ 85.9897944, 51.9192653 ], [ 85.9897327, 51.9192537 ], [ 85.9896818, 51.9192322 ], [ 85.9892955, 51.9191048 ] ] ] ] } },
{ "type": "Feature", "properties": { "fid": 132, "natural": "wood", "Растительность": null, "Area": 0.5782682949581649, "Sum": 3980.1286288703418 }, "geometry": { "type": "MultiPolygon", "coordinates": [ [ [ [ 85.9894645, 51.922463 ], [ 85.9894055, 51.9225159 ], [ 85.9893492, 51.922549 ], [ 85.9892982, 51.9225672 ], [ 85.9892392, 51.9225589 ], [ 85.9891909, 51.922544 ], [ 85.9891373, 51.9225093 ], [ 85.9890676, 51.9224729 ], [ 85.9890059, 51.9224696 ], [ 85.9889361, 51.9224828 ], [ 85.9888476, 51.9224762 ], [ 85.9887993, 51.9224597 ], [ 85.9886625, 51.9223786 ], [ 85.988566, 51.9223455 ], [ 85.9885097, 51.9223174 ], [ 85.988507, 51.9222744 ], [ 85.9886089, 51.9222744 ], [ 85.9889173, 51.9223075 ], [ 85.9890246, 51.9223224 ], [ 85.9890783, 51.9223108 ], [ 85.9891775, 51.9222959 ], [ 85.9893438, 51.9223042 ], [ 85.9894806, 51.9223141 ], [ 85.9895477, 51.9223157 ], [ 85.989671, 51.9223075 ], [ 85.9897247, 51.9222992 ], [ 85.989781, 51.9222942 ], [ 85.9898481, 51.9222959 ], [ 85.9899661, 51.9223058 ], [ 85.9900358, 51.9223058 ], [ 85.9900948, 51.9223009 ], [ 85.9901485, 51.9222942 ], [ 85.9902102, 51.9222843 ], [ 85.9902611, 51.9222777 ], [ 85.9903148, 51.9222694 ], [ 85.9903604, 51.9222545 ], [ 85.9904006, 51.922233 ], [ 85.9904516, 51.9221735 ], [ 85.990473, 51.9221371 ], [ 85.9905052, 51.922109 ], [ 85.9906179, 51.922152 ], [ 85.9906903, 51.9222132 ], [ 85.9907278, 51.9222363 ], [ 85.9908405, 51.922329 ], [ 85.9908888, 51.9223588 ], [ 85.9910095, 51.9223885 ], [ 85.9911194, 51.9224034 ], [ 85.9912187, 51.9224167 ], [ 85.9913099, 51.9224332 ], [ 85.9914038, 51.9224597 ], [ 85.9915245, 51.9224779 ], [ 85.99168, 51.9224977 ], [ 85.9918222, 51.9225407 ], [ 85.9918651, 51.9225738 ], [ 85.9918919, 51.9226069 ], [ 85.9918275, 51.92264 ], [ 85.9917256, 51.9226532 ], [ 85.9916344, 51.9226582 ], [ 85.9915459, 51.9226731 ], [ 85.9914467, 51.9227194 ], [ 85.9913823, 51.9227309 ], [ 85.991267, 51.9227309 ], [ 85.991157, 51.9227177 ], [ 85.991098, 51.9227028 ], [ 85.9910443, 51.922683 ], [ 85.9909987, 51.9226532 ], [ 85.9908915, 51.9225589 ], [ 85.9908378, 51.9225324 ], [ 85.9907815, 51.9225225 ], [ 85.9906554, 51.9225176 ], [ 85.9905937, 51.9225358 ], [ 85.9905025, 51.9225854 ], [ 85.9904543, 51.9226052 ], [ 85.9903899, 51.9226036 ], [ 85.9903309, 51.9225937 ], [ 85.9902745, 51.9225854 ], [ 85.9901807, 51.9225457 ], [ 85.9901297, 51.9225176 ], [ 85.9900734, 51.922501 ], [ 85.98995, 51.9224994 ], [ 85.9894645, 51.922463 ] ] ] ] } },
{ "type": "Feature", "properties": { "fid": 133, "natural": "wood", "Растительность": null, "Area": 0.15559498641435057, "Sum": 3980.1286288703418 }, "geometry": { "type": "MultiPolygon", "coordinates": [ [ [ [ 85.9902558, 51.9298004 ], [ 85.9901726, 51.9298004 ], [ 85.9901217, 51.9297838 ], [ 85.99006, 51.9297259 ], [ 85.9900385, 51.9296929 ], [ 85.9900224, 51.9296598 ], [ 85.990068, 51.9295936 ], [ 85.9901324, 51.9295622 ], [ 85.9902289, 51.9295523 ], [ 85.9902826, 51.9295539 ], [ 85.9904489, 51.9295308 ], [ 85.9905669, 51.9294729 ], [ 85.9907681, 51.9294431 ], [ 85.9908164, 51.9294266 ], [ 85.9909451, 51.9293588 ], [ 85.9910014, 51.9293439 ], [ 85.9910256, 51.9293852 ], [ 85.9908432, 51.9295209 ], [ 85.9908217, 51.9295672 ], [ 85.9908378, 51.9296002 ], [ 85.9908244, 51.9296432 ], [ 85.9907868, 51.9296697 ], [ 85.9907144, 51.9297077 ], [ 85.9906393, 51.9297375 ], [ 85.9905267, 51.9297574 ], [ 85.990406, 51.9297574 ], [ 85.9902558, 51.9298004 ] ] ] ] } },
{ "type": "Feature", "properties": { "fid": 134, "natural": "wood", "Растительность": null, "Area": 0.51411122594862246, "Sum": 3980.1286288703418 }, "geometry": { "type": "MultiPolygon", "coordinates": [ [ [ [ 85.988692, 51.9279694 ], [ 85.9885633, 51.9280058 ], [ 85.9884345, 51.9280157 ], [ 85.9883273, 51.9280389 ], [ 85.9882092, 51.9279628 ], [ 85.9881878, 51.9278967 ], [ 85.9882039, 51.9278173 ], [ 85.9882092, 51.9276552 ], [ 85.9883004, 51.9276023 ], [ 85.9884185, 51.927589 ], [ 85.9885311, 51.9276023 ], [ 85.988515, 51.927675 ], [ 85.9885955, 51.9277313 ], [ 85.9887028, 51.9277379 ], [ 85.9888959, 51.9276684 ], [ 85.9891158, 51.9276453 ], [ 85.9892124, 51.9276188 ], [ 85.9893036, 51.9275758 ], [ 85.989663, 51.9275295 ], [ 85.9897757, 51.9274997 ], [ 85.9898615, 51.9274534 ], [ 85.9899527, 51.9274203 ], [ 85.9900653, 51.9274005 ], [ 85.9901726, 51.9273938 ], [ 85.9903604, 51.9274898 ], [ 85.990414, 51.9275559 ], [ 85.9904033, 51.9276287 ], [ 85.9903496, 51.9276883 ], [ 85.9902263, 51.9277015 ], [ 85.9901243, 51.9276585 ], [ 85.9900278, 51.9276287 ], [ 85.9899312, 51.9276783 ], [ 85.9898347, 51.927718 ], [ 85.989781, 51.9277842 ], [ 85.9898239, 51.9278504 ], [ 85.9898347, 51.9279198 ], [ 85.9897864, 51.9279794 ], [ 85.9896898, 51.9280257 ], [ 85.9895825, 51.9280124 ], [ 85.9895182, 51.9279496 ], [ 85.9894699, 51.9278801 ], [ 85.989368, 51.9278504 ], [ 85.9892553, 51.9278504 ], [ 85.989148, 51.9278669 ], [ 85.9890407, 51.9278801 ], [ 85.988692, 51.9279694 ] ] ] ] } },
{ "type": "Feature", "properties": { "fid": 135, "natural": "wood", "Растительность": null, "Area": 1.1375848107874393, "Sum": 3980.1286288703418 }, "geometry": { "type": "MultiPolygon", "coordinates": [ [ [ [ 85.987308, 51.9268513 ], [ 85.987131, 51.9268381 ], [ 85.9870452, 51.9267852 ], [ 85.9869915, 51.9267256 ], [ 85.9870559, 51.9266727 ], [ 85.9871632, 51.9266595 ], [ 85.9872973, 51.9266628 ], [ 85.9874153, 51.9266793 ], [ 85.9875333, 51.9266859 ], [ 85.987646, 51.9266727 ], [ 85.9877425, 51.9266429 ], [ 85.9878981, 51.9265437 ], [ 85.9879893, 51.9265073 ], [ 85.9880912, 51.9264874 ], [ 85.9883058, 51.9265205 ], [ 85.9884131, 51.9265536 ], [ 85.9885204, 51.9265635 ], [ 85.9886384, 51.9265635 ], [ 85.9888691, 51.9265338 ], [ 85.9891212, 51.9265304 ], [ 85.9894323, 51.9264444 ], [ 85.9895396, 51.9264345 ], [ 85.9896576, 51.9264444 ], [ 85.9899205, 51.9264907 ], [ 85.9900331, 51.9264941 ], [ 85.9903657, 51.9264676 ], [ 85.990473, 51.9264511 ], [ 85.9905964, 51.9264444 ], [ 85.9907037, 51.926461 ], [ 85.9909075, 51.9265304 ], [ 85.9909397, 51.9265966 ], [ 85.9908646, 51.9266528 ], [ 85.9907681, 51.9267058 ], [ 85.9905589, 51.9267852 ], [ 85.9904516, 51.9268083 ], [ 85.9902102, 51.9268447 ], [ 85.9900063, 51.9268976 ], [ 85.9899741, 51.9269671 ], [ 85.9900653, 51.9270167 ], [ 85.9900331, 51.9270829 ], [ 85.9899151, 51.9270829 ], [ 85.9898025, 51.9270597 ], [ 85.9896952, 51.9270233 ], [ 85.9896094, 51.9269803 ], [ 85.9895235, 51.9269373 ], [ 85.9894162, 51.9269274 ], [ 85.9890729, 51.9269473 ], [ 85.9887081, 51.9269605 ], [ 85.988456, 51.9269737 ], [ 85.9882039, 51.9269969 ], [ 85.9880912, 51.9270002 ], [ 85.9879678, 51.926987 ], [ 85.987308, 51.9268513 ] ] ] ] } },
{ "type": "Feature", "properties": { "fid": 136, "natural": "wood", "Растительность": null, "Area": 2.4957708453156053, "Sum": 3980.1286288703418 }, "geometry": { "type": "MultiPolygon", "coordinates": [ [ [ [ 85.9887028, 51.9252237 ], [ 85.9884936, 51.92527 ], [ 85.9884238, 51.9253263 ], [ 85.9883541, 51.9253825 ], [ 85.9882468, 51.9254123 ], [ 85.9881288, 51.9254189 ], [ 85.9880108, 51.925409 ], [ 85.9879088, 51.9253792 ], [ 85.9877908, 51.925366 ], [ 85.9876943, 51.9253263 ], [ 85.9876406, 51.9252634 ], [ 85.9877104, 51.9252072 ], [ 85.9878123, 51.9251741 ], [ 85.9879088, 51.925151 ], [ 85.9881341, 51.9250782 ], [ 85.9883434, 51.9249955 ], [ 85.9884453, 51.9249293 ], [ 85.9885257, 51.9248863 ], [ 85.9886223, 51.9248499 ], [ 85.989089, 51.9247308 ], [ 85.9891909, 51.9246944 ], [ 85.9892982, 51.9246415 ], [ 85.9893948, 51.924615 ], [ 85.9895128, 51.9246117 ], [ 85.9896308, 51.9246216 ], [ 85.9898186, 51.9246481 ], [ 85.9899795, 51.9246977 ], [ 85.9902048, 51.9247308 ], [ 85.9904623, 51.9247474 ], [ 85.9906447, 51.9247043 ], [ 85.9907466, 51.924668 ], [ 85.9909022, 51.9246613 ], [ 85.9911114, 51.9246911 ], [ 85.9913421, 51.9247341 ], [ 85.991503, 51.924754 ], [ 85.9918892, 51.924744 ], [ 85.9920394, 51.9247804 ], [ 85.9921789, 51.924797 ], [ 85.9923184, 51.9247705 ], [ 85.9926993, 51.9247606 ], [ 85.9928173, 51.9247771 ], [ 85.9929675, 51.9247672 ], [ 85.9930801, 51.9247738 ], [ 85.9931552, 51.9248267 ], [ 85.9931338, 51.9248995 ], [ 85.9930426, 51.9249558 ], [ 85.992946, 51.9249955 ], [ 85.9928548, 51.9250484 ], [ 85.9927636, 51.9250947 ], [ 85.9927636, 51.9251642 ], [ 85.9928548, 51.9252138 ], [ 85.9929514, 51.9252469 ], [ 85.9930426, 51.9252998 ], [ 85.9930694, 51.9253726 ], [ 85.9930265, 51.9254421 ], [ 85.9929353, 51.9254851 ], [ 85.9928119, 51.925495 ], [ 85.9927046, 51.9254586 ], [ 85.9926134, 51.9254057 ], [ 85.9925437, 51.9253494 ], [ 85.9923828, 51.9252667 ], [ 85.9922272, 51.9252568 ], [ 85.9921092, 51.9252667 ], [ 85.9917176, 51.9253296 ], [ 85.9916049, 51.9253362 ], [ 85.9914976, 51.9253197 ], [ 85.9913582, 51.9253296 ], [ 85.9910899, 51.9253825 ], [ 85.9908754, 51.9253991 ], [ 85.9906125, 51.9254388 ], [ 85.9904033, 51.9254255 ], [ 85.9902584, 51.9254222 ], [ 85.9900761, 51.9254454 ], [ 85.9899259, 51.9254718 ], [ 85.9897917, 51.9255413 ], [ 85.9897113, 51.9255976 ], [ 85.989604, 51.9256339 ], [ 85.98903, 51.9257431 ], [ 85.9889173, 51.9257696 ], [ 85.988692, 51.9257729 ], [ 85.9886116, 51.92572 ], [ 85.9886116, 51.9256505 ], [ 85.988692, 51.9256075 ], [ 85.9889334, 51.9255347 ], [ 85.9890139, 51.9254884 ], [ 85.9890783, 51.9254321 ], [ 85.9891748, 51.9253792 ], [ 85.9893519, 51.9253031 ], [ 85.9894699, 51.9251873 ], [ 85.9894913, 51.9251245 ], [ 85.9894055, 51.9250815 ], [ 85.9892875, 51.9250782 ], [ 85.9887028, 51.9252237 ] ] ] ] } },
{ "type": "Feature", "properties": { "fid": 137, "natural": "water", "Растительность": null, "Area": 0.49462116312065629, "Sum": 3980.1286288703418 }, "geometry": { "type": "MultiPolygon", "coordinates": [ [ [ [ 86.021196782171813, 51.961738988745097 ], [ 86.0211924, 51.9617361 ], [ 86.0211441, 51.9617113 ], [ 86.0210931, 51.9616948 ], [ 86.0209805, 51.9616816 ], [ 86.0209295, 51.9616849 ], [ 86.0208732, 51.9616932 ], [ 86.0208195, 51.9617113 ], [ 86.0207069, 51.961713 ], [ 86.0206506, 51.9617295 ], [ 86.020613, 51.9617527 ], [ 86.0206103, 51.9617874 ], [ 86.0206398, 51.9618171 ], [ 86.0206827, 51.9618485 ], [ 86.0207203, 51.9618799 ], [ 86.0207498, 51.961913 ], [ 86.0207552, 51.9619444 ], [ 86.0207874, 51.9620138 ], [ 86.0208034, 51.9620799 ], [ 86.02079, 51.9621444 ], [ 86.0207364, 51.9622055 ], [ 86.0206988, 51.9622369 ], [ 86.0206586, 51.9622601 ], [ 86.0206103, 51.9622782 ], [ 86.0205594, 51.9622915 ], [ 86.0204548, 51.9623063 ], [ 86.0203984, 51.9623096 ], [ 86.0202214, 51.962308 ], [ 86.0201678, 51.9623014 ], [ 86.0201168, 51.9622898 ], [ 86.0200685, 51.9622667 ], [ 86.020031, 51.9622402 ], [ 86.0199961, 51.9622138 ], [ 86.0199317, 51.9621543 ], [ 86.01987, 51.9620915 ], [ 86.0198137, 51.962027 ], [ 86.0197949, 51.9619956 ], [ 86.0197708, 51.9619593 ], [ 86.0197332, 51.9619031 ], [ 86.0197198, 51.9618667 ], [ 86.0197118, 51.9618336 ], [ 86.0197118, 51.9617973 ], [ 86.0197306, 51.9617494 ], [ 86.0198298, 51.9615791 ], [ 86.0199103, 51.9615262 ], [ 86.0200578, 51.9614618 ], [ 86.0202, 51.9613973 ], [ 86.0202455, 51.9613709 ], [ 86.0202858, 51.9613428 ], [ 86.0203502, 51.9612816 ], [ 86.0203743, 51.9612502 ], [ 86.0203877, 51.9612122 ], [ 86.0203931, 51.9611428 ], [ 86.020385, 51.9611097 ], [ 86.0203555, 51.9610304 ], [ 86.020318, 51.9609659 ], [ 86.020267, 51.9608982 ], [ 86.0202187, 51.9608238 ], [ 86.0201919, 51.9607941 ], [ 86.020157, 51.9607643 ], [ 86.0201007, 51.9607032 ], [ 86.0200953, 51.9606684 ], [ 86.0201088, 51.960599 ], [ 86.0201275, 51.960566 ], [ 86.0202563, 51.960442 ], [ 86.0203367, 51.9603776 ], [ 86.0204199, 51.96028 ], [ 86.0204387, 51.960242 ], [ 86.0204467, 51.9602073 ], [ 86.0204467, 51.9601693 ], [ 86.0204387, 51.9601313 ], [ 86.0204092, 51.9600586 ], [ 86.0203904, 51.9600272 ], [ 86.0203636, 51.9599577 ], [ 86.0203716, 51.959885 ], [ 86.0203823, 51.959852 ], [ 86.0204092, 51.9598189 ], [ 86.0204494, 51.9597892 ], [ 86.0204896, 51.9597561 ], [ 86.0205325, 51.959733 ], [ 86.0205835, 51.9597131 ], [ 86.0206908, 51.9596801 ], [ 86.0208678, 51.959652 ], [ 86.0210985, 51.9596024 ], [ 86.0211495, 51.9595875 ], [ 86.021246, 51.9595429 ], [ 86.0212916, 51.9595148 ], [ 86.0213265, 51.9594834 ], [ 86.0213506, 51.9594536 ], [ 86.0213748, 51.9594189 ], [ 86.0214016, 51.9593859 ], [ 86.0214257, 51.9593528 ], [ 86.0214767, 51.95929 ], [ 86.0215116, 51.9592536 ], [ 86.0215411, 51.9592206 ], [ 86.0216027, 51.9591594 ], [ 86.0216296, 51.9591247 ], [ 86.021525, 51.9592272 ], [ 86.0214901, 51.959252 ], [ 86.0214552, 51.9592834 ], [ 86.0214096, 51.9593462 ], [ 86.0213479, 51.9594074 ], [ 86.0213265, 51.9594404 ], [ 86.021297, 51.9594718 ], [ 86.0212594, 51.9594999 ], [ 86.0211199, 51.9595594 ], [ 86.02101, 51.9595809 ], [ 86.0209563, 51.9595859 ], [ 86.0209027, 51.9595859 ], [ 86.0208169, 51.9595991 ], [ 86.0207123, 51.9596272 ], [ 86.0206157, 51.9596652 ], [ 86.0205406, 51.9596685 ], [ 86.0204279, 51.959685 ], [ 86.0203797, 51.9597049 ], [ 86.0203475, 51.959733 ], [ 86.0203126, 51.9597925 ], [ 86.0203126, 51.9598404 ], [ 86.0203019, 51.9598999 ], [ 86.0202563, 51.9599941 ], [ 86.0202536, 51.9600288 ], [ 86.0202616, 51.9600619 ], [ 86.0202938, 51.9601296 ], [ 86.0202992, 51.9601677 ], [ 86.0202965, 51.9601991 ], [ 86.0202831, 51.9602321 ], [ 86.0202429, 51.9602966 ], [ 86.0201678, 51.9603891 ], [ 86.0201409, 51.9604222 ], [ 86.0200229, 51.9605412 ], [ 86.0200015, 51.9605709 ], [ 86.0199961, 51.9606073 ], [ 86.0200068, 51.960642 ], [ 86.0200632, 51.9607362 ], [ 86.0201785, 51.960885 ], [ 86.0202429, 51.9609593 ], [ 86.0202643, 51.9609907 ], [ 86.0202911, 51.9610684 ], [ 86.0202885, 51.9611378 ], [ 86.0202697, 51.9611924 ], [ 86.0202241, 51.9612502 ], [ 86.0201839, 51.9612932 ], [ 86.0201275, 51.9613296 ], [ 86.0198888, 51.9614469 ], [ 86.0197976, 51.9614849 ], [ 86.019752, 51.9615097 ], [ 86.0196716, 51.9615609 ], [ 86.0196394, 51.9615874 ], [ 86.019583, 51.9616485 ], [ 86.0195643, 51.9616799 ], [ 86.0195535, 51.961713 ], [ 86.0195428, 51.9617857 ], [ 86.0195428, 51.961827 ], [ 86.0195535, 51.9618998 ], [ 86.019575, 51.9619345 ], [ 86.0196903, 51.9620915 ], [ 86.0197225, 51.9621245 ], [ 86.0197654, 51.9621576 ], [ 86.0198432, 51.9622121 ], [ 86.0198888, 51.9622419 ], [ 86.019921, 51.9622683 ], [ 86.0200229, 51.9623675 ], [ 86.0200658, 51.9623939 ], [ 86.0201195, 51.9624104 ], [ 86.0202375, 51.9624121 ], [ 86.0204843, 51.9623658 ], [ 86.0205379, 51.9623576 ], [ 86.0205916, 51.9623559 ], [ 86.0206479, 51.9623476 ], [ 86.0207605, 51.962308 ], [ 86.0208008, 51.9622782 ], [ 86.0208276, 51.9622402 ], [ 86.0208464, 51.9622072 ], [ 86.0208732, 51.9621311 ], [ 86.0208946, 51.9620964 ], [ 86.0209376, 51.9620617 ], [ 86.0210395, 51.9620088 ], [ 86.021105090306378, 51.961965837584856 ], [ 86.021196782171813, 51.961738988745097 ] ] ] ] } },
{ "type": "Feature", "properties": { "fid": 138, "natural": "wood", "Растительность": null, "Area": 1.2118127762687392, "Sum": 3980.1286288703418 }, "geometry": { "type": "MultiPolygon", "coordinates": [ [ [ [ 85.9994799, 51.9241717 ], [ 85.9993941, 51.9239534 ], [ 85.9994101, 51.9238806 ], [ 85.9993887, 51.9238111 ], [ 85.9993243, 51.9237549 ], [ 85.9992331, 51.9237086 ], [ 85.9991795, 51.923649 ], [ 85.9992009, 51.9235795 ], [ 85.9992975, 51.9235531 ], [ 85.9994048, 51.9235465 ], [ 85.999496, 51.9235001 ], [ 85.9995228, 51.923434 ], [ 85.9995764, 51.9233711 ], [ 85.9996569, 51.9233215 ], [ 85.9997535, 51.9232785 ], [ 85.9998339, 51.9232289 ], [ 85.9999251, 51.9231892 ], [ 86.0000485, 51.9231759 ], [ 86.0001665, 51.9231925 ], [ 86.0003006, 51.9233049 ], [ 86.0004133, 51.9233281 ], [ 86.0004777, 51.9233877 ], [ 86.0005152, 51.9234538 ], [ 86.0005581, 51.9235928 ], [ 86.0005474, 51.9236689 ], [ 86.000585, 51.9237317 ], [ 86.0006922, 51.9237681 ], [ 86.0007942, 51.9238111 ], [ 86.0008264, 51.9238806 ], [ 86.000821, 51.9239501 ], [ 86.0008424, 51.9240195 ], [ 86.0009175, 51.9240692 ], [ 86.000939, 51.9241386 ], [ 86.0009444, 51.9242048 ], [ 86.0009068, 51.9242743 ], [ 86.0008371, 51.9243305 ], [ 86.0007459, 51.9243702 ], [ 86.0006386, 51.9243702 ], [ 86.0004562, 51.9242974 ], [ 86.0003328, 51.924304 ], [ 86.000247, 51.9243537 ], [ 86.0003328, 51.9244033 ], [ 86.0004294, 51.9244397 ], [ 86.0005045, 51.924486 ], [ 86.0005474, 51.9245522 ], [ 86.0005367, 51.9246216 ], [ 86.0004348, 51.9246514 ], [ 86.0003221, 51.9246382 ], [ 86.0002148, 51.9246779 ], [ 86.0000485, 51.9247738 ], [ 85.9999412, 51.924744 ], [ 85.9998554, 51.924701 ], [ 85.9997696, 51.9245786 ], [ 85.9997857, 51.9245059 ], [ 85.9998393, 51.9244463 ], [ 85.9998715, 51.9243801 ], [ 85.9998286, 51.9243206 ], [ 85.9997481, 51.9242743 ], [ 85.9994799, 51.9241717 ] ] ] ] } },
{ "type": "Feature", "properties": { "fid": 139, "natural": "wood", "Растительность": null, "Area": 0.88258061164226387, "Sum": 3980.1286288703418 }, "geometry": { "type": "MultiPolygon", "coordinates": [ [ [ [ 85.9981871, 51.9232057 ], [ 85.9982246, 51.9234141 ], [ 85.9981388, 51.923477 ], [ 85.9980208, 51.9234704 ], [ 85.9979349, 51.9234174 ], [ 85.9978598, 51.9233049 ], [ 85.9976613, 51.923252 ], [ 85.9975433, 51.9232719 ], [ 85.997436, 51.9232983 ], [ 85.9973127, 51.9232851 ], [ 85.9972215, 51.9232421 ], [ 85.997141, 51.9231925 ], [ 85.9969425, 51.9231131 ], [ 85.9969372, 51.9230436 ], [ 85.9970069, 51.922994 ], [ 85.9971034, 51.9229543 ], [ 85.997318, 51.9229046 ], [ 85.9974146, 51.9228682 ], [ 85.997479, 51.9228153 ], [ 85.9976023, 51.9227988 ], [ 85.9977204, 51.9227922 ], [ 85.9979457, 51.9227458 ], [ 85.9980208, 51.9226995 ], [ 85.998069, 51.9226433 ], [ 85.9980637, 51.9225672 ], [ 85.9980261, 51.9224977 ], [ 85.998069, 51.9224315 ], [ 85.9981817, 51.9224481 ], [ 85.9982783, 51.9224977 ], [ 85.9983855, 51.9226267 ], [ 85.9984606, 51.9226764 ], [ 85.9985626, 51.9227028 ], [ 85.9986806, 51.9227128 ], [ 85.9987825, 51.9227061 ], [ 85.9988844, 51.9226697 ], [ 85.9989488, 51.9226168 ], [ 85.9989917, 51.922554 ], [ 85.999099, 51.9224415 ], [ 85.9992063, 51.9224282 ], [ 85.9992868, 51.9225639 ], [ 85.9993619, 51.9226201 ], [ 85.9993941, 51.9226863 ], [ 85.999335, 51.9227525 ], [ 85.9990936, 51.9229079 ], [ 85.9989649, 51.923037 ], [ 85.9988898, 51.9230899 ], [ 85.9987611, 51.9231197 ], [ 85.9986484, 51.9231362 ], [ 85.9981871, 51.9232057 ] ] ] ] } },
{ "type": "Feature", "properties": { "fid": 140, "natural": "wood", "Растительность": null, "Area": 0.82345168129126545, "Sum": 3980.1286288703418 }, "geometry": { "type": "MultiPolygon", "coordinates": [ [ [ [ 86.0166353, 51.9214125 ], [ 86.0165629, 51.9214374 ], [ 86.0164288, 51.9214374 ], [ 86.0163805, 51.9214175 ], [ 86.0163832, 51.9213844 ], [ 86.016418, 51.921353 ], [ 86.0165951, 51.921257 ], [ 86.0201248, 51.9202049 ], [ 86.0201812, 51.9201884 ], [ 86.0202348, 51.9201768 ], [ 86.0202885, 51.9201719 ], [ 86.0203931, 51.9201983 ], [ 86.0204467, 51.9202198 ], [ 86.0205701, 51.920238 ], [ 86.0206452, 51.9202645 ], [ 86.0206774, 51.9202959 ], [ 86.0208464, 51.9203174 ], [ 86.0209349, 51.9203422 ], [ 86.0212004, 51.92042 ], [ 86.0213694, 51.9204481 ], [ 86.0214284, 51.9204779 ], [ 86.0214633, 51.9205044 ], [ 86.0215089, 51.9205259 ], [ 86.0215571, 51.9205408 ], [ 86.0215867, 51.9205722 ], [ 86.0215867, 51.9206119 ], [ 86.0215491, 51.9206847 ], [ 86.0215223, 51.9207145 ], [ 86.0214686, 51.920736 ], [ 86.0214418, 51.9207657 ], [ 86.0214069, 51.9207955 ], [ 86.021356, 51.9208154 ], [ 86.021246, 51.9208187 ], [ 86.021187, 51.9208087 ], [ 86.0211307, 51.9208054 ], [ 86.021077, 51.9208121 ], [ 86.0209778, 51.9208584 ], [ 86.0209134, 51.9208749 ], [ 86.0208544, 51.9208882 ], [ 86.02079, 51.9208882 ], [ 86.0207337, 51.9208749 ], [ 86.0206801, 51.9208584 ], [ 86.0206345, 51.9208336 ], [ 86.0206076, 51.9208054 ], [ 86.0206023, 51.9207674 ], [ 86.0206103, 51.9207012 ], [ 86.0205996, 51.9206665 ], [ 86.0205245, 51.9206086 ], [ 86.020503, 51.9205755 ], [ 86.0204869, 51.9205011 ], [ 86.0204762, 51.920468 ], [ 86.0204467, 51.9204349 ], [ 86.0203207, 51.9203604 ], [ 86.0202724, 51.9203373 ], [ 86.0202187, 51.9203191 ], [ 86.0201544, 51.920329 ], [ 86.020098, 51.9203406 ], [ 86.0200417, 51.9203588 ], [ 86.0166353, 51.9214125 ] ] ] ] } },
{ "type": "Feature", "properties": { "fid": 141, "natural": "wood", "Растительность": null, "Area": 0.19445017861030064, "Sum": 3980.1286288703418 }, "geometry": { "type": "MultiPolygon", "coordinates": [ [ [ [ 86.0146317, 51.9220147 ], [ 86.014578, 51.9220296 ], [ 86.0144976, 51.9220312 ], [ 86.0144493, 51.922018 ], [ 86.0144412, 51.9219849 ], [ 86.0144976, 51.9219419 ], [ 86.0145619, 51.9219105 ], [ 86.0161391, 51.921401 ], [ 86.0162303, 51.9213811 ], [ 86.0162759, 51.9213993 ], [ 86.0162812, 51.9214324 ], [ 86.0161954, 51.9215201 ], [ 86.0161149, 51.9215697 ], [ 86.0160667, 51.9215879 ], [ 86.0146317, 51.9220147 ] ] ] ] } },
{ "type": "Feature", "properties": { "fid": 142, "natural": "wood", "Растительность": null, "Area": 0.26853711394201962, "Sum": 3980.1286288703418 }, "geometry": { "type": "MultiPolygon", "coordinates": [ [ [ [ 86.010535305405114, 51.923282522740308 ], [ 86.0105011, 51.9233016 ], [ 86.0104662, 51.9233298 ], [ 86.0105011, 51.9233678 ], [ 86.0105816, 51.9233744 ], [ 86.0106352, 51.9233695 ], [ 86.0106808, 51.9233513 ], [ 86.0141972, 51.9220891 ], [ 86.0142508, 51.9220544 ], [ 86.0142642, 51.9220196 ], [ 86.0141784, 51.9220279 ], [ 86.0141328, 51.9220478 ], [ 86.010893584154161, 51.923155261388921 ], [ 86.010535305405114, 51.923282522740308 ] ] ] ] } },
{ "type": "Feature", "properties": { "fid": 143, "natural": "wood", "Растительность": null, "Area": 7.8097954885721208, "Sum": 3980.1286288703418 }, "geometry": { "type": "MultiPolygon", "coordinates": [ [ [ [ 85.9431696, 51.9694554 ], [ 85.9429335, 51.9690589 ], [ 85.9430837, 51.968649 ], [ 85.9432769, 51.9685036 ], [ 85.9438133, 51.968345 ], [ 85.9439635, 51.9681863 ], [ 85.9440064, 51.9679748 ], [ 85.9437489, 51.9678558 ], [ 85.94244, 51.9676972 ], [ 85.9418821, 51.968226 ], [ 85.9415817, 51.9682128 ], [ 85.9413242, 51.9681202 ], [ 85.9408736, 51.9678294 ], [ 85.9407878, 51.9676311 ], [ 85.9407663, 51.9670626 ], [ 85.940938, 51.9666925 ], [ 85.9411311, 51.9665602 ], [ 85.9414315, 51.9665735 ], [ 85.9420323, 51.9667586 ], [ 85.9425044, 51.9670362 ], [ 85.9434271, 51.9670626 ], [ 85.9436416, 51.9669304 ], [ 85.9437275, 51.9665338 ], [ 85.9436202, 51.9661768 ], [ 85.9437918, 51.9660182 ], [ 85.9440708, 51.9659653 ], [ 85.944972, 51.966005 ], [ 85.9457874, 51.9662033 ], [ 85.9460664, 51.9662033 ], [ 85.9461307, 51.9663884 ], [ 85.9458947, 51.966547 ], [ 85.946002, 51.9667453 ], [ 85.9465813, 51.966904 ], [ 85.9466028, 51.9673006 ], [ 85.9462166, 51.9675914 ], [ 85.9458947, 51.9676311 ], [ 85.9454441, 51.9679087 ], [ 85.9450364, 51.9686623 ], [ 85.9440923, 51.9694687 ], [ 85.9438562, 51.9696009 ], [ 85.9435344, 51.9696273 ], [ 85.9431696, 51.9694554 ] ] ] ] } },
{ "type": "Feature", "properties": { "fid": 144, "natural": "wood", "Растительность": null, "Area": 10.938720041842386, "Sum": 3980.1286288703418 }, "geometry": { "type": "MultiPolygon", "coordinates": [ [ [ [ 85.9119, 51.9745341 ], [ 85.913988962958356, 51.97443397667471 ], [ 85.91547342708958, 51.973577756864444 ], [ 85.916492629382333, 51.973451578607907 ], [ 85.917077240854823, 51.973226111225756 ], [ 85.917655308498013, 51.972839108339407 ], [ 85.918784610649539, 51.972683539343905 ], [ 85.918357494301858, 51.97235030600617 ], [ 85.917315960440291, 51.972205407554256 ], [ 85.916140275356625, 51.972536858222426 ], [ 85.91574342743948, 51.971750026153458 ], [ 85.914813175016704, 51.971892367683061 ], [ 85.914287653436347, 51.972797804980502 ], [ 85.913773912466127, 51.973353625500309 ], [ 85.912265243749133, 51.973557793444833 ], [ 85.91278053097426, 51.973214800439301 ], [ 85.912513414403676, 51.972883197555284 ], [ 85.911351725733027, 51.972985234198113 ], [ 85.910295324616683, 51.973350259365425 ], [ 85.909204, 51.9737976 ], [ 85.9084508, 51.974102 ], [ 85.9076354, 51.9741284 ], [ 85.9074423, 51.9739566 ], [ 85.907571, 51.9736261 ], [ 85.9083757, 51.9729652 ], [ 85.9082249, 51.972682 ], [ 85.9078709, 51.9725763 ], [ 85.9075812, 51.9727878 ], [ 85.9074847, 51.9732702 ], [ 85.9066913, 51.973494 ], [ 85.9058008, 51.9741284 ], [ 85.906010325362274, 51.974376890927196 ], [ 85.908763280777379, 51.974546293626382 ], [ 85.9093198, 51.9742342 ], [ 85.9097275, 51.9741813 ], [ 85.909194505909468, 51.974572829000302 ], [ 85.911860413462279, 51.97473687522232 ], [ 85.9119, 51.9745341 ] ] ] ] } },
{ "type": "Feature", "properties": { "fid": 145, "natural": "garden", "Растительность": null, "Area": 18.788408741689381, "Sum": 3980.1286288703418 }, "geometry": { "type": "MultiPolygon", "coordinates": [ [ [ [ 85.936780013990273, 51.959654283962301 ], [ 85.937711649286882, 51.959640683776712 ], [ 85.938554253022957, 51.959568866178898 ], [ 85.939150242518039, 51.959369495730115 ], [ 85.939983014486387, 51.959484401063705 ], [ 85.940141697056376, 51.959828398033856 ], [ 85.939933692266806, 51.960333898693627 ], [ 85.940125169808582, 51.960941702179696 ], [ 85.940119040297034, 51.96157651503357 ], [ 85.939811889194957, 51.962356367438481 ], [ 85.939635459884386, 51.963080972105772 ], [ 85.938968655395129, 51.964436157985915 ], [ 85.938397414565472, 51.964838931596539 ], [ 85.937177072209352, 51.965214263780062 ], [ 85.936474129301857, 51.965167673027658 ], [ 85.935658625661191, 51.96490411317005 ], [ 85.935095582788705, 51.964279189254221 ], [ 85.934736647020998, 51.963474735717838 ], [ 85.934581579151541, 51.962950693649745 ], [ 85.934570886700726, 51.962402808428109 ], [ 85.934817652592557, 51.961442226927822 ], [ 85.935383242323596, 51.960754301839287 ], [ 85.936336936363361, 51.960142510167067 ], [ 85.936780013990273, 51.959654283962301 ] ] ] ] } },
{ "type": "Feature", "properties": { "fid": 146, "natural": "garden", "Растительность": null, "Area": 23.893795185061546, "Sum": 3980.1286288703418 }, "geometry": { "type": "MultiPolygon", "coordinates": [ [ [ [ 85.943702195570367, 51.971092389390279 ], [ 85.943971358697667, 51.970874121010382 ], [ 85.944043018351124, 51.970881918701409 ], [ 85.944287373011392, 51.970575217724104 ], [ 85.944410614465156, 51.970167941179639 ], [ 85.944554782724964, 51.969745990802274 ], [ 85.944635827780786, 51.969628867732496 ], [ 85.945290530762904, 51.969041319178856 ], [ 85.946411356266537, 51.968458129748726 ], [ 85.947033292030923, 51.968349851132416 ], [ 85.949123573131331, 51.968708580819822 ], [ 85.950783918199917, 51.969177536483336 ], [ 85.950885411648827, 51.969965503828355 ], [ 85.950687935929011, 51.970934589130863 ], [ 85.950022546361225, 51.971560326111856 ], [ 85.949368371434943, 51.972128128239 ], [ 85.94657059192437, 51.973313305440172 ], [ 85.946064570498393, 51.973761306931848 ], [ 85.9459594, 51.9744157 ], [ 85.945633404815069, 51.974841775887917 ], [ 85.944847691191981, 51.975044357336024 ], [ 85.944114436076092, 51.975137351164051 ], [ 85.943600487946981, 51.97529507449493 ], [ 85.943150049585554, 51.975201209399152 ], [ 85.943015952299916, 51.974976629646541 ], [ 85.943035169470008, 51.974665063897504 ], [ 85.943863912420085, 51.974163802674951 ], [ 85.943582586412504, 51.973077562633463 ], [ 85.943425242938503, 51.972548401025627 ], [ 85.943480052875628, 51.971900100384296 ], [ 85.943702195570367, 51.971092389390279 ] ] ] ] } },
{ "type": "Feature", "properties": { "fid": 147, "natural": "garden", "Растительность": "", "Area": 12.658578624193371, "Sum": 3980.1286288703418 }, "geometry": { "type": "MultiPolygon", "coordinates": [ [ [ [ 85.8931538, 51.9264647 ], [ 85.894170799999984, 51.9267907 ], [ 85.896417099999979, 51.9268222 ], [ 85.901114, 51.9261611 ], [ 85.9027567, 51.9263434 ], [ 85.903893899999986, 51.9268666 ], [ 85.9040202, 51.9275344 ], [ 85.90480853728053, 51.927449333999455 ], [ 85.905832178092169, 51.927006251915714 ], [ 85.904818379980668, 51.926107935089135 ], [ 85.903548671666201, 51.925330997929024 ], [ 85.903163699999979, 51.9243434 ], [ 85.901426799999982, 51.923720899999985 ], [ 85.900819199999987, 51.9242168 ], [ 85.8994434, 51.9246466 ], [ 85.8983534, 51.9252967 ], [ 85.896477299999987, 51.92609 ], [ 85.8950121, 51.9263214 ], [ 85.893582699999982, 51.9260239 ], [ 85.8931538, 51.9264647 ] ] ] ] } },
{ "type": "Feature", "properties": { "fid": 148, "natural": "garden", "Растительность": "", "Area": 3.3602535850882531, "Sum": 3980.1286288703418 }, "geometry": { "type": "MultiPolygon", "coordinates": [ [ [ [ 85.8917785, 51.9222658 ], [ 85.892490398090501, 51.922836210345658 ], [ 85.892692173442811, 51.923103298855636 ], [ 85.89354729999998, 51.9235904 ], [ 85.894128499999979, 51.9232788 ], [ 85.8954931, 51.9231697 ], [ 85.895366699999983, 51.922826799999989 ], [ 85.8962764, 51.9223281 ], [ 85.895796299999986, 51.9218606 ], [ 85.8944823, 51.9218138 ], [ 85.8928903, 51.922312499999983 ], [ 85.8917785, 51.9222658 ] ] ] ] } },
{ "type": "Feature", "properties": { "fid": 149, "natural": "wood", "Растительность": "", "Area": 35.612487836360934, "Sum": 3980.1286288703418 }, "geometry": { "type": "MultiPolygon", "coordinates": [ [ [ [ 85.9648426, 51.9271892 ], [ 85.9653496, 51.9275496 ], [ 85.961571699999979, 51.9269514 ], [ 85.957461899999984, 51.926943499999986 ], [ 85.954922, 51.9267783 ], [ 85.953237299999984, 51.9269986 ], [ 85.952924576777761, 51.926632967039339 ], [ 85.952496419322912, 51.926611723091227 ], [ 85.951748374114416, 51.926675454905428 ], [ 85.951487542561424, 51.926596548836407 ], [ 85.95187632921585, 51.926478189472782 ], [ 85.952265115870276, 51.926362864664412 ], [ 85.952225745069839, 51.926153458333786 ], [ 85.952181452919319, 51.926065446685826 ], [ 85.951526913361889, 51.9260806211202 ], [ 85.951187340207994, 51.926047237357814 ], [ 85.950882216504553, 51.926205051288541 ], [ 85.950724733302735, 51.926250574434683 ], [ 85.950621384951603, 51.926205051288541 ], [ 85.950641070351821, 51.926004748897029 ], [ 85.950537722000647, 51.925944051026143 ], [ 85.950390081498981, 51.926047237357807 ], [ 85.950050508345115, 51.926205051288541 ], [ 85.949833968942642, 51.926247539559689 ], [ 85.949666643040757, 51.92617773737868 ], [ 85.949533766589227, 51.926205051288541 ], [ 85.949120373184527, 51.926359829797029 ], [ 85.948313271775319, 51.926198981532238 ], [ 85.947545541166619, 51.926065446685826 ], [ 85.94723057476304, 51.925874248373162 ], [ 85.946959900509967, 51.925667874677245 ], [ 85.94572464164591, 51.925528268403696 ], [ 85.945173450439654, 51.925497919156335 ], [ 85.944499225482005, 51.925239949725231 ], [ 85.945005, 51.9244957 ], [ 85.9468301, 51.9240549 ], [ 85.9507456, 51.924117 ], [ 85.951485599999984, 51.9237608 ], [ 85.9511607, 51.9228146 ], [ 85.949175199999985, 51.9227701 ], [ 85.9466302, 51.9229816 ], [ 85.9449696, 51.9224695 ], [ 85.9450599, 51.9219575 ], [ 85.9475146, 51.9213563 ], [ 85.9495723, 51.9217682 ], [ 85.951287099999988, 51.9216903 ], [ 85.9530921, 51.9232376 ], [ 85.9548971, 51.9239946 ], [ 85.9565938, 51.9243174 ], [ 85.958723699999979, 51.9252524 ], [ 85.9648426, 51.9271892 ] ] ] ] } },
{ "type": "Feature", "properties": { "fid": 150, "natural": "Лес", "Растительность": "Лес", "Area": 7.6777808864502237, "Sum": 3980.1286288703418 }, "geometry": { "type": "MultiPolygon", "coordinates": [ [ [ [ 85.896031066173691, 51.959273839217445 ], [ 85.89663952505947, 51.959312896014197 ], [ 85.89788179528459, 51.959203536897547 ], [ 85.898464901716807, 51.959094177514146 ], [ 85.899022655695447, 51.959141045853983 ], [ 85.899808581756233, 51.959867498855836 ], [ 85.899504352313343, 51.959929988886756 ], [ 85.899022655695447, 51.959601915252563 ], [ 85.898312786995362, 51.959609726557488 ], [ 85.897514184707774, 51.959875310114462 ], [ 85.897007135636301, 51.960211192947966 ], [ 85.897070516770242, 51.960632995732368 ], [ 85.897146574130943, 51.960922006459938 ], [ 85.897260660172037, 51.961187582242481 ], [ 85.898160672273931, 51.961234448393725 ], [ 85.898845188520426, 51.961453156451654 ], [ 85.899466323632979, 51.961726540023463 ], [ 85.899415618725826, 51.961882758458785 ], [ 85.898857864747185, 51.961843703900996 ], [ 85.89822405340783, 51.961984300149808 ], [ 85.897793061697101, 51.962281113004671 ], [ 85.897324041305978, 51.96223424794772 ], [ 85.897019811863089, 51.962515437554458 ], [ 85.896956430729148, 51.962788814647681 ], [ 85.896728258646988, 51.962765382390735 ], [ 85.896221209575486, 51.962905975748676 ], [ 85.896018389946917, 51.963023136543427 ], [ 85.89533387370038, 51.962499815955908 ], [ 85.895105701618235, 51.962070219862532 ], [ 85.894471890278865, 51.96136723555616 ], [ 85.89461132877355, 51.961125093964625 ], [ 85.894763443494966, 51.960789217978665 ], [ 85.894852177082498, 51.960578317817543 ], [ 85.89461132877355, 51.960273682499789 ], [ 85.895105701618235, 51.960312738425451 ], [ 85.895612750689736, 51.960164325726915 ], [ 85.895840922771896, 51.959984667592366 ], [ 85.895815570318319, 51.959695650821615 ], [ 85.895562045782583, 51.959422254864073 ], [ 85.895118377845023, 51.959226971016435 ], [ 85.894915558216439, 51.959070743325846 ], [ 85.895752189184378, 51.959297273299569 ], [ 85.896031066173691, 51.959273839217445 ] ] ] ] } },
{ "type": "Feature", "properties": { "fid": 151, "natural": "wood", "Растительность": "Лес", "Area": 1.0667935365244747, "Sum": 3980.1286288703418 }, "geometry": { "type": "MultiPolygon", "coordinates": [ [ [ [ 85.909708714876984, 51.960019818153604 ], [ 85.910012944319874, 51.960000290067413 ], [ 85.910317173762763, 51.960031535001228 ], [ 85.910558022071712, 51.960094024803503 ], [ 85.911033380576242, 51.960488489669821 ], [ 85.911331271905752, 51.960644712419722 ], [ 85.91142000549327, 51.960898573227112 ], [ 85.911331271905752, 51.961004022678352 ], [ 85.911096761710184, 51.960941534144602 ], [ 85.910577036411908, 51.960586128952315 ], [ 85.910095339793983, 51.960476772941639 ], [ 85.909734067330561, 51.960422094836275 ], [ 85.909303075619817, 51.960363511077944 ], [ 85.90843475408488, 51.960351794317077 ], [ 85.908035452941107, 51.960273682499789 ], [ 85.907350936694584, 51.960179948139384 ], [ 85.906996002344542, 51.960004195685343 ], [ 85.907027692911527, 51.959836253807701 ], [ 85.907072059705271, 51.959832348175148 ], [ 85.907369951034781, 51.959976856352782 ], [ 85.907572770663378, 51.960015912537045 ], [ 85.907915028786633, 51.960004195685343 ], [ 85.908143200868793, 51.960070591137864 ], [ 85.908301653703631, 51.960179948139384 ], [ 85.908643911826886, 51.960160420122953 ], [ 85.9088910982492, 51.960078402361091 ], [ 85.909062227310841, 51.960086213582976 ], [ 85.909461528454642, 51.960039346231277 ], [ 85.909708714876984, 51.960019818153604 ] ] ] ] } },
{ "type": "Feature", "properties": { "fid": 152, "natural": "wood", "Растительность": "wood", "Area": null, "Sum": null }, "geometry": { "type": "MultiPolygon", "coordinates": [ [ [ [ 85.987760464119191, 51.962818478628208 ], [ 85.990560195599841, 51.964215454557191 ], [ 85.989479031281675, 51.96475235899004 ], [ 85.989083680150401, 51.964742416373809 ], [ 85.988123541688751, 51.964215454557191 ], [ 85.987179540007972, 51.964807043339924 ], [ 85.986840667609727, 51.964642990090155 ], [ 85.986961693466213, 51.964270139562103 ], [ 85.985759503291547, 51.963713343666065 ], [ 85.9852269895229, 51.96401162804198 ], [ 85.984775159658554, 51.964324824500324 ], [ 85.98432332979425, 51.964051399142122 ], [ 85.984044970324277, 51.963618886533204 ], [ 85.983923944467776, 51.963360371256982 ], [ 85.983790816025589, 51.962835878952035 ], [ 85.983827123782575, 51.962694190404427 ], [ 85.98498897200507, 51.962040428673589 ], [ 85.986219401546322, 51.962027999650978 ], [ 85.986578444920625, 51.962134889132756 ], [ 85.987381249768788, 51.962455556048752 ], [ 85.987288463278787, 51.962617131532632 ], [ 85.987619267286618, 51.962808535583001 ], [ 85.987760464119191, 51.962818478628208 ] ] ] ] } }
]
}
